mtllib model_78.mtl
o model_78
v -0.0587102510035038 1.2084081172943115 -0.12767387926578522 
v -0.05834632366895676 1.205819010734558 -0.1344510316848755 
v -0.05852828919887543 1.205819010734558 -0.12758271396160126 
v -0.05834632366895676 1.2025655508041382 -0.1344510316848755 
v -0.05834632366895676 1.2025655508041382 -0.14174482226371765 
v -0.05834632366895676 1.1987156867980957 -0.14174482226371765 
v -0.05834632366895676 1.1987156867980957 -0.14906899631023407 
v -0.058406978845596313 1.1946624517440796 -0.14906899631023407 
v -0.058588940650224686 1.1946624517440796 -0.1559373289346695 
v -0.05864959582686424 1.1908938884735107 -0.1559981107711792 
v -0.05907417833805084 1.1908938884735107 -0.16195470094680786 
v -0.05925614386796951 1.1878844499588013 -0.16207626461982727 
v -0.06010530889034271 1.1878844499588013 -0.16666527092456818 
v -0.06034792587161064 1.1860544681549072 -0.16687801480293274 
v -0.05949876084923744 1.1860544681549072 -0.16225861012935638 
v -0.05883156135678291 1.1878844499588013 -0.1560588926076889 
v -0.05846763402223587 1.1908938884735107 -0.14909939467906952 
v -0.05834632366895676 1.1946624517440796 -0.14174482226371765 
v -0.05834632366895676 1.1987156867980957 -0.13442063331604004 
v -0.05852828919887543 1.2025655508041382 -0.12758271396160126 
v -0.05852828919887543 1.1987156867980957 -0.12758271396160126 
v -0.058406978845596313 1.1946624517440796 -0.13442063331604004 
v -0.05846763402223587 1.1908938884735107 -0.14174482226371765 
v -0.05864959582686424 1.1878844499588013 -0.14916017651557922 
v -0.05907417833805084 1.1860544681549072 -0.15621083974838257 
v -0.059862688183784485 1.1855800151824951 -0.16247133910655975 
v -0.06065119802951813 1.1855800151824951 -0.1671515256166458 
v -0.061561018228530884 1.1855800151824951 -0.1700994372367859 
v -0.061318401247262955 1.1860544681549072 -0.16979552805423737 
v -0.061136435717344284 1.1878844499588013 -0.1695220172405243 
v -0.0599839985370636 1.1908938884735107 -0.1665133237838745 
v -0.059013523161411285 1.1946624517440796 -0.16189391911029816 
v -0.05852828919887543 1.1987156867980957 -0.1559373289346695 
v -0.05834632366895676 1.2025655508041382 -0.14906899631023407 
v -0.05834632366895676 1.205819010734558 -0.14174482226371765 
v -0.05852828919887543 1.208435297012329 -0.1344510316848755 
v -0.0591348335146904 1.2103601694107056 -0.12782584130764008 
v -0.059013523161411285 1.21042799949646 -0.1344510316848755 
v -0.05852828919887543 1.208435297012329 -0.14174482226371765 
v -0.05834632366895676 1.205819010734558 -0.14906899631023407 
v -0.05852828919887543 1.2025655508041382 -0.1559373289346695 
v -0.059013523161411285 1.1987156867980957 -0.1618635356426239 
v -0.05992334336042404 1.1946624517440796 -0.16642214357852936 
v -0.06101512536406517 1.1908938884735107 -0.16937005519866943 
v -0.060287270694971085 1.1878844499588013 -0.17101116478443146 
v -0.060469236224889755 1.1860544681549072 -0.17128467559814453 
v -0.0553135946393013 1.1860544681549072 -0.17183171212673187 
v -0.055434904992580414 1.1855800151824951 -0.17216600477695465 
v -0.06059054285287857 1.1855800151824951 -0.1716189831495285 
v -0.05525293946266174 1.1878844499588013 -0.1715582013130188 
v -0.06022661551833153 1.1908938884735107 -0.17082881927490234 
v -0.06095447018742561 1.1946624517440796 -0.16927888989448547 
v -0.059862688183784485 1.1987156867980957 -0.1663917601108551 
v -0.05895287171006203 1.2025655508041382 -0.1618635356426239 
v -0.05852828919887543 1.205819010734558 -0.15590693056583405 
v -0.05852828919887543 1.208435297012329 -0.14906899631023407 
v -0.05895287171006203 1.21042799949646 -0.14174482226371765 
v -0.05992334336042404 1.2118241786956787 -0.13448141515254974 
v -0.0599839985370636 1.211715817451477 -0.12788662314414978 
v -0.060287270694971085 1.2114311456680298 -0.12268979102373123 
v -0.059559416025877 1.2102110385894775 -0.12235549092292786 
v -0.0591348335146904 1.2083674669265747 -0.12189962714910507 
v -0.059013523161411285 1.2058054208755493 -0.1216868907213211 
v -0.05895287171006203 1.2025655508041382 -0.12165649980306625 
v -0.059013523161411285 1.1987156867980957 -0.12165649980306625 
v -0.058588940650224686 1.1946624517440796 -0.1275523155927658 
v -0.05846763402223587 1.1908938884735107 -0.13442063331604004 
v -0.05864959582686424 1.1878844499588013 -0.14174482226371765 
v -0.05895287171006203 1.1860544681549072 -0.14922095835208893 
v -0.059438105672597885 1.1855800151824951 -0.15636280179023743 
v -0.06016596034169197 1.1865967512130737 -0.16271446645259857 
v -0.060893818736076355 1.1865967512130737 -0.16745543479919434 
v -0.06180363520979881 1.1865967512130737 -0.1704033464193344 
v -0.06077250838279724 1.1865967512130737 -0.17195327579975128 
v -0.05555621162056923 1.1865967512130737 -0.17250031232833862 
v -0.04372856393456459 1.1865967512130737 -0.17259147763252258 
v -0.04366791248321533 1.1855800151824951 -0.1722571849822998 
v -0.043607257306575775 1.1860544681549072 -0.17192289233207703 
v -0.04354660212993622 1.1878844499588013 -0.17164936661720276 
v -0.055192284286022186 1.1908938884735107 -0.17137585580348969 
v -0.06016596034169197 1.1946624517440796 -0.1707376390695572 
v -0.06095447018742561 1.1987156867980957 -0.16924849152565002 
v -0.059862688183784485 1.2025655508041382 -0.1663917601108551 
v -0.059013523161411285 1.2058054208755493 -0.16183313727378845 
v -0.0587102510035038 1.2084081172943115 -0.15584614872932434 
v -0.059013523161411285 1.21042799949646 -0.14903861284255981 
v -0.059862688183784485 1.2118377685546875 -0.14174482226371765 
v -0.06095447018742561 1.2126781940460205 -0.1344510316848755 
v -0.06101512536406517 1.2125426530838013 -0.12782584130764008 
v -0.061136435717344284 1.2121630907058716 -0.12235549092292786 
v -0.0612577460706234 1.2114311456680298 -0.1184350773692131 
v -0.06065119802951813 1.211092233657837 -0.11955953389406204 
v -0.060287270694971085 1.2101161479949951 -0.1184350773692131 
v -0.0599839985370636 1.2083404064178467 -0.11752334982156754 
v -0.05992334336042404 1.2058054208755493 -0.1171586662530899 
v -0.059862688183784485 1.2025655508041382 -0.1170978844165802 
v -0.059862688183784485 1.1987156867980957 -0.1170978844165802 
v -0.059013523161411285 1.1946624517440796 -0.1216261088848114 
v -0.05864959582686424 1.1908938884735107 -0.12752193212509155 
v -0.05864959582686424 1.1878844499588013 -0.13435985147953033 
v -0.05889221653342247 1.1860544681549072 -0.14174482226371765 
v -0.05925614386796951 1.1855800151824951 -0.1493121236562729 
v -0.05974138155579567 1.1865967512130737 -0.1565147489309311 
v -0.0604085810482502 1.1892130374908447 -0.16289681196212769 
v -0.061136435717344284 1.1892130374908447 -0.1676681786775589 
v -0.061985600739717484 1.1892130374908447 -0.17067685723304749 
v -0.060893818736076355 1.1892130374908447 -0.17222678661346436 
v -0.055616866797208786 1.1892130374908447 -0.1727738231420517 
v -0.04372856393456459 1.1892130374908447 -0.17286500334739685 
v -0.024015819653868675 1.1865967512130737 -0.17259147763252258 
v -0.024015819653868675 1.1855800151824951 -0.1722571849822998 
v -0.024015819653868675 1.1860544681549072 -0.17192289233207703 
v -0.023955166339874268 1.1878844499588013 -0.17164936661720276 
v -0.023955166339874268 1.1908938884735107 -0.17146702110767365 
v -0.04354660212993622 1.1908938884735107 -0.17146702110767365 
v -0.055192284286022186 1.1946624517440796 -0.17128467559814453 
v -0.06016596034169197 1.1987156867980957 -0.17070725560188293 
v -0.06095447018742561 1.2025655508041382 -0.16924849152565002 
v -0.05992334336042404 1.2058054208755493 -0.16636136174201965 
v -0.0591348335146904 1.2083674669265747 -0.16162040829658508 
v -0.0591348335146904 1.2103601694107056 -0.15569420158863068 
v -0.05992334336042404 1.2118241786956787 -0.14903861284255981 
v -0.06095447018742561 1.212705373764038 -0.14174482226371765 
v -0.06016596034169197 1.2131255865097046 -0.1344510316848755 
v -0.06016596034169197 1.2129628658294678 -0.12767387926578522 
v -0.06022661551833153 1.2125426530838013 -0.12189962714910507 
v -0.060287270694971085 1.211715817451477 -0.11752334982156754 
v -0.061136435717344284 1.2102110385894775 -0.11606459319591522 
v -0.06101512536406517 1.2083674669265747 -0.11478818207979202 
v -0.06095447018742561 1.2058054208755493 -0.11433231830596924 
v -0.06095447018742561 1.2025655508041382 -0.11427153646945953 
v -0.06095447018742561 1.1987156867980957 -0.11424114555120468 
v -0.05992334336042404 1.1946624517440796 -0.11706749349832535 
v -0.05907417833805084 1.1908938884735107 -0.1215653270483017 
v -0.05883156135678291 1.1878844499588013 -0.1274307519197464 
v -0.05895287171006203 1.1860544681549072 -0.13429906964302063 
v -0.05925614386796951 1.1855800151824951 -0.14174482226371765 
v -0.059620071202516556 1.1865967512130737 -0.1493729054927826 
v -0.060044653713703156 1.1892130374908447 -0.15666671097278595 
v -0.024076474830508232 1.1892130374908447 -0.17286500334739685 
v -0.059862688183784485 1.1892130374908447 -0.14946408569812775 
v -0.059559416025877 1.1865967512130737 -0.14174482226371765 
v -0.05925614386796951 1.1855800151824951 -0.13420790433883667 
v -0.05907417833805084 1.1860544681549072 -0.127309188246727 
v -0.05925614386796951 1.1878844499588013 -0.12144376337528229 
v -0.0599839985370636 1.1908938884735107 -0.11700671166181564 
v -0.06095447018742561 1.1946624517440796 -0.11421075463294983 
v -0.059862688183784485 1.1892130374908447 -0.14174482226371765 
v -0.06101512536406517 1.1908938884735107 -0.11414997279644012 
v -0.06010530889034271 1.1878844499588013 -0.11685475707054138 
v -0.05949876084923744 1.1860544681549072 -0.12126142531633377 
v -0.059438105672597885 1.1855800151824951 -0.12715724110603333 
v -0.059620071202516556 1.1865967512130737 -0.13411672413349152 
v -0.059862688183784485 1.1892130374908447 -0.1340559422969818 
v -0.05974138155579567 1.1865967512130737 -0.1269748955965042 
v -0.060044653713703156 1.1892130374908447 -0.1268533319234848 
v -0.059862688183784485 1.1855800151824951 -0.12101829797029495 
v -0.06034792587161064 1.1860544681549072 -0.11661162972450256 
v -0.061136435717344284 1.1878844499588013 -0.11396762728691101 
v -0.06016596034169197 1.1865967512130737 -0.12080556154251099 
v -0.06065119802951813 1.1855800151824951 -0.11633811146020889 
v -0.060893818736076355 1.1865967512130737 -0.11606459319591522 
v -0.0604085810482502 1.1892130374908447 -0.12062321603298187 
v -0.061136435717344284 1.1892130374908447 -0.1158214658498764 
v -0.061318401247262955 1.1860544681549072 -0.11372449994087219 
v -0.061561018228530884 1.1855800151824951 -0.11339020729064941 
v -0.06180363520979881 1.1865967512130737 -0.11308629810810089 
v -0.061985600739717484 1.1892130374908447 -0.11284317076206207 
v -0.06077250838279724 1.1865967512130737 -0.11156675964593887 
v -0.060893818736076355 1.1892130374908447 -0.1112932413816452 
v -0.06059054285287857 1.1855800151824951 -0.11190105229616165 
v -0.060469236224889755 1.1860544681549072 -0.11223535239696503 
v -0.060287270694971085 1.1878844499588013 -0.1125088706612587 
v -0.06022661551833153 1.1908938884735107 -0.11266082525253296 
v -0.06016596034169197 1.1946624517440796 -0.11275199800729752 
v -0.06016596034169197 1.1987156867980957 -0.11278238892555237 
v -0.06016596034169197 1.2025655508041382 -0.11278238892555237 
v -0.06016596034169197 1.205819010734558 -0.11287356168031693 
v -0.06016596034169197 1.2084081172943115 -0.11339020729064941 
v -0.06022661551833153 1.2103601694107056 -0.11478818207979202 
v -0.055192284286022186 1.2118241786956787 -0.1171586662530899 
v -0.05513162910938263 1.2126781940460205 -0.1216868907213211 
v -0.05513162910938263 1.2131255865097046 -0.12758271396160126 
v -0.05513162910938263 1.2132883071899414 -0.1344510316848755 
v -0.06016596034169197 1.2131526470184326 -0.14174482226371765 
v -0.06095447018742561 1.2126781940460205 -0.14903861284255981 
v -0.0599839985370636 1.211715817451477 -0.15560302138328552 
v -0.059559416025877 1.2102110385894775 -0.16113415360450745 
v -0.0599839985370636 1.2083404064178467 -0.16596628725528717 
v -0.06095447018742561 1.2058054208755493 -0.16918770968914032 
v -0.06016596034169197 1.2025655508041382 -0.17070725560188293 
v -0.05513162910938263 1.1987156867980957 -0.17125429213047028 
v -0.04348594695329666 1.1946624517440796 -0.17137585580348969 
v -0.023955166339874268 1.1946624517440796 -0.17137585580348969 
v -0.023955166339874268 1.1987156867980957 -0.17134545743465424 
v -0.04348594695329666 1.1987156867980957 -0.17134545743465424 
v -0.05513162910938263 1.2025655508041382 -0.17125429213047028 
v -0.06016596034169197 1.205819010734558 -0.17064647376537323 
v -0.06101512536406517 1.2083674669265747 -0.16870145499706268 
v -0.060287270694971085 1.2101161479949951 -0.1650545597076416 
v -0.060287270694971085 1.2114311456680298 -0.16079984605312347 
v -0.06101512536406517 1.2125426530838013 -0.15569420158863068 
v -0.06016596034169197 1.2131255865097046 -0.14906899631023407 
v -0.05513162910938263 1.2133153676986694 -0.14174482226371765 
v -0.04348594695329666 1.2133153676986694 -0.1344510316848755 
v -0.04348594695329666 1.2131526470184326 -0.12758271396160126 
v -0.04348594695329666 1.212705373764038 -0.12165649980306625 
v -0.04348594695329666 1.2118377685546875 -0.1170978844165802 
v -0.05513162910938263 1.21042799949646 -0.11433231830596924 
v -0.05513162910938263 1.208435297012329 -0.11287356168031693 
v -0.05513162910938263 1.205819010734558 -0.11232652515172958 
v -0.05513162910938263 1.2025655508041382 -0.11226574331521988 
v -0.05513162910938263 1.1987156867980957 -0.11223535239696503 
v -0.055192284286022186 1.1946624517440796 -0.11220496147871017 
v -0.055192284286022186 1.1908938884735107 -0.11211378872394562 
v -0.05525293946266174 1.1878844499588013 -0.11196183413267136 
v -0.0553135946393013 1.1860544681549072 -0.11168832331895828 
v -0.055434904992580414 1.1855800151824951 -0.11135402321815491 
v -0.05555621162056923 1.1865967512130737 -0.11101972311735153 
v -0.055616866797208786 1.1892130374908447 -0.11071581393480301 
v -0.04372856393456459 1.1865967512130737 -0.11092855036258698 
v -0.04372856393456459 1.1892130374908447 -0.1106550320982933 
v -0.024076474830508232 1.1892130374908447 -0.1106550320982933 
v -0.024015819653868675 1.1865967512130737 -0.11092855036258698 
v 0.00012471039372030646 1.1892130374908447 -0.1106550320982933 
v -0.04366791248321533 1.1855800151824951 -0.11126285046339035 
v -0.043607257306575775 1.1860544681549072 -0.11159715056419373 
v -0.024015819653868675 1.1855800151824951 -0.11126285046339035 
v 0.00012471039372030646 1.1865967512130737 -0.11092855036258698 
v 0.024265240877866745 1.1892130374908447 -0.1106550320982933 
v 0.024265240877866745 1.1865967512130737 -0.11092855036258698 
v 0.04397798702120781 1.1892130374908447 -0.1106550320982933 
v 0.00012471039372030646 1.1855800151824951 -0.11126285046339035 
v -0.024015819653868675 1.1860544681549072 -0.11159715056419373 
v -0.04354660212993622 1.1878844499588013 -0.1118706613779068 
v -0.04354660212993622 1.1908938884735107 -0.11205300688743591 
v -0.023955166339874268 1.1878844499588013 -0.1118706613779068 
v 0.00012471039372030646 1.1860544681549072 -0.11159715056419373 
v 0.024265240877866745 1.1855800151824951 -0.11126285046339035 
v 0.04391733184456825 1.1865967512130737 -0.11092855036258698 
v 0.05574497953057289 1.1865967512130737 -0.11101972311735153 
v 0.05586628615856171 1.1892130374908447 -0.11071581393480301 
v 0.06102192774415016 1.1865967512130737 -0.11156675964593887 
v 0.061143238097429276 1.1892130374908447 -0.1112932413816452 
v 0.061992403119802475 1.1865967512130737 -0.11308629810810089 
v 0.06217436492443085 1.1892130374908447 -0.11284317076206207 
v 0.061143238097429276 1.1865967512130737 -0.11606459319591522 
v 0.061385855078697205 1.1892130374908447 -0.1158214658498764 
v 0.06035472825169563 1.1865967512130737 -0.12080556154251099 
v 0.06059734523296356 1.1892130374908447 -0.12062321603298187 
v 0.05993014574050903 1.1865967512130737 -0.1269748955965042 
v 0.06023341789841652 1.1892130374908447 -0.1268533319234848 
v 0.05980883538722992 1.1865967512130737 -0.13411672413349152 
v 0.060112111270427704 1.1892130374908447 -0.1340559422969818 
v 0.05980883538722992 1.1865967512130737 -0.14174482226371765 
v 0.06005145609378815 1.1892130374908447 -0.14174482226371765 
v 0.05980883538722992 1.1865967512130737 -0.1493729054927826 
v 0.060112111270427704 1.1892130374908447 -0.14946408569812775 
v 0.05993014574050903 1.1865967512130737 -0.1565147489309311 
v 0.06023341789841652 1.1892130374908447 -0.15666671097278595 
v 0.06035472825169563 1.1865967512130737 -0.16271446645259857 
v 0.06059734523296356 1.1892130374908447 -0.16289681196212769 
v 0.061143238097429276 1.1865967512130737 -0.16745543479919434 
v 0.061385855078697205 1.1892130374908447 -0.1676681786775589 
v 0.061992403119802475 1.1865967512130737 -0.1704033464193344 
v 0.06217436492443085 1.1892130374908447 -0.17067685723304749 
v 0.06102192774415016 1.1865967512130737 -0.17195327579975128 
v 0.061143238097429276 1.1892130374908447 -0.17222678661346436 
v 0.05574497953057289 1.1865967512130737 -0.17250031232833862 
v 0.05586628615856171 1.1892130374908447 -0.1727738231420517 
v 0.04391733184456825 1.1865967512130737 -0.17259147763252258 
v 0.04397798702120781 1.1892130374908447 -0.17286500334739685 
v 0.024265240877866745 1.1892130374908447 -0.17286500334739685 
v 0.024265240877866745 1.1865967512130737 -0.17259147763252258 
v 0.00012471039372030646 1.1892130374908447 -0.17286500334739685 
v 0.043856676667928696 1.1855800151824951 -0.1722571849822998 
v 0.055684324353933334 1.1855800151824951 -0.17216600477695465 
v 0.06083996593952179 1.1855800151824951 -0.1716189831495285 
v 0.06174978241324425 1.1855800151824951 -0.1700994372367859 
v 0.06083996593952179 1.1855800151824951 -0.1671515256166458 
v 0.06005145609378815 1.1855800151824951 -0.16247133910655975 
v 0.05962687358260155 1.1855800151824951 -0.15636280179023743 
v 0.059505563229322433 1.1855800151824951 -0.1493121236562729 
v 0.05944490805268288 1.1855800151824951 -0.14174482226371765 
v 0.059505563229322433 1.1855800151824951 -0.13420790433883667 
v 0.05962687358260155 1.1855800151824951 -0.12715724110603333 
v 0.06005145609378815 1.1855800151824951 -0.12101829797029495 
v 0.06083996593952179 1.1855800151824951 -0.11633811146020889 
v 0.06174978241324425 1.1855800151824951 -0.11339020729064941 
v 0.06083996593952179 1.1855800151824951 -0.11190105229616165 
v 0.055684324353933334 1.1855800151824951 -0.11135402321815491 
v 0.043856676667928696 1.1855800151824951 -0.11126285046339035 
v 0.024204585701227188 1.1860544681549072 -0.11159715056419373 
v 0.00012471039372030646 1.1878844499588013 -0.1118706613779068 
v -0.023955166339874268 1.1908938884735107 -0.11205300688743591 
v -0.04348594695329666 1.1946624517440796 -0.11214417964220047 
v -0.04348594695329666 1.1987156867980957 -0.11217457056045532 
v -0.023955166339874268 1.1946624517440796 -0.11214417964220047 
v 0.00012471039372030646 1.1908938884735107 -0.11205300688743591 
v 0.024204585701227188 1.1878844499588013 -0.1118706613779068 
v 0.04379602149128914 1.1860544681549072 -0.11159715056419373 
v 0.05556301400065422 1.1860544681549072 -0.11168832331895828 
v 0.06065800040960312 1.1860544681549072 -0.11223535239696503 
v 0.061567820608615875 1.1860544681549072 -0.11372449994087219 
v 0.06059734523296356 1.1860544681549072 -0.11661162972450256 
v 0.05974818393588066 1.1860544681549072 -0.12126142531633377 
v 0.05932360142469406 1.1860544681549072 -0.127309188246727 
v 0.05914163589477539 1.1860544681549072 -0.13429906964302063 
v 0.05914163589477539 1.1860544681549072 -0.14174482226371765 
v 0.05914163589477539 1.1860544681549072 -0.14922095835208893 
v 0.05932360142469406 1.1860544681549072 -0.15621083974838257 
v 0.05974818393588066 1.1860544681549072 -0.16225861012935638 
v 0.06059734523296356 1.1860544681549072 -0.16687801480293274 
v 0.061567820608615875 1.1860544681549072 -0.16979552805423737 
v 0.06065800040960312 1.1860544681549072 -0.17128467559814453 
v 0.05556301400065422 1.1860544681549072 -0.17183171212673187 
v 0.04379602149128914 1.1860544681549072 -0.17192289233207703 
v 0.024265240877866745 1.1855800151824951 -0.1722571849822998 
v 0.00012471039372030646 1.1865967512130737 -0.17259147763252258 
v 0.00012471039372030646 1.1855800151824951 -0.1722571849822998 
v 0.024204585701227188 1.1860544681549072 -0.17192289233207703 
v 0.04379602149128914 1.1878844499588013 -0.17164936661720276 
v 0.055441707372665405 1.1878844499588013 -0.1715582013130188 
v 0.060536693781614304 1.1878844499588013 -0.17101116478443146 
v 0.061325203627347946 1.1878844499588013 -0.1695220172405243 
v 0.06035472825169563 1.1878844499588013 -0.16666527092456818 
v 0.059505563229322433 1.1878844499588013 -0.16207626461982727 
v 0.05902032554149628 1.1878844499588013 -0.1560588926076889 
v 0.05889901891350746 1.1878844499588013 -0.14916017651557922 
v 0.058838363736867905 1.1878844499588013 -0.14174482226371765 
v 0.05889901891350746 1.1878844499588013 -0.13435985147953033 
v 0.05902032554149628 1.1878844499588013 -0.1274307519197464 
v 0.059505563229322433 1.1878844499588013 -0.12144376337528229 
v 0.06035472825169563 1.1878844499588013 -0.11685475707054138 
v 0.061325203627347946 1.1878844499588013 -0.11396762728691101 
v 0.060536693781614304 1.1878844499588013 -0.1125088706612587 
v 0.055441707372665405 1.1878844499588013 -0.11196183413267136 
v 0.04379602149128914 1.1878844499588013 -0.1118706613779068 
v 0.024204585701227188 1.1908938884735107 -0.11205300688743591 
v 0.00012471039372030646 1.1946624517440796 -0.11214417964220047 
v -0.023955166339874268 1.1987156867980957 -0.11217457056045532 
v -0.04348594695329666 1.2025655508041382 -0.11217457056045532 
v -0.04348594695329666 1.205819010734558 -0.11226574331521988 
v -0.023955166339874268 1.2025655508041382 -0.11217457056045532 
v 0.00012471039372030646 1.1987156867980957 -0.11217457056045532 
v 0.024204585701227188 1.1946624517440796 -0.11214417964220047 
v 0.04373536631464958 1.1908938884735107 -0.11205300688743591 
v 0.05538105219602585 1.1908938884735107 -0.11211378872394562 
v 0.06041538342833519 1.1908938884735107 -0.11266082525253296 
v 0.06120389327406883 1.1908938884735107 -0.11414997279644012 
v 0.06017276272177696 1.1908938884735107 -0.11700671166181564 
v 0.05932360142469406 1.1908938884735107 -0.1215653270483017 
v 0.058838363736867905 1.1908938884735107 -0.12752193212509155 
v 0.05871705338358879 1.1908938884735107 -0.13442063331604004 
v 0.058656398206949234 1.1908938884735107 -0.14174482226371765 
v 0.05871705338358879 1.1908938884735107 -0.14909939467906952 
v 0.058838363736867905 1.1908938884735107 -0.1559981107711792 
v 0.05932360142469406 1.1908938884735107 -0.16195470094680786 
v 0.06017276272177696 1.1908938884735107 -0.1665133237838745 
v 0.06120389327406883 1.1908938884735107 -0.16937005519866943 
v 0.06041538342833519 1.1908938884735107 -0.17082881927490234 
v 0.05538105219602585 1.1908938884735107 -0.17137585580348969 
v 0.04373536631464958 1.1908938884735107 -0.17146702110767365 
v 0.024204585701227188 1.1878844499588013 -0.17164936661720276 
v 0.00012471039372030646 1.1860544681549072 -0.17192289233207703 
v 0.00012471039372030646 1.1878844499588013 -0.17164936661720276 
v 0.00012471039372030646 1.1908938884735107 -0.17146702110767365 
v 0.00012471039372030646 1.1946624517440796 -0.17137585580348969 
v 0.00012471039372030646 1.1987156867980957 -0.17134545743465424 
v 0.00012471039372030646 1.2025655508041382 -0.17134545743465424 
v -0.023955166339874268 1.2025655508041382 -0.17134545743465424 
v -0.04348594695329666 1.2025655508041382 -0.17134545743465424 
v -0.05513162910938263 1.205819010734558 -0.17116311192512512 
v -0.06016596034169197 1.2084081172943115 -0.17012982070446014 
v -0.061136435717344284 1.2102110385894775 -0.16745543479919434 
v -0.06065119802951813 1.211092233657837 -0.16393010318279266 
v -0.061136435717344284 1.2121630907058716 -0.16113415360450745 
v -0.06016596034169197 1.2129628658294678 -0.15584614872932434 
v -0.05513162910938263 1.2132883071899414 -0.14906899631023407 
v -0.04348594695329666 1.2133289575576782 -0.14174482226371765 
v -0.023955166339874268 1.2133153676986694 -0.1344510316848755 
v -0.023955166339874268 1.2131526470184326 -0.12758271396160126 
v -0.023955166339874268 1.212705373764038 -0.12165649980306625 
v -0.023955166339874268 1.2118377685546875 -0.1170978844165802 
v -0.023955166339874268 1.21042799949646 -0.11427153646945953 
v -0.04348594695329666 1.21042799949646 -0.11427153646945953 
v -0.04348594695329666 1.208435297012329 -0.11278238892555237 
v -0.023955166339874268 1.205819010734558 -0.11226574331521988 
v 0.00012471039372030646 1.2025655508041382 -0.11217457056045532 
v 0.02414393238723278 1.1987156867980957 -0.11217457056045532 
v 0.04373536631464958 1.1946624517440796 -0.11214417964220047 
v 0.05538105219602585 1.1946624517440796 -0.11220496147871017 
v 0.06041538342833519 1.1946624517440796 -0.11275199800729752 
v 0.061143238097429276 1.1946624517440796 -0.11421075463294983 
v 0.060112111270427704 1.1946624517440796 -0.11706749349832535 
v 0.05920229107141495 1.1946624517440796 -0.1216261088848114 
v 0.05877770856022835 1.1946624517440796 -0.1275523155927658 
v 0.05859574303030968 1.1946624517440796 -0.13442063331604004 
v 0.05859574303030968 1.1946624517440796 -0.14174482226371765 
v 0.05859574303030968 1.1946624517440796 -0.14906899631023407 
v 0.05877770856022835 1.1946624517440796 -0.1559373289346695 
v 0.05920229107141495 1.1946624517440796 -0.16189391911029816 
v 0.060112111270427704 1.1946624517440796 -0.16642214357852936 
v 0.061143238097429276 1.1946624517440796 -0.16927888989448547 
v 0.06041538342833519 1.1946624517440796 -0.1707376390695572 
v 0.05538105219602585 1.1946624517440796 -0.17128467559814453 
v 0.04373536631464958 1.1946624517440796 -0.17137585580348969 
v 0.024204585701227188 1.1908938884735107 -0.17146702110767365 
v 0.024204585701227188 1.1946624517440796 -0.17137585580348969 
v 0.02414393238723278 1.1987156867980957 -0.17134545743465424 
v 0.02414393238723278 1.2025655508041382 -0.17134545743465424 
v 0.02414393238723278 1.205819010734558 -0.17125429213047028 
v 0.00012471039372030646 1.205819010734558 -0.17125429213047028 
v -0.023955166339874268 1.205819010734558 -0.17125429213047028 
v -0.04348594695329666 1.205819010734558 -0.17125429213047028 
v -0.05513162910938263 1.208435297012329 -0.17064647376537323 
v -0.06022661551833153 1.2103601694107056 -0.16870145499706268 
v -0.0612577460706234 1.2114311456680298 -0.1650545597076416 
v -0.06022661551833153 1.2125426530838013 -0.16162040829658508 
v -0.05513162910938263 1.2131255865097046 -0.15590693056583405 
v -0.04348594695329666 1.2133153676986694 -0.14906899631023407 
v -0.023955166339874268 1.2133289575576782 -0.14174482226371765 
v 0.00012471039372030646 1.2133153676986694 -0.1344510316848755 
v 0.00012471039372030646 1.2131526470184326 -0.12758271396160126 
v 0.00012471039372030646 1.212705373764038 -0.12165649980306625 
v 0.00012471039372030646 1.2118377685546875 -0.1170978844165802 
v 0.00012471039372030646 1.21042799949646 -0.11427153646945953 
v 0.00012471039372030646 1.208435297012329 -0.11278238892555237 
v -0.023955166339874268 1.208435297012329 -0.11278238892555237 
v 0.00012471039372030646 1.205819010734558 -0.11226574331521988 
v 0.02414393238723278 1.2025655508041382 -0.11217457056045532 
v 0.04373536631464958 1.1987156867980957 -0.11217457056045532 
v 0.05538105219602585 1.1987156867980957 -0.11223535239696503 
v 0.06035472825169563 1.1987156867980957 -0.11278238892555237 
v 0.061143238097429276 1.1987156867980957 -0.11424114555120468 
v 0.060112111270427704 1.1987156867980957 -0.1170978844165802 
v 0.05920229107141495 1.1987156867980957 -0.12165649980306625 
v 0.05871705338358879 1.1987156867980957 -0.12758271396160126 
v 0.05859574303030968 1.1987156867980957 -0.13442063331604004 
v 0.05853509157896042 1.1987156867980957 -0.14174482226371765 
v 0.05859574303030968 1.1987156867980957 -0.14906899631023407 
v 0.05871705338358879 1.1987156867980957 -0.1559373289346695 
v 0.05920229107141495 1.1987156867980957 -0.1618635356426239 
v 0.060112111270427704 1.1987156867980957 -0.1663917601108551 
v 0.061143238097429276 1.1987156867980957 -0.16924849152565002 
v 0.06035472825169563 1.1987156867980957 -0.17070725560188293 
v 0.05538105219602585 1.1987156867980957 -0.17125429213047028 
v 0.04373536631464958 1.1987156867980957 -0.17134545743465424 
v 0.04373536631464958 1.2025655508041382 -0.17134545743465424 
v 0.05538105219602585 1.2025655508041382 -0.17125429213047028 
v 0.06035472825169563 1.2025655508041382 -0.17070725560188293 
v 0.061143238097429276 1.2025655508041382 -0.16924849152565002 
v 0.060112111270427704 1.2025655508041382 -0.1663917601108551 
v 0.05920229107141495 1.2025655508041382 -0.1618635356426239 
v 0.05871705338358879 1.2025655508041382 -0.1559373289346695 
v 0.05859574303030968 1.2025655508041382 -0.14906899631023407 
v 0.05853509157896042 1.2025655508041382 -0.14174482226371765 
v 0.05859574303030968 1.2025655508041382 -0.1344510316848755 
v 0.05871705338358879 1.2025655508041382 -0.12758271396160126 
v 0.05920229107141495 1.2025655508041382 -0.12165649980306625 
v 0.060112111270427704 1.2025655508041382 -0.1170978844165802 
v 0.061143238097429276 1.2025655508041382 -0.11427153646945953 
v 0.06035472825169563 1.2025655508041382 -0.11278238892555237 
v 0.05538105219602585 1.2025655508041382 -0.11226574331521988 
v 0.04373536631464958 1.2025655508041382 -0.11217457056045532 
v 0.02414393238723278 1.205819010734558 -0.11226574331521988 
v 0.02414393238723278 1.208435297012329 -0.11278238892555237 
v 0.04373536631464958 1.205819010734558 -0.11226574331521988 
v 0.05538105219602585 1.205819010734558 -0.11232652515172958 
v 0.06035472825169563 1.205819010734558 -0.11287356168031693 
v 0.061143238097429276 1.2058054208755493 -0.11433231830596924 
v 0.060112111270427704 1.2058054208755493 -0.1171586662530899 
v 0.05920229107141495 1.2058054208755493 -0.1216868907213211 
v 0.05877770856022835 1.205819010734558 -0.12758271396160126 
v 0.05859574303030968 1.205819010734558 -0.1344510316848755 
v 0.05859574303030968 1.205819010734558 -0.14174482226371765 
v 0.05859574303030968 1.205819010734558 -0.14906899631023407 
v 0.05877770856022835 1.205819010734558 -0.15590693056583405 
v 0.05920229107141495 1.2058054208755493 -0.16183313727378845 
v 0.060112111270427704 1.2058054208755493 -0.16636136174201965 
v 0.061143238097429276 1.2058054208755493 -0.16918770968914032 
v 0.06035472825169563 1.205819010734558 -0.17064647376537323 
v 0.05538105219602585 1.205819010734558 -0.17116311192512512 
v 0.04373536631464958 1.205819010734558 -0.17125429213047028 
v 0.04373536631464958 1.208435297012329 -0.17070725560188293 
v 0.05538105219602585 1.208435297012329 -0.17064647376537323 
v 0.06041538342833519 1.2084081172943115 -0.17012982070446014 
v 0.06120389327406883 1.2083674669265747 -0.16870145499706268 
v 0.06023341789841652 1.2083404064178467 -0.16596628725528717 
v 0.05938425287604332 1.2083674669265747 -0.16162040829658508 
v 0.05889901891350746 1.2084081172943115 -0.15584614872932434 
v 0.05877770856022835 1.208435297012329 -0.14906899631023407 
v 0.05871705338358879 1.208435297012329 -0.14174482226371765 
v 0.05877770856022835 1.208435297012329 -0.1344510316848755 
v 0.05889901891350746 1.2084081172943115 -0.12767387926578522 
v 0.05938425287604332 1.2083674669265747 -0.12189962714910507 
v 0.06023341789841652 1.2083404064178467 -0.11752334982156754 
v 0.06120389327406883 1.2083674669265747 -0.11478818207979202 
v 0.06041538342833519 1.2084081172943115 -0.11339020729064941 
v 0.05538105219602585 1.208435297012329 -0.11287356168031693 
v 0.04373536631464958 1.208435297012329 -0.11278238892555237 
v 0.02414393238723278 1.21042799949646 -0.11427153646945953 
v 0.02414393238723278 1.2118377685546875 -0.1170978844165802 
v 0.04373536631464958 1.21042799949646 -0.11427153646945953 
v 0.05538105219602585 1.21042799949646 -0.11433231830596924 
v 0.06041538342833519 1.2103601694107056 -0.11478818207979202 
v 0.061385855078697205 1.2102110385894775 -0.11606459319591522 
v 0.060536693781614304 1.2101161479949951 -0.1184350773692131 
v 0.05974818393588066 1.2102110385894775 -0.12235549092292786 
v 0.05938425287604332 1.2103601694107056 -0.12782584130764008 
v 0.05920229107141495 1.21042799949646 -0.1344510316848755 
v 0.05920229107141495 1.21042799949646 -0.14174482226371765 
v 0.05920229107141495 1.21042799949646 -0.14903861284255981 
v 0.05938425287604332 1.2103601694107056 -0.15569420158863068 
v 0.05974818393588066 1.2102110385894775 -0.16113415360450745 
v 0.060536693781614304 1.2101161479949951 -0.1650545597076416 
v 0.061385855078697205 1.2102110385894775 -0.16745543479919434 
v 0.06041538342833519 1.2103601694107056 -0.16870145499706268 
v 0.05538105219602585 1.21042799949646 -0.16918770968914032 
v 0.04373536631464958 1.21042799949646 -0.16924849152565002 
v 0.02414393238723278 1.208435297012329 -0.17070725560188293 
v 0.00012471039372030646 1.208435297012329 -0.17070725560188293 
v -0.023955166339874268 1.208435297012329 -0.17070725560188293 
v -0.04348594695329666 1.208435297012329 -0.17070725560188293 
v -0.05513162910938263 1.21042799949646 -0.16918770968914032 
v -0.060287270694971085 1.211715817451477 -0.16596628725528717 
v -0.05513162910938263 1.2126781940460205 -0.16183313727378845 
v -0.04348594695329666 1.2131526470184326 -0.1559373289346695 
v -0.023955166339874268 1.2133153676986694 -0.14906899631023407 
v 0.00012471039372030646 1.2133289575576782 -0.14174482226371765 
v 0.02414393238723278 1.2133153676986694 -0.1344510316848755 
v 0.02414393238723278 1.2131526470184326 -0.12758271396160126 
v 0.02414393238723278 1.212705373764038 -0.12165649980306625 
v 0.04373536631464958 1.2118377685546875 -0.1170978844165802 
v 0.05538105219602585 1.2118241786956787 -0.1171586662530899 
v 0.06047603860497475 1.211715817451477 -0.11752334982156754 
v 0.06144651025533676 1.2114311456680298 -0.1184350773692131 
v 0.06083996593952179 1.211092233657837 -0.11955953389406204 
v 0.060536693781614304 1.2114311456680298 -0.12268979102373123 
v 0.06023341789841652 1.211715817451477 -0.12788662314414978 
v 0.060112111270427704 1.2118241786956787 -0.13448141515254974 
v 0.060112111270427704 1.2118377685546875 -0.14174482226371765 
v 0.060112111270427704 1.2118241786956787 -0.14903861284255981 
v 0.06023341789841652 1.211715817451477 -0.15560302138328552 
v 0.060536693781614304 1.2114311456680298 -0.16079984605312347 
v 0.06083996593952179 1.211092233657837 -0.16393010318279266 
v 0.06144651025533676 1.2114311456680298 -0.1650545597076416 
v 0.06047603860497475 1.211715817451477 -0.16596628725528717 
v 0.05538105219602585 1.2118241786956787 -0.16636136174201965 
v 0.04373536631464958 1.2118377685546875 -0.1663917601108551 
v 0.02414393238723278 1.21042799949646 -0.16924849152565002 
v 0.00012471039372030646 1.21042799949646 -0.16924849152565002 
v -0.023955166339874268 1.21042799949646 -0.16924849152565002 
v -0.04348594695329666 1.21042799949646 -0.16924849152565002 
v -0.055192284286022186 1.2118241786956787 -0.16636136174201965 
v -0.04348594695329666 1.212705373764038 -0.1618635356426239 
v -0.04348594695329666 1.2118377685546875 -0.1663917601108551 
v -0.023955166339874268 1.2118377685546875 -0.1663917601108551 
v -0.023955166339874268 1.212705373764038 -0.1618635356426239 
v -0.023955166339874268 1.2131526470184326 -0.1559373289346695 
v 0.00012471039372030646 1.2133153676986694 -0.14906899631023407 
v 0.02414393238723278 1.2133289575576782 -0.14174482226371765 
v 0.04373536631464958 1.2133153676986694 -0.1344510316848755 
v 0.04373536631464958 1.2131526470184326 -0.12758271396160126 
v 0.04373536631464958 1.212705373764038 -0.12165649980306625 
v 0.05538105219602585 1.2126781940460205 -0.1216868907213211 
v 0.06041538342833519 1.2125426530838013 -0.12189962714910507 
v 0.061385855078697205 1.2121630907058716 -0.12235549092292786 
v 0.06120389327406883 1.2125426530838013 -0.12782584130764008 
v 0.05538105219602585 1.2131255865097046 -0.12758271396160126 
v 0.05538105219602585 1.2132883071899414 -0.1344510316848755 
v 0.04373536631464958 1.2133289575576782 -0.14174482226371765 
v 0.02414393238723278 1.2133153676986694 -0.14906899631023407 
v 0.00012471039372030646 1.2131526470184326 -0.1559373289346695 
v 0.00012471039372030646 1.212705373764038 -0.1618635356426239 
v 0.06041538342833519 1.2129628658294678 -0.12767387926578522 
v 0.02414393238723278 1.2131526470184326 -0.1559373289346695 
v 0.04373536631464958 1.2133153676986694 -0.14906899631023407 
v 0.05538105219602585 1.2133153676986694 -0.14174482226371765 
v 0.06035472825169563 1.2131255865097046 -0.1344510316848755 
v 0.061143238097429276 1.2126781940460205 -0.1344510316848755 
v 0.061143238097429276 1.212705373764038 -0.14174482226371765 
v 0.06035472825169563 1.2131526470184326 -0.14174482226371765 
v 0.05538105219602585 1.2132883071899414 -0.14906899631023407 
v 0.04373536631464958 1.2131526470184326 -0.1559373289346695 
v 0.02414393238723278 1.212705373764038 -0.1618635356426239 
v 0.00012471039372030646 1.2118377685546875 -0.1663917601108551 
v 0.02414393238723278 1.2118377685546875 -0.1663917601108551 
v 0.04373536631464958 1.212705373764038 -0.1618635356426239 
v 0.05538105219602585 1.2131255865097046 -0.15590693056583405 
v 0.06035472825169563 1.2131255865097046 -0.14906899631023407 
v 0.061143238097429276 1.2126781940460205 -0.14903861284255981 
v 0.06120389327406883 1.2125426530838013 -0.15569420158863068 
v 0.06041538342833519 1.2129628658294678 -0.15584614872932434 
v 0.05538105219602585 1.2126781940460205 -0.16183313727378845 
v 0.06041538342833519 1.2125426530838013 -0.16162040829658508 
v 0.061385855078697205 1.2121630907058716 -0.16113415360450745 
vn -0.987902045249939 -0.14672034978866577 -0.05022686347365379 
vn -0.9991703629493713 -0.037746138870716095 -0.0152922747656703 
vn -0.9981597661972046 -0.033974967896938324 -0.05022686347365379 
vn -0.9998830556869507 -2.0679891989377336e-13 -0.0152922747656703 
vn -0.999997615814209 -2.0682260971124217e-13 0.002184694167226553 
vn -0.9999691247940063 0.007551815826445818 0.002184694167226553 
vn -0.999854564666748 0.007550950627774 0.0152922747656703 
vn -0.9997690320014954 0.015101470053195953 0.0152922747656703 
vn -0.9985594153404236 0.018877500668168068 0.05022686347365379 
vn -0.99787437915802 0.04152100533246994 0.05022686347365379 
vn -0.9905511140823364 0.03396138548851013 0.1328723281621933 
vn -0.9879030585289001 0.0867462232708931 0.12854042649269104 
vn -0.9642693996429443 0.06406769901514053 0.25706008076667786 
vn -0.9391642808914185 0.2536013722419739 0.23163928091526031 
vn -0.9395484924316406 0.32233741879463196 0.11553031951189041 
vn -0.9935394525527954 0.1017676368355751 0.05022686347365379 
vn -0.9991703629493713 0.037746138870716095 0.0152922747656703 
vn -0.9998835325241089 0.015103200450539589 0.002184694167226553 
vn -0.999854564666748 0.007550950627774 -0.0152922747656703 
vn -0.9987307190895081 -0.003775716060772538 -0.05022686347365379 
vn -0.9987307190895081 0.003775716060772538 -0.05022686347365379 
vn -0.9997690320014954 0.015101470053195953 -0.0152922747656703 
vn -0.9992848038673401 0.03775046393275261 0.002184694167226553 
vn -0.9942998290061951 0.10551747679710388 0.0152922747656703 
vn -0.9315086007118225 0.3613443374633789 0.04149730131030083 
vn 0.09798883646726608 0.9948973655700684 0.024029340595006943 
vn 0.05657946318387985 0.9954714179039001 0.0763898640871048 
vn 0.3771098256111145 0.916587769985199 -0.1328723281621933 
vn -0.9524765014648438 0.3011396527290344 -0.04586252197623253 
vn -0.9936231374740601 0.08293189108371735 -0.0763898640871048 
vn -0.9637506604194641 0.02640010416507721 0.26549527049064636 
vn -0.9910684823989868 0.011322432197630405 0.1328723281621933 
vn -0.9987307190895081 0.003775716060772538 0.05022686347365379 
vn -0.9998830556869507 -2.0679891989377336e-13 0.0152922747656703 
vn -0.9992848038673401 -0.03775046393275261 0.002184694167226553 
vn -0.9896077513694763 -0.14297764003276825 -0.0152922747656703 
vn -0.9210795760154724 -0.38612130284309387 -0.05022686347365379 
vn -0.9208555221557617 -0.38960394263267517 -0.0152922747656703 
vn -0.9897211194038391 -0.1429940164089203 0.002184694167226553 
vn -0.9991703629493713 -0.037746138870716095 0.0152922747656703 
vn -0.9987307190895081 -0.003775716060772538 0.05022686347365379 
vn -0.9905359745025635 0.0037719702813774347 0.1372016966342926 
vn -0.9629133343696594 0.007543998770415783 0.26970529556274414 
vn -0.9969450831413269 0.030197136104106903 -0.07203252613544464 
vn -0.5476422905921936 0.1164049580693245 -0.8285757899284363 
vn -0.49331921339035034 0.4385954439640045 -0.7511792182922363 
vn -0.04907761141657829 0.38003212213516235 -0.9236704111099243 
vn 0.005663945805281401 0.9843670129776001 0.1760382205247879 
vn 0.20776790380477905 0.9272510409355164 0.31150925159454346 
vn -0.05663564056158066 0.10317809879779816 -0.9930492043495178 
vn -0.5577188730239868 0.049110498279333115 -0.8285757899284363 
vn -0.9975931644439697 0.015104919672012329 -0.06767380982637405 
vn -0.962942898273468 -1.9915884533986544e-13 0.26970529556274414 
vn -0.9905359745025635 -0.0037719702813774347 0.1372016966342926 
vn -0.9981597661972046 -0.033974967896938324 0.05022686347365379 
vn -0.9896077513694763 -0.14297764003276825 0.0152922747656703 
vn -0.9209610223770142 -0.38964858651161194 0.002184694167226553 
vn -0.7484232187271118 -0.6630451083183289 -0.0152922747656703 
vn -0.7494888305664062 -0.6601089239120483 -0.05022686347365379 
vn -0.7583202719688416 -0.6423296332359314 -0.1111890971660614 
vn -0.9127037525177002 -0.38928747177124023 -0.1242060661315918 
vn -0.9778707027435303 -0.1579384058713913 -0.1372016966342926 
vn -0.9898232817649841 -0.03775642067193985 -0.1372016966342926 
vn -0.9905431270599365 -2.048672104355831e-13 -0.1372016966342926 
vn -0.99051433801651 0.007553040981292725 -0.1372016966342926 
vn -0.9985594153404236 0.018877500668168068 -0.05022686347365379 
vn -0.9991703629493713 0.037746138870716095 -0.0152922747656703 
vn -0.9944137930870056 0.10552956163883209 0.002184694167226553 
vn -0.9294984340667725 0.3686642050743103 0.010923261754214764 
vn 0.1280297040939331 0.991767942905426 0.002184694167226553 
vn 0.978177011013031 0.17269186675548553 -0.11553031951189041 
vn 0.9663463830947876 0.12801538407802582 -0.22312943637371063 
vn 0.9713614583015442 0.17276805639266968 0.16312000155448914 
vn 0.507956326007843 0.22670641541481018 0.8310141563415527 
vn 0.05386907607316971 0.2143334001302719 0.9752739667892456 
vn 0.0037497419398278 0.21243515610694885 0.9771679639816284 
vn -0.001886976882815361 0.9886578321456909 0.15017375349998474 
vn -3.878985010258816e-14 0.3751016855239868 -0.926983654499054 
vn -0.0018897876143455505 0.10465624928474426 -0.9945066571235657 
vn -0.05560975521802902 0.04227343574166298 -0.9975572824478149 
vn -0.5595574975013733 0.018909363076090813 -0.8285757899284363 
vn -0.9977074861526489 -2.0634896243966472e-13 -0.06767380982637405 
vn -0.9629133343696594 -0.007543998770415783 0.26970529556274414 
vn -0.9896742701530457 -0.04147963970899582 0.1372016966342926 
vn -0.987902045249939 -0.14672034978866577 0.05022686347365379 
vn -0.9208555221557617 -0.38960394263267517 0.0152922747656703 
vn -0.7485089898109436 -0.6631211042404175 0.002184694167226553 
vn -0.9951823353767395 0.0980169028043747 -0.002184694167226553 
vn -0.9917111396789551 0.12802237272262573 -0.010923261754214764 
vn -0.9848379492759705 0.17280155420303345 -0.0152922747656703 
vn -0.9670296907424927 0.25390365719795227 0.01966099627315998 
vn -0.7660777568817139 -0.6181710362434387 -0.1760382205247879 
vn -0.8797104358673096 -0.4128759503364563 -0.23588760197162628 
vn -0.9452148675918579 -0.18392352759838104 -0.26970529556274414 
vn -0.9606875777244568 -0.04530487582087517 -0.27391019463539124 
vn -0.9629355072975159 -0.003776737255975604 -0.26970529556274414 
vn -0.9629355072975159 0.003776737255975604 -0.26970529556274414 
vn -0.9910684823989868 0.011322432197630405 -0.1328723281621933 
vn -0.99787437915802 0.04152100533246994 -0.05022686347365379 
vn -0.9942998290061951 0.10551747679710388 -0.0152922747656703 
vn -0.9267409443855286 0.3756946325302124 0.002184694167226553 
vn 0.1429940164089203 0.9897211194038391 0.002184694167226553 
vn 0.9784404635429382 0.20231705904006958 -0.04149730131030083 
vn 0.9919641613960266 0.060366444289684296 -0.1111890971660614 
vn 0.976578950881958 0.04531681165099144 -0.2103329300880432 
vn 0.9840368628501892 0.06032275781035423 0.16742929816246033 
vn 0.5128186941146851 0.08255795389413834 0.8545181155204773 
vn 0.05731447413563728 0.07698670029640198 0.9953833818435669 
vn 0.005545822903513908 0.07400386035442352 0.9972425103187561 
vn 0.0037497419398278 0.21243515610694885 0.9771679639816284 
vn -1.0230570324275615e-13 0.9893063306808472 0.1458524912595749 
vn -3.878985010258816e-14 0.3751016855239868 -0.926983654499054 
vn -0.0018897876143455505 0.10465624928474426 -0.9945066571235657 
vn -4.065562058693352e-15 0.0393143892288208 -0.9992268681526184 
vn -4.517018337602159e-15 0.043680015951395035 -0.9990455508232117 
vn -0.05921272560954094 0.015203244052827358 -0.9981296062469482 
vn -0.5598641633987427 0.003782563144341111 -0.8285757899284363 
vn -0.9977074861526489 -2.0634896243966472e-13 -0.06767380982637405 
vn -0.9605054259300232 -0.04901591315865517 0.27391019463539124 
vn -0.9784950017929077 -0.15402363240718842 0.1372016966342926 
vn -0.9210795760154724 -0.38612130284309387 0.05022686347365379 
vn -0.7484232187271118 -0.6630451083183289 0.0152922747656703 
vn -0.9965491890907288 0.08297525346279144 0.002184694167226553 
vn -0.26851585507392883 0.963213324546814 0.010923261754214764 
vn -0.24850136041641235 0.967545211315155 0.04586252197623253 
vn -0.23013150691986084 0.9646329879760742 0.12854042649269104 
vn -0.2966555655002594 0.8983649611473083 0.3239381015300751 
vn -0.9662233591079712 0.2208106964826584 0.1328723281621933 
vn -0.9870393872261047 0.056578412652015686 0.15017375349998474 
vn -0.9955835342407227 0.0037728985771536827 0.09380380809307098 
vn -0.9977074861526489 -2.0634896243966472e-13 0.06767380982637405 
vn -0.9977074861526489 -2.0634896243966472e-13 0.06767380982637405 
vn -0.9628762602806091 0.01132997963577509 -0.26970529556274414 
vn -0.9905511140823364 0.03396138548851013 -0.1328723281621933 
vn -0.9935394525527954 0.1017676368355751 -0.05022686347365379 
vn -0.9294984340667725 0.3686642050743103 -0.010923261754214764 
vn 0.1429940164089203 0.9897211194038391 0.002184694167226553 
vn 0.9776685833930969 0.20986858010292053 -0.010923261754214764 
vn 0.9968317151069641 0.0678563341498375 -0.04149730131030083 
vn -0.0018501408630982041 0.07418830692768097 0.9972425103187561 
vn 0.9970902800559998 0.07544279098510742 -0.010923261754214764 
vn 0.9777246117591858 0.20988060534000397 0.002184694167226553 
vn 0.1429940164089203 0.9897211194038391 -0.002184694167226553 
vn -0.9315086007118225 0.3613443374633789 -0.04149730131030083 
vn -0.9879030585289001 0.0867462232708931 -0.12854042649269104 
vn -0.9638459086418152 0.022657621651887894 -0.26549527049064636 
vn -0.9975931644439697 0.015104919672012329 0.06767380982637405 
vn 0.9971474409103394 0.07544711232185364 0.002184694167226553 
vn -0.9969450831413269 0.030197136104106903 0.07203252613544464 
vn -0.9645074009895325 0.06037897244095802 -0.25706008076667786 
vn -0.9395484924316406 0.32233741879463196 -0.11553031951189041 
vn 0.1280297040939331 0.991767942905426 -0.002184694167226553 
vn 0.9776685833930969 0.20986858010292053 0.010923261754214764 
vn 0.9970902800559998 0.07544279098510742 0.010923261754214764 
vn 0.9784404635429382 0.20231705904006958 0.04149730131030083 
vn 0.9968317151069641 0.0678563341498375 0.04149730131030083 
vn 0.09798883646726608 0.9948973655700684 -0.024029340595006943 
vn -0.9400604963302612 0.2502588927745819 -0.23163928091526031 
vn -0.9936231374740601 0.08293189108371735 0.0763898640871048 
vn 0.978177011013031 0.17269186675548553 0.11553031951189041 
vn 0.05657946318387985 0.9954714179039001 -0.0763898640871048 
vn 0.9663671255111694 0.12785863876342773 0.22312943637371063 
vn 0.9919641613960266 0.060366444289684296 0.1111890971660614 
vn 0.9765815138816833 0.04526118189096451 0.2103329300880432 
vn -0.9524765014648438 0.3011396527290344 0.04586252197623253 
vn 0.3771098256111145 0.916587769985199 0.1328723281621933 
vn 0.9713614583015442 0.17276805639266968 -0.16312000155448914 
vn 0.984032392501831 0.0603962317109108 -0.16742929816246033 
vn 0.5075435042381287 0.22762911021709442 -0.8310141563415527 
vn 0.5127881765365601 0.0827474296092987 -0.8545181155204773 
vn 0.20776790380477905 0.9272510409355164 -0.31150925159454346 
vn -0.491388738155365 0.4407571852207184 0.7511792182922363 
vn -0.547746479511261 0.11591370403766632 0.8285757899284363 
vn -0.5577372908592224 0.04890071228146553 0.8285757899284363 
vn -0.559560239315033 0.018828412517905235 0.8285757899284363 
vn -0.5598642826080322 0.003766364185139537 0.8285757899284363 
vn -0.5597629547119141 0.011298410594463348 0.8285757899284363 
vn -0.5415459275245667 0.08996617794036865 0.8358433246612549 
vn -0.4992583096027374 0.3310423493385315 0.8007197380065918 
vn -0.42500609159469604 0.6708277463912964 0.607749879360199 
vn -0.020747845992445946 0.9472574591636658 0.3198012113571167 
vn -0.02075672708451748 0.9909157752990723 0.1328723281621933 
vn -0.016989942640066147 0.9985933303833008 0.05022686347365379 
vn -0.015101470053195953 0.9997690320014954 0.0152922747656703 
vn -0.2685312330722809 0.963268518447876 0.002184694167226553 
vn -0.9951823353767395 0.0980169028043747 0.002184694167226553 
vn -0.7494888305664062 -0.6601089239120483 0.05022686347365379 
vn -0.9127037525177002 -0.38928747177124023 0.1242060661315918 
vn -0.9459712505340576 -0.17999285459518433 0.26970529556274414 
vn -0.9955835342407227 0.0037728985771536827 -0.09380380809307098 
vn -0.5597619414329529 0.011346999555826187 -0.8285757899284363 
vn -0.05664477497339249 0.003791921539232135 -0.9983872175216675 
vn -0.0038889264687895775 0.01703849993646145 -0.9998472929000854 
vn 0.0038889264687895775 0.01703849993646145 -0.9998472929000854 
vn -0.002184688812121749 0.0037839922588318586 -0.9999904632568359 
vn -0.002184688812121749 0.0037839922588318586 -0.9999904632568359 
vn -0.055633947253227234 0.011308097280561924 -0.9983872175216675 
vn -0.5414808392524719 0.09035716950893402 -0.8358433246612549 
vn -0.9870393872261047 0.056578412652015686 -0.15017375349998474 
vn -0.8797104358673096 -0.4128759503364563 0.23588760197162628 
vn -0.7583202719688416 -0.6423296332359314 0.1111890971660614 
vn -0.9917111396789551 0.12802237272262573 0.010923261754214764 
vn -0.26851585507392883 0.963213324546814 -0.010923261754214764 
vn -0.015103200450539589 0.9998835325241089 0.002184694167226553 
vn -1.0339945994688668e-13 0.9998830556869507 0.0152922747656703 
vn -0.001887861406430602 0.9987360239028931 0.05022686347365379 
vn 0.001887112041004002 0.9911313652992249 0.1328723281621933 
vn 0.0018863173900172114 0.9474827647209167 0.3198012113571167 
vn -0.03393515571951866 0.7604289650917053 0.6485338807106018 
vn -0.05061826854944229 0.4000849425792694 0.9150791168212891 
vn -0.05885504186153412 0.11183182895183563 0.9919826984405518 
vn -0.05572463572025299 0.010852372273802757 0.9983872175216675 
vn -0.0566549077630043 0.0036373657640069723 0.9983872175216675 
vn -0.059356916695833206 0.014630165882408619 0.9981296062469482 
vn -0.05820975452661514 0.03861492872238159 0.9975572824478149 
vn -0.052266690880060196 0.105458565056324 0.9930492043495178 
vn -0.052501481026411057 0.3795742690563202 0.9236704111099243 
vn 0.005663945805281401 0.9843670129776001 -0.1760382205247879 
vn 0.05811446160078049 0.213221475481987 -0.9752739667892456 
vn 0.05548448860645294 0.0783158466219902 -0.9953833818435669 
vn -2.1971672121675126e-14 0.2124682515859604 -0.9771679639816284 
vn 0.001910788007080555 0.074186772108078 -0.9972425103187561 
vn 0.001910788007080555 0.074186772108078 -0.9972425103187561 
vn -2.1971672121675126e-14 0.2124682515859604 -0.9771679639816284 
vn 0.001910788007080555 0.074186772108078 -0.9972425103187561 
vn -0.001886976882815361 0.9886578321456909 -0.15017375349998474 
vn -0.00564715126529336 0.37505918741226196 0.926983654499054 
vn -0.001888211234472692 0.9893045425415039 -0.1458524912595749 
vn -2.1971672121675126e-14 0.2124682515859604 -0.9771679639816284 
vn 0.001910788007080555 0.074186772108078 -0.9972425103187561 
vn -2.1971672121675126e-14 0.2124682515859604 -0.9771679639816284 
vn -0.005727297160774469 0.07399003952741623 -0.9972425103187561 
vn -0.001888211234472692 0.9893045425415039 -0.1458524912595749 
vn 0.0018824469298124313 0.37509697675704956 0.926983654499054 
vn -1.082442969757352e-14 0.10467331111431122 0.9945066571235657 
vn -0.003607067046687007 0.04353082552552223 0.9990455508232117 
vn -1.082442969757352e-14 0.10467331111431122 0.9945066571235657 
vn 0.0018824469298124313 0.37509697675704956 0.926983654499054 
vn -0.001888211234472692 0.9893045425415039 -0.1458524912595749 
vn -2.1971672121675126e-14 0.2124682515859604 -0.9771679639816284 
vn -0.05444566532969475 0.21418766677379608 -0.9752739667892456 
vn -0.058554187417030334 0.07604806125164032 -0.9953833818435669 
vn -0.5075435042381287 0.22762911021709442 -0.8310141563415527 
vn -0.5127881765365601 0.0827474296092987 -0.8545181155204773 
vn -0.9706932306289673 0.17648373544216156 -0.16312000155448914 
vn -0.984032392501831 0.0603962317109108 -0.16742929816246033 
vn -0.9663671255111694 0.12785863876342773 0.22312943637371063 
vn -0.9765815138816833 0.04526118189096451 0.2103329300880432 
vn -0.9775139093399048 0.17640648782253265 0.11553031951189041 
vn -0.9917276501655579 0.06413425505161285 0.1111890971660614 
vn -0.9784404635429382 0.20231705904006958 0.04149730131030083 
vn -0.9968317151069641 0.0678563341498375 0.04149730131030083 
vn -0.9776685833930969 0.20986858010292053 0.010923261754214764 
vn -0.9970902800559998 0.07544279098510742 0.010923261754214764 
vn -0.9777246117591858 0.20988060534000397 0.002184694167226553 
vn -0.9971474409103394 0.07544711232185364 0.002184694167226553 
vn -0.9776685833930969 0.20986858010292053 -0.010923261754214764 
vn -0.9970902800559998 0.07544279098510742 -0.010923261754214764 
vn -0.9784404635429382 0.20231705904006958 -0.04149730131030083 
vn -0.9968317151069641 0.0678563341498375 -0.04149730131030083 
vn -0.9775139093399048 0.17640648782253265 -0.11553031951189041 
vn -0.9917276501655579 0.06413425505161285 -0.1111890971660614 
vn -0.9658432006835938 0.13175778090953827 -0.22312943637371063 
vn -0.9763965606689453 0.04909015819430351 -0.2103329300880432 
vn -0.9706932306289673 0.17648373544216156 0.16312000155448914 
vn -0.9837988615036011 0.06408777087926865 0.16742929816246033 
vn -0.507956326007843 0.22670641541481018 0.8310141563415527 
vn -0.5122061967849731 0.08627646416425705 0.8545181155204773 
vn -0.05750085413455963 0.21338777244091034 0.9752739667892456 
vn -0.060256559401750565 0.07470641285181046 0.9953833818435669 
vn -0.0037497419398278 0.21243515610694885 0.9771679639816284 
vn -0.0018501408630982041 0.07418830692768097 0.9972425103187561 
vn -0.0018501408630982041 0.07418830692768097 0.9972425103187561 
vn 0.0037497419398278 0.21243515610694885 0.9771679639816284 
vn -0.0018501408630982041 0.07418830692768097 0.9972425103187561 
vn -0.001886976882815361 0.9886578321456909 0.15017375349998474 
vn -0.001887991209514439 0.9843814969062805 0.1760382205247879 
vn -0.20408353209495544 0.9280689358711243 0.31150925159454346 
vn -0.3736167550086975 0.9180171489715576 -0.1328723281621933 
vn -0.05657946318387985 0.9954714179039001 0.0763898640871048 
vn -0.09798883646726608 0.9948973655700684 0.024029340595006943 
vn -0.1280297040939331 0.991767942905426 0.002184694167226553 
vn -0.1429940164089203 0.9897211194038391 0.002184694167226553 
vn -0.1429940164089203 0.9897211194038391 0.002184694167226553 
vn -0.1429940164089203 0.9897211194038391 -0.002184694167226553 
vn -0.1280297040939331 0.991767942905426 -0.002184694167226553 
vn -0.09798883646726608 0.9948973655700684 -0.024029340595006943 
vn -0.05657946318387985 0.9954714179039001 -0.0763898640871048 
vn -0.3736167550086975 0.9180171489715576 0.1328723281621933 
vn -0.20408353209495544 0.9280689358711243 -0.31150925159454346 
vn -0.001887991209514439 0.9843814969062805 -0.1760382205247879 
vn -0.001886976882815361 0.9886578321456909 -0.15017375349998474 
vn 0.0018824469298124313 0.37509697675704956 0.926983654499054 
vn -1.082442969757352e-14 0.10467331111431122 0.9945066571235657 
vn 0.003627474419772625 0.03914668411016464 0.9992268681526184 
vn -0.006688034627586603 0.016146345064044 0.9998472929000854 
vn -0.0035349009558558464 0.002568255877122283 0.9999904632568359 
vn -1.8072902708757407e-15 0.017476677894592285 0.9998472929000854 
vn 0.003627474419772625 0.03914668411016464 0.9992268681526184 
vn -1.082442969757352e-14 0.10467331111431122 0.9945066571235657 
vn 0.0018824469298124313 0.37509697675704956 0.926983654499054 
vn 0.052501481026411057 0.3795742690563202 0.9236704111099243 
vn 0.491388738155365 0.4407571852207184 0.7511792182922363 
vn 0.9536081552505493 0.2975366711616516 0.04586252197623253 
vn 0.9390815496444702 0.25390753149986267 -0.23163928091526031 
vn 0.9383171796798706 0.3259042203426361 -0.11553031951189041 
vn 0.9315086007118225 0.3613443374633789 -0.04149730131030083 
vn 0.9294984340667725 0.3686642050743103 -0.010923261754214764 
vn 0.9267409443855286 0.3756946325302124 0.002184694167226553 
vn 0.9294984340667725 0.3686642050743103 0.010923261754214764 
vn 0.9315086007118225 0.3613443374633789 0.04149730131030083 
vn 0.9383171796798706 0.3259042203426361 0.11553031951189041 
vn 0.9391642808914185 0.2536013722419739 0.23163928091526031 
vn 0.9536081552505493 0.2975366711616516 -0.04586252197623253 
vn 0.4908013343811035 0.44141119718551636 -0.7511792182922363 
vn 0.04907761141657829 0.38003212213516235 -0.9236704111099243 
vn -3.878985010258816e-14 0.3751016855239868 -0.926983654499054 
vn -1.0230570324275615e-13 0.9893063306808472 0.1458524912595749 
vn 0.0037497419398278 0.21243515610694885 0.9771679639816284 
vn -1.0230570324275615e-13 0.9893063306808472 0.1458524912595749 
vn -3.878985010258816e-14 0.3751016855239868 -0.926983654499054 
vn 0.005666899029165506 0.1045197993516922 -0.9945066571235657 
vn 0.053264837712049484 0.1049579605460167 -0.9930492043495178 
vn 0.5468433499336243 0.12010221183300018 -0.8285757899284363 
vn 0.9936231374740601 0.08293189108371735 -0.0763898640871048 
vn 0.964512050151825 0.06030406430363655 0.25706008076667786 
vn 0.9882262349128723 0.08298367261886597 0.12854042649269104 
vn 0.9939170479774475 0.0980108454823494 0.05022686347365379 
vn 0.9942998290061951 0.10551747679710388 0.0152922747656703 
vn 0.9944137930870056 0.10552956163883209 0.002184694167226553 
vn 0.9942998290061951 0.10551747679710388 -0.0152922747656703 
vn 0.9939170479774475 0.0980108454823494 -0.05022686347365379 
vn 0.9882262349128723 0.08298367261886597 -0.12854042649269104 
vn 0.9645074009895325 0.06037897244095802 -0.25706008076667786 
vn 0.9936231374740601 0.08293189108371735 0.0763898640871048 
vn 0.546954333782196 0.11959584057331085 0.8285757899284363 
vn 0.05558636039495468 0.10374715924263 0.9930492043495178 
vn -1.082442969757352e-14 0.10467331111431122 0.9945066571235657 
vn 0.003627474419772625 0.03914668411016464 0.9992268681526184 
vn -1.8072902708757407e-15 0.017476677894592285 0.9998472929000854 
vn 0.0013502120273187757 0.0041555254720151424 0.9999904632568359 
vn -1.3584084427309948e-15 0.013107799924910069 0.9999141097068787 
vn -1.1747903133152784e-14 0.1133599802851677 0.9935539960861206 
vn -1.3584084427309948e-15 0.013107799924910069 0.9999141097068787 
vn 0.0013502120273187757 0.0041555254720151424 0.9999904632568359 
vn -1.8072902708757407e-15 0.017476677894592285 0.9998472929000854 
vn 0.003607067046687007 0.04353082552552223 0.9990455508232117 
vn 0.056072086095809937 0.041658248752355576 0.9975572824478149 
vn 0.5580536723136902 0.04514763504266739 0.8285757899284363 
vn 0.9969450831413269 0.030197136104106903 0.07203252613544464 
vn 0.9638459086418152 0.022657621651887894 -0.26549527049064636 
vn 0.990673303604126 0.030189139768481255 -0.1328723281621933 
vn 0.9980242252349854 0.03774825483560562 -0.05022686347365379 
vn 0.9991703629493713 0.037746138870716095 -0.0152922747656703 
vn 0.9992848038673401 0.03775046393275261 0.002184694167226553 
vn 0.9991703629493713 0.037746138870716095 0.0152922747656703 
vn 0.9980242252349854 0.03774825483560562 0.05022686347365379 
vn 0.990673303604126 0.030189139768481255 0.1328723281621933 
vn 0.9638465642929077 0.02262941189110279 0.26549527049064636 
vn 0.9969450831413269 0.030197136104106903 -0.07203252613544464 
vn 0.5580379366874695 0.04534139484167099 -0.8285757899284363 
vn 0.05560975521802902 0.04227343574166298 -0.9975572824478149 
vn -4.517018337602159e-15 0.043680015951395035 -0.9990455508232117 
vn -0.0018897876143455505 0.10465624928474426 -0.9945066571235657 
vn -3.878985010258816e-14 0.3751016855239868 -0.926983654499054 
vn -0.0018897876143455505 0.10465624928474426 -0.9945066571235657 
vn -4.065562058693352e-15 0.0393143892288208 -0.9992268681526184 
vn 0.0038889264687895775 0.01703849993646145 -0.9998472929000854 
vn -0.002184688812121749 0.0037839922588318586 -0.9999904632568359 
vn 0.0040505328215658665 0.012466258369386196 -0.9999141097068787 
vn 0.0040505328215658665 0.012466258369386196 -0.9999141097068787 
vn -0.0040505328215658665 0.012466258369386196 -0.9999141097068787 
vn -0.05652854964137077 0.11302565038204193 -0.9919826984405518 
vn -0.5009508728981018 0.3284754455089569 -0.8007197380065918 
vn -0.9662233591079712 0.2208106964826584 -0.1328723281621933 
vn -0.7660777568817139 -0.6181710362434387 0.1760382205247879 
vn -0.9848379492759705 0.17280155420303345 0.0152922747656703 
vn -0.24850136041641235 0.967545211315155 -0.04586252197623253 
vn -0.015101470053195953 0.9997690320014954 -0.0152922747656703 
vn -1.0341130485562108e-13 0.999997615814209 0.002184694167226553 
vn -1.0339945994688668e-13 0.9998830556869507 0.0152922747656703 
vn -0.001887861406430602 0.9987360239028931 0.05022686347365379 
vn 0.001887112041004002 0.9911313652992249 0.1328723281621933 
vn 0.0018863173900172114 0.9474827647209167 0.3198012113571167 
vn -0.0018850128399208188 0.7668217420578003 0.641857385635376 
vn -0.0018850128399208188 0.7668217420578003 0.641857385635376 
vn -4.2025868326805646e-14 0.40726879239082336 0.913308322429657 
vn -1.1747903133152784e-14 0.1133599802851677 0.9935539960861206 
vn -1.3584084427309948e-15 0.013107799924910069 0.9999141097068787 
vn 0.0013502120273187757 0.0041555254720151424 0.9999904632568359 
vn 0.006688034627586603 0.016146345064044 0.9998472929000854 
vn 0.059356916695833206 0.014630165882408619 0.9981296062469482 
vn 0.5596742630004883 0.015063751488924026 0.8285757899284363 
vn 0.9975931644439697 0.015104919672012329 0.06767380982637405 
vn 0.9629132747650146 0.007553416769951582 -0.26970529556274414 
vn 0.9910181760787964 0.015096321702003479 -0.1328723281621933 
vn 0.9986236691474915 0.015102324075996876 -0.05022686347365379 
vn 0.9997690320014954 0.015101470053195953 -0.0152922747656703 
vn 0.9998835325241089 0.015103200450539589 0.002184694167226553 
vn 0.9997690320014954 0.015101470053195953 0.0152922747656703 
vn 0.9986236691474915 0.015102324075996876 0.05022686347365379 
vn 0.9910181760787964 0.015096321702003479 0.1328723281621933 
vn 0.9629133343696594 0.007543998770415783 0.26970529556274414 
vn 0.9975931644439697 0.015104919672012329 -0.06767380982637405 
vn 0.5596725344657898 0.015128526836633682 -0.8285757899284363 
vn 0.05921272560954094 0.015203244052827358 -0.9981296062469482 
vn 0.0038889264687895775 0.01703849993646145 -0.9998472929000854 
vn -4.065562058693352e-15 0.0393143892288208 -0.9992268681526184 
vn 0.0038889264687895775 0.01703849993646145 -0.9998472929000854 
vn -0.002184688812121749 0.0037839922588318586 -0.9999904632568359 
vn 0.0040505328215658665 0.012466258369386196 -0.9999141097068787 
vn 0.0037879212759435177 0.11329668015241623 -0.9935539960861206 
vn 0.0037879212759435177 0.11329668015241623 -0.9935539960861206 
vn 0.0037879212759435177 0.11329668015241623 -0.9935539960861206 
vn -0.0037879212759435177 0.11329668015241623 -0.9935539960861206 
vn -0.047165077179670334 0.4005067050457001 -0.9150791168212891 
vn -0.429338276386261 0.6680634021759033 -0.607749879360199 
vn -0.9670296907424927 0.25390365719795227 -0.01966099627315998 
vn -0.23013150691986084 0.9646329879760742 -0.12854042649269104 
vn -0.016989942640066147 0.9985933303833008 -0.05022686347365379 
vn -1.0339945994688668e-13 0.9998830556869507 -0.0152922747656703 
vn -1.0341130485562108e-13 0.999997615814209 0.002184694167226553 
vn -1.0339945994688668e-13 0.9998830556869507 0.0152922747656703 
vn -0.001887861406430602 0.9987360239028931 0.05022686347365379 
vn 0.001887112041004002 0.9911313652992249 0.1328723281621933 
vn 0.0018863173900172114 0.9474827647209167 0.3198012113571167 
vn -0.0018850128399208188 0.7668217420578003 0.641857385635376 
vn -4.2025868326805646e-14 0.40726879239082336 0.913308322429657 
vn -4.2025868326805646e-14 0.40726879239082336 0.913308322429657 
vn -1.1747903133152784e-14 0.1133599802851677 0.9935539960861206 
vn -1.3584084427309948e-15 0.013107799924910069 0.9999141097068787 
vn 0.0013502120273187757 0.0041555254720151424 0.9999904632568359 
vn 0.05630545690655708 0.007259785197675228 0.9983872175216675 
vn 0.5598262548446655 0.007532557472586632 0.8285757899284363 
vn 0.9977074861526489 0 0.06767380982637405 
vn 0.962942898273468 0 -0.26970529556274414 
vn 0.99051433801651 0.007553040981292725 -0.1372016966342926 
vn 0.9987092614173889 0.007551378104835749 -0.05022686347365379 
vn 0.999854564666748 0.007550950627774 -0.0152922747656703 
vn 0.9999691247940063 0.007551815826445818 0.002184694167226553 
vn 0.999854564666748 0.007550950627774 0.0152922747656703 
vn 0.9987092614173889 0.007551378104835749 0.05022686347365379 
vn 0.9905143976211548 0.0075438860803842545 0.1372016966342926 
vn 0.962942898273468 0 0.26970529556274414 
vn 0.9977074861526489 0 -0.06767380982637405 
vn 0.5598258376121521 0.0075649539940059185 -0.8285757899284363 
vn 0.056265007704496384 0.0075669074431061745 -0.9983872175216675 
vn 0.004369377624243498 0 -0.9999904632568359 
vn 0.0040505328215658665 0.012466258369386196 -0.9999141097068787 
vn 0.05475441366434097 0.014998783357441425 -0.9983872175216675 
vn 0.5598258376121521 0.0075649539940059185 -0.8285757899284363 
vn 0.9977074861526489 0 -0.06767380982637405 
vn 0.9629133343696594 -0.007543998770415783 0.26970529556274414 
vn 0.9905431270599365 0 0.1372016966342926 
vn 0.9987378120422363 0 0.05022686347365379 
vn 0.9998830556869507 0 0.0152922747656703 
vn 0.999997615814209 0 0.002184694167226553 
vn 0.9998830556869507 0 -0.0152922747656703 
vn 0.9987378120422363 0 -0.05022686347365379 
vn 0.9905431270599365 0 -0.1372016966342926 
vn 0.9629132747650146 -0.007553416769951582 -0.26970529556274414 
vn 0.9977074861526489 0 0.06767380982637405 
vn 0.5598262548446655 0.007532557472586632 0.8285757899284363 
vn 0.05491483211517334 0.014400364831089973 0.9983872175216675 
vn -1.3584084427309948e-15 0.013107799924910069 0.9999141097068787 
vn -1.1747903133152784e-14 0.1133599802851677 0.9935539960861206 
vn -4.2025868326805646e-14 0.40726879239082336 0.913308322429657 
vn -1.1747903133152784e-14 0.1133599802851677 0.9935539960861206 
vn 0.05554668977856636 0.11351140588521957 0.9919826984405518 
vn 0.5415459275245667 0.08996617794036865 0.8358433246612549 
vn 0.9955906867980957 0 0.09380380809307098 
vn 0.9606875777244568 -0.04530487582087517 -0.27391019463539124 
vn 0.9898232817649841 -0.03775642067193985 -0.1372016966342926 
vn 0.9980242252349854 -0.03774825483560562 -0.05022686347365379 
vn 0.9991703629493713 -0.037746138870716095 -0.0152922747656703 
vn 0.9992848038673401 -0.03775046393275261 0.002184694167226553 
vn 0.9991703629493713 -0.037746138870716095 0.0152922747656703 
vn 0.9980242252349854 -0.03774825483560562 0.05022686347365379 
vn 0.9898250102996826 -0.037710677832365036 0.1372016966342926 
vn 0.9606902599334717 -0.0452483594417572 0.27391019463539124 
vn 0.9955906867980957 0 -0.09380380809307098 
vn 0.5414808392524719 0.09035716950893402 -0.8358433246612549 
vn 0.053122036159038544 0.11466614156961441 -0.9919826984405518 
vn 0.0037879212759435177 0.11329668015241623 -0.9935539960861206 
vn 0.003785367589443922 0.4072512090206146 -0.913308322429657 
vn 0.050918854773044586 0.40004679560661316 -0.9150791168212891 
vn 0.5009508728981018 0.3284754455089569 -0.8007197380065918 
vn 0.9872481822967529 0.05281023681163788 -0.15017375349998474 
vn 0.9459712505340576 -0.17999285459518433 0.26970529556274414 
vn 0.9779013395309448 -0.15774860978126526 0.1372016966342926 
vn 0.9884496331214905 -0.142984539270401 0.05022686347365379 
vn 0.9896077513694763 -0.14297764003276825 0.0152922747656703 
vn 0.9897211194038391 -0.1429940164089203 0.002184694167226553 
vn 0.9896077513694763 -0.14297764003276825 -0.0152922747656703 
vn 0.9884496331214905 -0.142984539270401 -0.05022686347365379 
vn 0.9778707027435303 -0.1579384058713913 -0.1372016966342926 
vn 0.9459289908409119 -0.18021491169929504 -0.26970529556274414 
vn 0.9872481822967529 0.05281023681163788 0.15017375349998474 
vn 0.5013325810432434 0.32789257168769836 0.8007197380065918 
vn 0.04688643664121628 0.40053942799568176 0.9150791168212891 
vn -4.2025868326805646e-14 0.40726879239082336 0.913308322429657 
vn -0.0018850128399208188 0.7668217420578003 0.641857385635376 
vn 0.0018863173900172114 0.9474827647209167 0.3198012113571167 
vn 0.005654993001371622 0.7668032050132751 0.641857385635376 
vn 0.03393515571951866 0.7604289650917053 0.6485338807106018 
vn 0.42500609159469604 0.6708277463912964 0.607749879360199 
vn 0.9653754830360413 0.22448845207691193 0.1328723281621933 
vn 0.8781005144119263 -0.41628900170326233 -0.23588760197162628 
vn 0.9127037525177002 -0.38928747177124023 -0.1242060661315918 
vn 0.9196133017539978 -0.3896006643772125 -0.05022686347365379 
vn 0.9208555221557617 -0.38960394263267517 -0.0152922747656703 
vn 0.9209610223770142 -0.38964858651161194 0.002184694167226553 
vn 0.9208555221557617 -0.38960394263267517 0.0152922747656703 
vn 0.9196133017539978 -0.3896006643772125 0.05022686347365379 
vn 0.9127037525177002 -0.38928747177124023 0.1242060661315918 
vn 0.8781005144119263 -0.41628900170326233 0.23588760197162628 
vn 0.9653754830360413 0.22448845207691193 -0.1328723281621933 
vn 0.429338276386261 0.6680634021759033 -0.607749879360199 
vn 0.03964875265955925 0.7601524591445923 -0.6485338807106018 
vn 0.00377592328004539 0.7668147683143616 -0.641857385635376 
vn 0.003785367589443922 0.4072512090206146 -0.913308322429657 
vn 0.003785367589443922 0.4072512090206146 -0.913308322429657 
vn 0.003785367589443922 0.4072512090206146 -0.913308322429657 
vn -0.003785367589443922 0.4072512090206146 -0.913308322429657 
vn -0.035875629633665085 0.7603398561477661 -0.6485338807106018 
vn -0.2988118529319763 0.8976500630378723 -0.3239381015300751 
vn -0.02075672708451748 0.9909157752990723 -0.1328723281621933 
vn -0.001887861406430602 0.9987360239028931 -0.05022686347365379 
vn -1.0339945994688668e-13 0.9998830556869507 -0.0152922747656703 
vn -1.0341130485562108e-13 0.999997615814209 0.002184694167226553 
vn -1.0339945994688668e-13 0.9998830556869507 0.0152922747656703 
vn -0.001887861406430602 0.9987360239028931 0.05022686347365379 
vn 0.001887112041004002 0.9911313652992249 0.1328723281621933 
vn 0.0018863173900172114 0.9474827647209167 0.3198012113571167 
vn 0.024519404396414757 0.9471673369407654 0.3198012113571167 
vn 0.2966555655002594 0.8983649611473083 0.3239381015300751 
vn 0.9670296907424927 0.25390365719795227 0.01966099627315998 
vn 0.7637008428573608 -0.6211050748825073 -0.1760382205247879 
vn 0.755874752998352 -0.6452056765556335 -0.1111890971660614 
vn 0.7519789934158325 -0.6572707891464233 -0.05022686347365379 
vn 0.7484232187271118 -0.6630451083183289 -0.0152922747656703 
vn 0.7485089898109436 -0.6631211042404175 0.002184694167226553 
vn 0.7484232187271118 -0.6630451083183289 0.0152922747656703 
vn 0.7519789934158325 -0.6572707891464233 0.05022686347365379 
vn 0.755874752998352 -0.6452056765556335 0.1111890971660614 
vn 0.7637008428573608 -0.6211050748825073 0.1760382205247879 
vn 0.9670296907424927 0.25390365719795227 -0.01966099627315998 
vn 0.29522618651390076 0.8988357186317444 -0.3239381015300751 
vn 0.022662388160824776 0.9472135901451111 -0.3198012113571167 
vn -9.798086143429294e-14 0.9474846720695496 -0.3198012113571167 
vn 0.00377592328004539 0.7668147683143616 -0.641857385635376 
vn 0.00377592328004539 0.7668147683143616 -0.641857385635376 
vn 0.00377592328004539 0.7668147683143616 -0.641857385635376 
vn -0.00377592328004539 0.7668147683143616 -0.641857385635376 
vn -0.022662388160824776 0.9472135901451111 -0.3198012113571167 
vn 0.001887112041004002 0.9911313652992249 -0.1328723281621933 
vn -9.798086143429294e-14 0.9474846720695496 -0.3198012113571167 
vn -9.798086143429294e-14 0.9474846720695496 -0.3198012113571167 
vn 0.001887112041004002 0.9911313652992249 -0.1328723281621933 
vn -0.001887861406430602 0.9987360239028931 -0.05022686347365379 
vn -1.0339945994688668e-13 0.9998830556869507 -0.0152922747656703 
vn -1.0341130485562108e-13 0.999997615814209 0.002184694167226553 
vn -1.0339945994688668e-13 0.9998830556869507 0.0152922747656703 
vn -0.001887861406430602 0.9987360239028931 0.05022686347365379 
vn 0.001887112041004002 0.9911313652992249 0.1328723281621933 
vn 0.016983186826109886 0.9909876585006714 0.1328723281621933 
vn 0.2338031381368637 0.9637497067451477 0.12854042649269104 
vn 0.9848379492759705 0.17280155420303345 -0.0152922747656703 
vn 0.9917111396789551 0.12802237272262573 -0.010923261754214764 
vn 0.013214651495218277 0.9986504316329956 0.05022686347365379 
vn 0.015101470053195953 0.9997690320014954 0.0152922747656703 
vn -1.0341130485562108e-13 0.999997615814209 0.002184694167226553 
vn -1.0339945994688668e-13 0.9998830556869507 -0.0152922747656703 
vn -0.001887861406430602 0.9987360239028931 -0.05022686347365379 
vn 0.001887112041004002 0.9911313652992249 -0.1328723281621933 
vn 0.2448417991399765 0.968477725982666 0.04586252197623253 
vn -0.001887861406430602 0.9987360239028931 -0.05022686347365379 
vn -1.0339945994688668e-13 0.9998830556869507 -0.0152922747656703 
vn 0.015103200450539589 0.9998835325241089 0.002184694167226553 
vn 0.26851585507392883 0.963213324546814 0.010923261754214764 
vn 0.9951823353767395 0.0980169028043747 -0.002184694167226553 
vn 0.9965491890907288 0.08297525346279144 0.002184694167226553 
vn 0.2685312330722809 0.963268518447876 0.002184694167226553 
vn 0.015101470053195953 0.9997690320014954 -0.0152922747656703 
vn -0.001887861406430602 0.9987360239028931 -0.05022686347365379 
vn 0.001887112041004002 0.9911313652992249 -0.1328723281621933 
vn -9.798086143429294e-14 0.9474846720695496 -0.3198012113571167 
vn -9.798086143429294e-14 0.9474846720695496 -0.3198012113571167 
vn 0.001887112041004002 0.9911313652992249 -0.1328723281621933 
vn 0.013214651495218277 0.9986504316329956 -0.05022686347365379 
vn 0.26851585507392883 0.963213324546814 -0.010923261754214764 
vn 0.9951823353767395 0.0980169028043747 0.002184694167226553 
vn 0.9917111396789551 0.12802237272262573 0.010923261754214764 
vn 0.2448417991399765 0.968477725982666 -0.04586252197623253 
vn 0.016983186826109886 0.9909876585006714 -0.1328723281621933 
vn 0.2338031381368637 0.9637497067451477 -0.12854042649269104 
vn 0.9848379492759705 0.17280155420303345 0.0152922747656703 
s on 
f 1//1 2//2 3//3 
f 2//2 2//2 3//3 
f 3//3 2//2 4//4 
f 2//2 5//5 4//4 
f 4//4 5//5 6//6 
f 5//5 7//7 6//6 
f 6//6 7//7 8//8 
f 7//7 9//9 8//8 
f 8//8 9//9 10//10 
f 9//9 11//11 10//10 
f 10//10 11//11 12//12 
f 11//11 13//13 12//12 
f 12//12 13//13 12//12 
f 13//13 14//14 12//12 
f 12//12 14//14 12//12 
f 14//14 15//15 12//12 
f 12//12 15//15 12//12 
f 15//15 16//16 12//12 
f 12//12 16//16 10//10 
f 16//16 17//17 10//10 
f 10//10 17//17 8//8 
f 17//17 18//18 8//8 
f 8//8 18//18 6//6 
f 18//18 19//19 6//6 
f 6//6 19//19 4//4 
f 19//19 20//20 4//4 
f 4//4 20//20 3//3 
f 20//20 3//3 3//3 
f 3//3 3//3 20//20 
f 3//3 20//20 20//20 
f 20//20 20//20 21//21 
f 20//20 19//19 21//21 
f 21//21 19//19 22//22 
f 19//19 18//18 22//22 
f 22//22 18//18 23//23 
f 18//18 17//17 23//23 
f 23//23 17//17 24//24 
f 17//17 16//16 24//24 
f 24//24 16//16 25//25 
f 16//16 15//15 25//25 
f 25//25 15//15 26//26 
f 15//15 15//15 26//26 
f 26//26 15//15 27//27 
f 15//15 14//14 27//27 
f 27//27 14//14 28//28 
f 14//14 14//14 28//28 
f 28//28 14//14 29//29 
f 14//14 13//13 29//29 
f 29//29 13//13 30//30 
f 13//13 13//13 30//30 
f 30//30 13//13 31//31 
f 13//13 11//11 31//31 
f 31//31 11//11 32//32 
f 11//11 9//9 32//32 
f 32//32 9//9 33//33 
f 9//9 7//7 33//33 
f 33//33 7//7 34//34 
f 7//7 5//5 34//34 
f 34//34 5//5 35//35 
f 5//5 2//2 35//35 
f 35//35 2//2 36//36 
f 2//2 1//1 36//36 
f 36//36 1//1 36//36 
f 1//1 37//37 36//36 
f 36//36 37//37 36//36 
f 37//37 38//38 36//36 
f 36//36 38//38 36//36 
f 38//38 39//39 36//36 
f 36//36 39//39 35//35 
f 39//39 40//40 35//35 
f 35//35 40//40 34//34 
f 40//40 41//41 34//34 
f 34//34 41//41 33//33 
f 41//41 42//42 33//33 
f 33//33 42//42 32//32 
f 42//42 43//43 32//32 
f 32//32 43//43 31//31 
f 43//43 44//44 31//31 
f 31//31 44//44 30//30 
f 44//44 45//45 30//30 
f 30//30 45//45 46//46 
f 45//45 47//47 46//46 
f 46//46 47//47 46//46 
f 47//47 48//48 46//46 
f 46//46 48//48 46//46 
f 48//48 49//49 46//46 
f 46//46 49//49 29//29 
f 49//49 28//28 29//29 
f 29//29 28//28 28//28 
f 28//28 30//30 28//28 
f 28//28 30//30 30//30 
f 30//30 46//46 30//30 
f 30//30 46//46 29//29 
f 46//46 29//29 29//29 
f 29//29 29//29 47//47 
f 29//29 47//47 47//47 
f 47//47 47//47 50//50 
f 47//47 45//45 50//50 
f 50//50 45//45 51//51 
f 45//45 44//44 51//51 
f 51//51 44//44 52//52 
f 44//44 43//43 52//52 
f 52//52 43//43 53//53 
f 43//43 42//42 53//53 
f 53//53 42//42 54//54 
f 42//42 41//41 54//54 
f 54//54 41//41 55//55 
f 41//41 40//40 55//55 
f 55//55 40//40 56//56 
f 40//40 39//39 56//56 
f 56//56 39//39 57//57 
f 39//39 38//38 57//57 
f 57//57 38//38 58//58 
f 38//38 38//38 58//58 
f 58//58 38//38 59//59 
f 38//38 37//37 59//59 
f 59//59 37//37 60//60 
f 37//37 37//37 60//60 
f 60//60 37//37 61//61 
f 37//37 1//1 61//61 
f 61//61 1//1 62//62 
f 1//1 3//3 62//62 
f 62//62 3//3 63//63 
f 3//3 20//20 63//63 
f 63//63 20//20 64//64 
f 20//20 21//21 64//64 
f 64//64 21//21 65//65 
f 21//21 21//21 65//65 
f 65//65 21//21 66//66 
f 21//21 22//22 66//66 
f 66//66 22//22 67//67 
f 22//22 23//23 67//67 
f 67//67 23//23 68//68 
f 23//23 24//24 68//68 
f 68//68 24//24 69//69 
f 24//24 25//25 69//69 
f 69//69 25//25 70//70 
f 25//25 26//26 70//70 
f 70//70 26//26 71//71 
f 26//26 26//26 71//71 
f 71//71 26//26 72//72 
f 26//26 27//27 72//72 
f 72//72 27//27 73//73 
f 27//27 28//28 73//73 
f 73//73 28//28 74//74 
f 28//28 49//49 74//74 
f 74//74 49//49 75//75 
f 49//49 48//48 75//75 
f 75//75 48//48 76//76 
f 48//48 48//48 76//76 
f 76//76 48//48 77//77 
f 48//48 47//47 77//77 
f 77//77 47//47 78//78 
f 47//47 50//50 78//78 
f 78//78 50//50 79//79 
f 50//50 50//50 79//79 
f 79//79 50//50 80//80 
f 50//50 51//51 80//80 
f 80//80 51//51 81//81 
f 51//51 52//52 81//81 
f 81//81 52//52 82//82 
f 52//52 53//53 82//82 
f 82//82 53//53 83//83 
f 53//53 54//54 83//83 
f 83//83 54//54 84//84 
f 54//54 55//55 84//84 
f 84//84 55//55 85//85 
f 55//55 56//56 85//85 
f 85//85 56//56 86//86 
f 56//56 57//57 86//86 
f 86//86 57//57 87//87 
f 57//57 58//58 87//87 
f 87//87 58//58 88//88 
f 58//58 58//58 88//88 
f 88//88 58//58 89//89 
f 58//58 59//59 89//89 
f 89//89 59//59 90//90 
f 59//59 60//60 90//90 
f 90//90 60//60 91//91 
f 60//60 92//92 91//91 
f 91//91 92//92 93//93 
f 92//92 61//61 93//93 
f 93//93 61//61 93//93 
f 61//61 62//62 93//93 
f 93//93 62//62 94//94 
f 62//62 63//63 94//94 
f 94//94 63//63 95//95 
f 63//63 64//64 95//95 
f 95//95 64//64 96//96 
f 64//64 65//65 96//96 
f 96//96 65//65 97//97 
f 65//65 65//65 97//97 
f 97//97 65//65 98//98 
f 65//65 66//66 98//98 
f 98//98 66//66 99//99 
f 66//66 67//67 99//99 
f 99//99 67//67 100//100 
f 67//67 68//68 100//100 
f 100//100 68//68 101//101 
f 68//68 69//69 101//101 
f 101//101 69//69 102//102 
f 69//69 70//70 102//102 
f 102//102 70//70 103//103 
f 70//70 71//71 103//103 
f 103//103 71//71 104//104 
f 71//71 71//71 104//104 
f 104//104 71//71 105//105 
f 71//71 72//72 105//105 
f 105//105 72//72 106//106 
f 72//72 73//73 106//106 
f 106//106 73//73 107//107 
f 73//73 74//74 107//107 
f 107//107 74//74 108//108 
f 74//74 75//75 108//108 
f 108//108 75//75 109//109 
f 75//75 76//76 109//109 
f 109//109 76//76 110//110 
f 76//76 76//76 110//110 
f 110//110 76//76 111//111 
f 76//76 77//77 111//111 
f 111//111 77//77 112//112 
f 77//77 78//78 112//112 
f 112//112 78//78 113//113 
f 78//78 79//79 113//113 
f 113//113 79//79 114//114 
f 79//79 79//79 114//114 
f 114//114 79//79 115//115 
f 79//79 80//80 115//115 
f 115//115 80//80 116//116 
f 80//80 81//81 116//116 
f 116//116 81//81 117//117 
f 81//81 82//82 117//117 
f 117//117 82//82 118//118 
f 82//82 83//83 118//118 
f 118//118 83//83 119//119 
f 83//83 84//84 119//119 
f 119//119 84//84 120//120 
f 84//84 85//85 120//120 
f 120//120 85//85 121//121 
f 85//85 86//86 121//121 
f 121//121 86//86 122//122 
f 86//86 87//87 122//122 
f 122//122 87//87 123//123 
f 87//87 88//88 123//123 
f 123//123 88//88 124//124 
f 88//88 88//88 124//124 
f 124//124 88//88 125//125 
f 88//88 89//89 125//125 
f 125//125 89//89 126//126 
f 89//89 90//90 126//126 
f 126//126 90//90 127//127 
f 90//90 91//91 127//127 
f 127//127 91//91 128//128 
f 91//91 93//93 128//128 
f 128//128 93//93 128//128 
f 93//93 94//94 128//128 
f 128//128 94//94 129//129 
f 94//94 95//95 129//129 
f 129//129 95//95 130//130 
f 95//95 96//96 130//130 
f 130//130 96//96 131//131 
f 96//96 97//97 131//131 
f 131//131 97//97 132//132 
f 97//97 97//97 132//132 
f 132//132 97//97 133//133 
f 97//97 98//98 133//133 
f 133//133 98//98 134//134 
f 98//98 99//99 134//134 
f 134//134 99//99 135//135 
f 99//99 100//100 135//135 
f 135//135 100//100 136//136 
f 100//100 101//101 136//136 
f 136//136 101//101 137//137 
f 101//101 102//102 137//137 
f 137//137 102//102 138//138 
f 102//102 103//103 138//138 
f 138//138 103//103 139//139 
f 103//103 104//104 139//139 
f 139//139 104//104 104//104 
f 104//104 61//61 104//104 
f 104//104 61//61 61//61 
f 61//61 92//92 61//61 
f 61//61 92//92 60//60 
f 92//92 60//60 60//60 
f 60//60 60//60 110//110 
f 60//60 110//110 110//110 
f 110//110 110//110 109//109 
f 110//110 140//140 109//109 
f 109//109 140//140 140//140 
f 140//140 139//139 140//140 
f 140//140 139//139 139//139 
f 139//139 141//141 139//139 
f 139//139 141//141 138//138 
f 141//141 142//142 138//138 
f 138//138 142//142 137//137 
f 142//142 143//143 137//137 
f 137//137 143//143 136//136 
f 143//143 144//144 136//136 
f 136//136 144//144 135//135 
f 144//144 145//145 135//135 
f 135//135 145//145 134//134 
f 145//145 146//146 134//134 
f 134//134 146//146 133//133 
f 146//146 147//147 133//133 
f 133//133 147//147 132//132 
f 147//147 132//132 132//132 
f 132//132 132//132 142//142 
f 132//132 142//142 142//142 
f 142//142 142//142 148//148 
f 142//142 141//141 148//148 
f 148//148 141//141 141//141 
f 141//141 147//147 141//141 
f 141//141 147//147 147//147 
f 147//147 146//146 147//147 
f 147//147 146//146 149//149 
f 146//146 146//146 149//149 
f 149//149 146//146 150//150 
f 146//146 145//145 150//150 
f 150//150 145//145 151//151 
f 145//145 144//144 151//151 
f 151//151 144//144 152//152 
f 144//144 143//143 152//152 
f 152//152 143//143 153//153 
f 143//143 142//142 153//153 
f 153//153 142//142 153//153 
f 142//142 148//148 153//153 
f 153//153 148//148 153//153 
f 148//148 154//154 153//153 
f 153//153 154//154 155//155 
f 154//154 156//156 155//155 
f 155//155 156//156 156//156 
f 156//156 153//153 156//156 
f 156//156 153//153 153//153 
f 153//153 155//155 153//153 
f 153//153 155//155 152//152 
f 155//155 157//157 152//152 
f 152//152 157//157 151//151 
f 157//157 158//158 151//151 
f 151//151 158//158 150//150 
f 158//158 159//159 150//150 
f 150//150 159//159 149//149 
f 159//159 149//149 149//149 
f 149//149 149//149 155//155 
f 149//149 155//155 155//155 
f 155//155 155//155 157//157 
f 155//155 160//160 157//157 
f 157//157 160//160 161//161 
f 160//160 160//160 161//161 
f 161//161 160//160 162//162 
f 160//160 163//163 162//162 
f 162//162 163//163 164//164 
f 163//163 164//164 164//164 
f 164//164 164//164 157//157 
f 164//164 157//157 157//157 
f 157//157 157//157 158//158 
f 157//157 161//161 158//158 
f 158//158 161//161 165//165 
f 161//161 161//161 165//165 
f 165//165 161//161 166//166 
f 161//161 162//162 166//166 
f 166//166 162//162 167//167 
f 162//162 164//164 167//167 
f 167//167 164//164 167//167 
f 164//164 168//168 167//167 
f 167//167 168//168 169//169 
f 168//168 170//170 169//169 
f 169//169 170//170 170//170 
f 170//170 159//159 170//170 
f 170//170 159//159 159//159 
f 159//159 158//158 159//159 
f 159//159 158//158 165//165 
f 158//158 165//165 165//165 
f 165//165 165//165 155//155 
f 165//165 155//155 155//155 
f 155//155 155//155 160//160 
f 155//155 156//156 160//160 
f 160//160 156//156 163//163 
f 156//156 163//163 163//163 
f 163//163 163//163 169//169 
f 163//163 169//169 169//169 
f 169//169 169//169 167//167 
f 169//169 171//171 167//167 
f 167//167 171//171 166//166 
f 171//171 172//172 166//166 
f 166//166 172//172 165//165 
f 172//172 173//173 165//165 
f 165//165 173//173 159//159 
f 173//173 174//174 159//159 
f 159//159 174//174 149//149 
f 174//174 175//175 149//149 
f 149//149 175//175 147//147 
f 175//175 176//176 147//147 
f 147//147 176//176 132//132 
f 176//176 177//177 132//132 
f 132//132 177//177 131//131 
f 177//177 178//178 131//131 
f 131//131 178//178 130//130 
f 178//178 179//179 130//130 
f 130//130 179//179 129//129 
f 179//179 180//180 129//129 
f 129//129 180//180 128//128 
f 180//180 180//180 128//128 
f 128//128 180//180 127//127 
f 180//180 181//181 127//127 
f 127//127 181//181 126//126 
f 181//181 182//182 126//126 
f 126//126 182//182 125//125 
f 182//182 183//183 125//125 
f 125//125 183//183 124//124 
f 183//183 184//184 124//124 
f 124//124 184//184 124//124 
f 184//184 185//185 124//124 
f 124//124 185//185 123//123 
f 185//185 186//186 123//123 
f 123//123 186//186 122//122 
f 186//186 187//187 122//122 
f 122//122 187//187 121//121 
f 187//187 188//188 121//121 
f 121//121 188//188 120//120 
f 188//188 189//189 120//120 
f 120//120 189//189 119//119 
f 189//189 190//190 119//119 
f 119//119 190//190 118//118 
f 190//190 191//191 118//118 
f 118//118 191//191 117//117 
f 191//191 192//192 117//117 
f 117//117 192//192 116//116 
f 192//192 193//193 116//116 
f 116//116 193//193 115//115 
f 193//193 194//194 115//115 
f 115//115 194//194 114//114 
f 194//194 114//114 114//114 
f 114//114 114//114 194//194 
f 114//114 194//194 194//194 
f 194//194 194//194 195//195 
f 194//194 193//193 195//195 
f 195//195 193//193 196//196 
f 193//193 192//192 196//196 
f 196//196 192//192 197//197 
f 192//192 191//191 197//197 
f 197//197 191//191 198//198 
f 191//191 190//190 198//198 
f 198//198 190//190 199//199 
f 190//190 189//189 199//199 
f 199//199 189//189 200//200 
f 189//189 188//188 200//200 
f 200//200 188//188 201//201 
f 188//188 187//187 201//201 
f 201//201 187//187 202//202 
f 187//187 186//186 202//202 
f 202//202 186//186 203//203 
f 186//186 185//185 203//203 
f 203//203 185//185 204//204 
f 185//185 184//184 204//204 
f 204//204 184//184 205//205 
f 184//184 184//184 205//205 
f 205//205 184//184 206//206 
f 184//184 183//183 206//206 
f 206//206 183//183 207//207 
f 183//183 182//182 207//207 
f 207//207 182//182 208//208 
f 182//182 181//181 208//208 
f 208//208 181//181 209//209 
f 181//181 180//180 209//209 
f 209//209 180//180 209//209 
f 180//180 179//179 209//209 
f 209//209 179//179 210//210 
f 179//179 178//178 210//210 
f 210//210 178//178 211//211 
f 178//178 177//177 211//211 
f 211//211 177//177 212//212 
f 177//177 176//176 212//212 
f 212//212 176//176 213//213 
f 176//176 175//175 213//213 
f 213//213 175//175 214//214 
f 175//175 174//174 214//214 
f 214//214 174//174 215//215 
f 174//174 173//173 215//215 
f 215//215 173//173 216//216 
f 173//173 172//172 216//216 
f 216//216 172//172 217//217 
f 172//172 171//171 217//217 
f 217//217 171//171 218//218 
f 171//171 169//169 218//218 
f 218//218 169//169 219//219 
f 169//169 170//170 219//219 
f 219//219 170//170 219//219 
f 170//170 220//220 219//219 
f 219//219 220//220 221//221 
f 220//220 222//222 221//221 
f 221//221 222//222 221//221 
f 222//222 223//223 221//221 
f 221//221 223//223 224//224 
f 223//223 225//225 224//224 
f 224//224 225//225 225//225 
f 225//225 224//224 225//225 
f 225//225 224//224 224//224 
f 224//224 226//226 224//224 
f 224//224 226//226 221//221 
f 226//226 226//226 221//221 
f 221//221 226//226 219//219 
f 226//226 226//226 219//219 
f 219//219 226//226 218//218 
f 226//226 227//227 218//218 
f 218//218 227//227 217//217 
f 227//227 217//217 217//217 
f 217//217 217//217 227//227 
f 217//217 227//227 227//227 
f 227//227 227//227 228//228 
f 227//227 226//226 228//228 
f 228//228 226//226 228//228 
f 226//226 224//224 228//228 
f 228//228 224//224 229//229 
f 224//224 225//225 229//229 
f 229//229 225//225 229//229 
f 225//225 230//230 229//229 
f 229//229 230//230 231//231 
f 230//230 232//232 231//231 
f 231//231 232//232 232//232 
f 232//232 231//231 232//232 
f 232//232 231//231 231//231 
f 231//231 233//233 231//231 
f 231//231 233//233 229//229 
f 233//233 233//233 229//229 
f 229//229 233//233 228//228 
f 233//233 234//234 228//228 
f 228//228 234//234 227//227 
f 234//234 235//235 227//227 
f 227//227 235//235 217//217 
f 235//235 235//235 217//217 
f 217//217 235//235 216//216 
f 235//235 236//236 216//216 
f 216//216 236//236 215//215 
f 236//236 215//215 215//215 
f 215//215 215//215 236//236 
f 215//215 236//236 236//236 
f 236//236 236//236 237//237 
f 236//236 235//235 237//237 
f 237//237 235//235 237//237 
f 235//235 234//234 237//237 
f 237//237 234//234 238//238 
f 234//234 233//233 238//238 
f 238//238 233//233 239//239 
f 233//233 231//231 239//239 
f 239//239 231//231 240//240 
f 231//231 232//232 240//240 
f 240//240 232//232 241//241 
f 232//232 242//242 241//241 
f 241//241 242//242 243//243 
f 242//242 244//244 243//243 
f 243//243 244//244 245//245 
f 244//244 246//246 245//245 
f 245//245 246//246 247//247 
f 246//246 248//248 247//247 
f 247//247 248//248 249//249 
f 248//248 250//250 249//249 
f 249//249 250//250 251//251 
f 250//250 252//252 251//251 
f 251//251 252//252 253//253 
f 252//252 254//254 253//253 
f 253//253 254//254 255//255 
f 254//254 256//256 255//255 
f 255//255 256//256 257//257 
f 256//256 258//258 257//257 
f 257//257 258//258 259//259 
f 258//258 260//260 259//259 
f 259//259 260//260 261//261 
f 260//260 262//262 261//261 
f 261//261 262//262 263//263 
f 262//262 264//264 263//263 
f 263//263 264//264 265//265 
f 264//264 266//266 265//265 
f 265//265 266//266 267//267 
f 266//266 268//268 267//267 
f 267//267 268//268 269//269 
f 268//268 270//270 269//269 
f 269//269 270//270 271//271 
f 270//270 272//272 271//271 
f 271//271 272//272 271//271 
f 272//272 273//273 271//271 
f 271//271 273//273 274//274 
f 273//273 275//275 274//274 
f 274//274 275//275 275//275 
f 275//275 274//274 275//275 
f 275//275 274//274 274//274 
f 274//274 276//276 274//274 
f 274//274 276//276 271//271 
f 276//276 276//276 271//271 
f 271//271 276//276 269//269 
f 276//276 277//277 269//269 
f 269//269 277//277 267//267 
f 277//277 278//278 267//267 
f 267//267 278//278 265//265 
f 278//278 279//279 265//265 
f 265//265 279//279 263//263 
f 279//279 280//280 263//263 
f 263//263 280//280 261//261 
f 280//280 281//281 261//261 
f 261//261 281//281 259//259 
f 281//281 282//282 259//259 
f 259//259 282//282 257//257 
f 282//282 283//283 257//257 
f 257//257 283//283 255//255 
f 283//283 284//284 255//255 
f 255//255 284//284 253//253 
f 284//284 285//285 253//253 
f 253//253 285//285 251//251 
f 285//285 286//286 251//251 
f 251//251 286//286 249//249 
f 286//286 287//287 249//249 
f 249//249 287//287 247//247 
f 287//287 288//288 247//247 
f 247//247 288//288 245//245 
f 288//288 289//289 245//245 
f 245//245 289//289 243//243 
f 289//289 290//290 243//243 
f 243//243 290//290 241//241 
f 290//290 291//291 241//241 
f 241//241 291//291 240//240 
f 291//291 292//292 240//240 
f 240//240 292//292 239//239 
f 292//292 293//293 239//239 
f 239//239 293//293 238//238 
f 293//293 294//294 238//238 
f 238//238 294//294 237//237 
f 294//294 295//295 237//237 
f 237//237 295//295 236//236 
f 295//295 296//296 236//236 
f 236//236 296//296 215//215 
f 296//296 296//296 215//215 
f 215//215 296//296 214//214 
f 296//296 297//297 214//214 
f 214//214 297//297 213//213 
f 297//297 213//213 213//213 
f 213//213 213//213 297//297 
f 213//213 297//297 297//297 
f 297//297 297//297 298//298 
f 297//297 296//296 298//298 
f 298//298 296//296 298//298 
f 296//296 295//295 298//298 
f 298//298 295//295 299//299 
f 295//295 294//294 299//299 
f 299//299 294//294 300//300 
f 294//294 293//293 300//300 
f 300//300 293//293 301//301 
f 293//293 292//292 301//301 
f 301//301 292//292 302//302 
f 292//292 291//291 302//302 
f 302//302 291//291 303//303 
f 291//291 290//290 303//303 
f 303//303 290//290 304//304 
f 290//290 289//289 304//304 
f 304//304 289//289 305//305 
f 289//289 288//288 305//305 
f 305//305 288//288 306//306 
f 288//288 287//287 306//306 
f 306//306 287//287 307//307 
f 287//287 286//286 307//307 
f 307//307 286//286 308//308 
f 286//286 285//285 308//308 
f 308//308 285//285 309//309 
f 285//285 284//284 309//309 
f 309//309 284//284 310//310 
f 284//284 283//283 310//310 
f 310//310 283//283 311//311 
f 283//283 282//282 311//311 
f 311//311 282//282 312//312 
f 282//282 281//281 312//312 
f 312//312 281//281 313//313 
f 281//281 280//280 313//313 
f 313//313 280//280 314//314 
f 280//280 279//279 314//314 
f 314//314 279//279 315//315 
f 279//279 278//278 315//315 
f 315//315 278//278 316//316 
f 278//278 277//277 316//316 
f 316//316 277//277 317//317 
f 277//277 276//276 317//317 
f 317//317 276//276 318//318 
f 276//276 274//274 318//318 
f 318//318 274//274 319//319 
f 274//274 275//275 319//319 
f 319//319 275//275 319//319 
f 275//275 140//140 319//319 
f 319//319 140//140 319//319 
f 140//140 110//110 319//319 
f 319//319 110//110 320//320 
f 110//110 111//111 320//320 
f 320//320 111//111 111//111 
f 111//111 319//319 111//111 
f 111//111 319//319 319//319 
f 319//319 320//320 319//319 
f 319//319 320//320 318//318 
f 320//320 321//321 318//318 
f 318//318 321//321 317//317 
f 321//321 322//322 317//317 
f 317//317 322//322 316//316 
f 322//322 323//323 316//316 
f 316//316 323//323 315//315 
f 323//323 324//324 315//315 
f 315//315 324//324 314//314 
f 324//324 325//325 314//314 
f 314//314 325//325 313//313 
f 325//325 326//326 313//313 
f 313//313 326//326 312//312 
f 326//326 327//327 312//312 
f 312//312 327//327 311//311 
f 327//327 328//328 311//311 
f 311//311 328//328 310//310 
f 328//328 329//329 310//310 
f 310//310 329//329 309//309 
f 329//329 330//330 309//309 
f 309//309 330//330 308//308 
f 330//330 331//331 308//308 
f 308//308 331//331 307//307 
f 331//331 332//332 307//307 
f 307//307 332//332 306//306 
f 332//332 333//333 306//306 
f 306//306 333//333 305//305 
f 333//333 334//334 305//305 
f 305//305 334//334 304//304 
f 334//334 335//335 304//304 
f 304//304 335//335 303//303 
f 335//335 336//336 303//303 
f 303//303 336//336 302//302 
f 336//336 337//337 302//302 
f 302//302 337//337 301//301 
f 337//337 338//338 301//301 
f 301//301 338//338 300//300 
f 338//338 339//339 300//300 
f 300//300 339//339 299//299 
f 339//339 340//340 299//299 
f 299//299 340//340 298//298 
f 340//340 341//341 298//298 
f 298//298 341//341 297//297 
f 341//341 342//342 297//297 
f 297//297 342//342 213//213 
f 342//342 342//342 213//213 
f 213//213 342//342 212//212 
f 342//342 343//343 212//212 
f 212//212 343//343 211//211 
f 343//343 211//211 211//211 
f 211//211 211//211 343//343 
f 211//211 343//343 343//343 
f 343//343 343//343 344//344 
f 343//343 342//342 344//344 
f 344//344 342//342 344//344 
f 342//342 341//341 344//344 
f 344//344 341//341 345//345 
f 341//341 340//340 345//345 
f 345//345 340//340 346//346 
f 340//340 339//339 346//346 
f 346//346 339//339 347//347 
f 339//339 338//338 347//347 
f 347//347 338//338 348//348 
f 338//338 337//337 348//348 
f 348//348 337//337 349//349 
f 337//337 336//336 349//349 
f 349//349 336//336 350//350 
f 336//336 335//335 350//350 
f 350//350 335//335 351//351 
f 335//335 334//334 351//351 
f 351//351 334//334 352//352 
f 334//334 333//333 352//352 
f 352//352 333//333 353//353 
f 333//333 332//332 353//353 
f 353//353 332//332 354//354 
f 332//332 331//331 354//354 
f 354//354 331//331 355//355 
f 331//331 330//330 355//355 
f 355//355 330//330 356//356 
f 330//330 329//329 356//356 
f 356//356 329//329 357//357 
f 329//329 328//328 357//357 
f 357//357 328//328 358//358 
f 328//328 327//327 358//358 
f 358//358 327//327 359//359 
f 327//327 326//326 359//359 
f 359//359 326//326 360//360 
f 326//326 325//325 360//360 
f 360//360 325//325 361//361 
f 325//325 324//324 361//361 
f 361//361 324//324 362//362 
f 324//324 323//323 362//362 
f 362//362 323//323 363//363 
f 323//323 322//322 363//363 
f 363//363 322//322 364//364 
f 322//322 321//321 364//364 
f 364//364 321//321 365//365 
f 321//321 320//320 365//365 
f 365//365 320//320 365//365 
f 320//320 111//111 365//365 
f 365//365 111//111 365//365 
f 111//111 112//112 365//365 
f 365//365 112//112 366//366 
f 112//112 113//113 366//366 
f 366//366 113//113 367//367 
f 113//113 114//114 367//367 
f 367//367 114//114 368//368 
f 114//114 194//194 368//368 
f 368//368 194//194 369//369 
f 194//194 195//195 369//369 
f 369//369 195//195 370//370 
f 195//195 195//195 370//370 
f 370//370 195//195 371//371 
f 195//195 196//196 371//371 
f 371//371 196//196 372//372 
f 196//196 197//197 372//372 
f 372//372 197//197 373//373 
f 197//197 198//198 373//373 
f 373//373 198//198 374//374 
f 198//198 199//199 374//374 
f 374//374 199//199 375//375 
f 199//199 200//200 375//375 
f 375//375 200//200 376//376 
f 200//200 201//201 376//376 
f 376//376 201//201 377//377 
f 201//201 202//202 377//377 
f 377//377 202//202 378//378 
f 202//202 203//203 378//378 
f 378//378 203//203 379//379 
f 203//203 204//204 379//379 
f 379//379 204//204 380//380 
f 204//204 205//205 380//380 
f 380//380 205//205 381//381 
f 205//205 205//205 381//381 
f 381//381 205//205 382//382 
f 205//205 206//206 382//382 
f 382//382 206//206 383//383 
f 206//206 207//207 383//383 
f 383//383 207//207 384//384 
f 207//207 208//208 384//384 
f 384//384 208//208 385//385 
f 208//208 208//208 385//385 
f 385//385 208//208 386//386 
f 208//208 209//209 386//386 
f 386//386 209//209 386//386 
f 209//209 210//210 386//386 
f 386//386 210//210 387//387 
f 210//210 211//211 387//387 
f 387//387 211//211 387//387 
f 211//211 343//343 387//387 
f 387//387 343//343 388//388 
f 343//343 344//344 388//388 
f 388//388 344//344 389//389 
f 344//344 345//345 389//389 
f 389//389 345//345 390//390 
f 345//345 346//346 390//390 
f 390//390 346//346 391//391 
f 346//346 347//347 391//391 
f 391//391 347//347 392//392 
f 347//347 348//348 392//392 
f 392//392 348//348 393//393 
f 348//348 349//349 393//393 
f 393//393 349//349 394//394 
f 349//349 350//350 394//394 
f 394//394 350//350 395//395 
f 350//350 351//351 395//395 
f 395//395 351//351 396//396 
f 351//351 352//352 396//396 
f 396//396 352//352 397//397 
f 352//352 353//353 397//397 
f 397//397 353//353 398//398 
f 353//353 354//354 398//398 
f 398//398 354//354 399//399 
f 354//354 355//355 399//399 
f 399//399 355//355 400//400 
f 355//355 356//356 400//400 
f 400//400 356//356 401//401 
f 356//356 357//357 401//401 
f 401//401 357//357 402//402 
f 357//357 358//358 402//402 
f 402//402 358//358 403//403 
f 358//358 359//359 403//403 
f 403//403 359//359 404//404 
f 359//359 360//360 404//404 
f 404//404 360//360 405//405 
f 360//360 361//361 405//405 
f 405//405 361//361 406//406 
f 361//361 362//362 406//406 
f 406//406 362//362 407//407 
f 362//362 363//363 407//407 
f 407//407 363//363 408//408 
f 363//363 364//364 408//408 
f 408//408 364//364 366//366 
f 364//364 365//365 366//366 
f 366//366 365//365 365//365 
f 365//365 366//366 365//365 
f 365//365 366//366 366//366 
f 366//366 367//367 366//366 
f 366//366 367//367 408//408 
f 367//367 409//409 408//408 
f 408//408 409//409 407//407 
f 409//409 407//407 407//407 
f 407//407 407//407 367//367 
f 407//407 367//367 367//367 
f 367//367 367//367 409//409 
f 367//367 368//368 409//409 
f 409//409 368//368 410//410 
f 368//368 369//369 410//410 
f 410//410 369//369 411//411 
f 369//369 370//370 411//411 
f 411//411 370//370 412//412 
f 370//370 370//370 412//412 
f 412//412 370//370 413//413 
f 370//370 371//371 413//413 
f 413//413 371//371 414//414 
f 371//371 372//372 414//414 
f 414//414 372//372 415//415 
f 372//372 373//373 415//415 
f 415//415 373//373 416//416 
f 373//373 374//374 416//416 
f 416//416 374//374 417//417 
f 374//374 375//375 417//417 
f 417//417 375//375 418//418 
f 375//375 376//376 418//418 
f 418//418 376//376 418//418 
f 376//376 377//377 418//418 
f 418//418 377//377 419//419 
f 377//377 378//378 419//419 
f 419//419 378//378 420//420 
f 378//378 379//379 420//420 
f 420//420 379//379 421//421 
f 379//379 380//380 421//421 
f 421//421 380//380 422//422 
f 380//380 381//381 422//422 
f 422//422 381//381 423//423 
f 381//381 381//381 423//423 
f 423//423 381//381 424//424 
f 381//381 382//382 424//424 
f 424//424 382//382 425//425 
f 382//382 383//383 425//425 
f 425//425 383//383 426//426 
f 383//383 384//384 426//426 
f 426//426 384//384 427//427 
f 384//384 385//385 427//427 
f 427//427 385//385 428//428 
f 385//385 429//429 428//428 
f 428//428 429//429 430//430 
f 429//429 388//388 430//430 
f 430//430 388//388 430//430 
f 388//388 389//389 430//430 
f 430//430 389//389 431//431 
f 389//389 390//390 431//431 
f 431//431 390//390 432//432 
f 390//390 391//391 432//432 
f 432//432 391//391 433//433 
f 391//391 392//392 433//433 
f 433//433 392//392 434//434 
f 392//392 393//393 434//434 
f 434//434 393//393 435//435 
f 393//393 394//394 435//435 
f 435//435 394//394 436//436 
f 394//394 395//395 436//436 
f 436//436 395//395 437//437 
f 395//395 396//396 437//437 
f 437//437 396//396 438//438 
f 396//396 397//397 438//438 
f 438//438 397//397 439//439 
f 397//397 398//398 439//439 
f 439//439 398//398 440//440 
f 398//398 399//399 440//440 
f 440//440 399//399 441//441 
f 399//399 400//400 441//441 
f 441//441 400//400 442//442 
f 400//400 401//401 442//442 
f 442//442 401//401 443//443 
f 401//401 402//402 443//443 
f 443//443 402//402 444//444 
f 402//402 403//403 444//444 
f 444//444 403//403 445//445 
f 403//403 404//404 445//445 
f 445//445 404//404 446//446 
f 404//404 405//405 446//446 
f 446//446 405//405 447//447 
f 405//405 406//406 447//447 
f 447//447 406//406 448//448 
f 406//406 407//407 448//448 
f 448//448 407//407 448//448 
f 407//407 409//409 448//448 
f 448//448 409//409 448//448 
f 409//409 410//410 448//448 
f 448//448 410//410 449//449 
f 410//410 411//411 449//449 
f 449//449 411//411 411//411 
f 411//411 385//385 411//411 
f 411//411 385//385 385//385 
f 385//385 386//386 385//385 
f 385//385 386//386 429//429 
f 386//386 387//387 429//429 
f 429//429 387//387 388//388 
f 387//387 388//388 388//388 
f 388//388 388//388 448//448 
f 388//388 448//448 448//448 
f 448//448 448//448 447//447 
f 448//448 449//449 447//447 
f 447//447 449//449 447//447 
f 449//449 450//450 447//447 
f 447//447 450//450 446//446 
f 450//450 451//451 446//446 
f 446//446 451//451 445//445 
f 451//451 452//452 445//445 
f 445//445 452//452 444//444 
f 452//452 453//453 444//444 
f 444//444 453//453 443//443 
f 453//453 454//454 443//443 
f 443//443 454//454 442//442 
f 454//454 455//455 442//442 
f 442//442 455//455 441//441 
f 455//455 456//456 441//441 
f 441//441 456//456 440//440 
f 456//456 457//457 440//440 
f 440//440 457//457 439//439 
f 457//457 458//458 439//439 
f 439//439 458//458 438//438 
f 458//458 459//459 438//438 
f 438//438 459//459 437//437 
f 459//459 460//460 437//437 
f 437//437 460//460 436//436 
f 460//460 461//461 436//436 
f 436//436 461//461 435//435 
f 461//461 462//462 435//435 
f 435//435 462//462 434//434 
f 462//462 463//463 434//434 
f 434//434 463//463 433//433 
f 463//463 464//464 433//433 
f 433//433 464//464 432//432 
f 464//464 465//465 432//432 
f 432//432 465//465 431//431 
f 465//465 466//466 431//431 
f 431//431 466//466 430//430 
f 466//466 466//466 430//430 
f 430//430 466//466 428//428 
f 466//466 467//467 428//428 
f 428//428 467//467 427//427 
f 467//467 427//427 427//427 
f 427//427 427//427 467//467 
f 427//427 467//467 467//467 
f 467//467 467//467 468//468 
f 467//467 466//466 468//468 
f 468//468 466//466 468//468 
f 466//466 465//465 468//468 
f 468//468 465//465 469//469 
f 465//465 464//464 469//469 
f 469//469 464//464 470//470 
f 464//464 463//463 470//470 
f 470//470 463//463 471//471 
f 463//463 462//462 471//471 
f 471//471 462//462 472//472 
f 462//462 461//461 472//472 
f 472//472 461//461 473//473 
f 461//461 460//460 473//473 
f 473//473 460//460 474//474 
f 460//460 459//459 474//474 
f 474//474 459//459 475//475 
f 459//459 458//458 475//475 
f 475//475 458//458 476//476 
f 458//458 457//457 476//476 
f 476//476 457//457 477//477 
f 457//457 456//456 477//477 
f 477//477 456//456 478//478 
f 456//456 455//455 478//478 
f 478//478 455//455 479//479 
f 455//455 454//454 479//479 
f 479//479 454//454 480//480 
f 454//454 453//453 480//480 
f 480//480 453//453 481//481 
f 453//453 452//452 481//481 
f 481//481 452//452 482//482 
f 452//452 451//451 482//482 
f 482//482 451//451 483//483 
f 451//451 450//450 483//483 
f 483//483 450//450 484//484 
f 450//450 449//449 484//484 
f 484//484 449//449 484//484 
f 449//449 411//411 484//484 
f 484//484 411//411 484//484 
f 411//411 412//412 484//484 
f 484//484 412//412 484//484 
f 412//412 485//485 484//484 
f 484//484 485//485 483//483 
f 485//485 486//486 483//483 
f 483//483 486//486 482//482 
f 486//486 487//487 482//482 
f 482//482 487//487 481//481 
f 487//487 488//488 481//481 
f 481//481 488//488 480//480 
f 488//488 489//489 480//480 
f 480//480 489//489 479//479 
f 489//489 490//490 479//479 
f 479//479 490//490 478//478 
f 490//490 491//491 478//478 
f 478//478 491//491 477//477 
f 491//491 492//492 477//477 
f 477//477 492//492 476//476 
f 492//492 493//493 476//476 
f 476//476 493//493 475//475 
f 493//493 494//494 475//475 
f 475//475 494//494 474//474 
f 494//494 495//495 474//474 
f 474//474 495//495 473//473 
f 495//495 496//496 473//473 
f 473//473 496//496 472//472 
f 496//496 497//497 472//472 
f 472//472 497//497 471//471 
f 497//497 498//498 471//471 
f 471//471 498//498 470//470 
f 498//498 499//499 470//470 
f 470//470 499//499 469//469 
f 499//499 500//500 469//469 
f 469//469 500//500 468//468 
f 500//500 501//501 468//468 
f 468//468 501//501 467//467 
f 501//501 502//502 467//467 
f 467//467 502//502 427//427 
f 502//502 502//502 427//427 
f 427//427 502//502 426//426 
f 502//502 503//503 426//426 
f 426//426 503//503 425//425 
f 503//503 425//425 425//425 
f 425//425 425//425 503//503 
f 425//425 503//503 503//503 
f 503//503 503//503 504//504 
f 503//503 502//502 504//504 
f 504//504 502//502 504//504 
f 502//502 501//501 504//504 
f 504//504 501//501 505//505 
f 501//501 500//500 505//505 
f 505//505 500//500 506//506 
f 500//500 499//499 506//506 
f 506//506 499//499 507//507 
f 499//499 498//498 507//507 
f 507//507 498//498 508//508 
f 498//498 497//497 508//508 
f 508//508 497//497 509//509 
f 497//497 496//496 509//509 
f 509//509 496//496 510//510 
f 496//496 495//495 510//510 
f 510//510 495//495 511//511 
f 495//495 494//494 511//511 
f 511//511 494//494 512//512 
f 494//494 493//493 512//512 
f 512//512 493//493 513//513 
f 493//493 492//492 513//513 
f 513//513 492//492 514//514 
f 492//492 491//491 514//514 
f 514//514 491//491 515//515 
f 491//491 490//490 515//515 
f 515//515 490//490 516//516 
f 490//490 489//489 516//516 
f 516//516 489//489 517//517 
f 489//489 488//488 517//517 
f 517//517 488//488 518//518 
f 488//488 487//487 518//518 
f 518//518 487//487 519//519 
f 487//487 486//486 519//519 
f 519//519 486//486 520//520 
f 486//486 485//485 520//520 
f 520//520 485//485 521//521 
f 485//485 412//412 521//521 
f 521//521 412//412 521//521 
f 412//412 413//413 521//521 
f 521//521 413//413 522//522 
f 413//413 414//414 522//522 
f 522//522 414//414 523//523 
f 414//414 415//415 523//523 
f 523//523 415//415 524//524 
f 415//415 416//416 524//524 
f 524//524 416//416 525//525 
f 416//416 417//417 525//525 
f 525//525 417//417 526//526 
f 417//417 418//418 526//526 
f 526//526 418//418 526//526 
f 418//418 419//419 526//526 
f 526//526 419//419 527//527 
f 419//419 420//420 527//527 
f 527//527 420//420 528//528 
f 420//420 421//421 528//528 
f 528//528 421//421 529//529 
f 421//421 422//422 529//529 
f 529//529 422//422 530//530 
f 422//422 423//423 530//530 
f 530//530 423//423 531//531 
f 423//423 423//423 531//531 
f 531//531 423//423 532//532 
f 423//423 424//424 532//532 
f 532//532 424//424 533//533 
f 424//424 425//425 533//533 
f 533//533 425//425 533//533 
f 425//425 503//503 533//533 
f 533//533 503//503 534//534 
f 503//503 504//504 534//534 
f 534//534 504//504 535//535 
f 504//504 505//505 535//535 
f 535//535 505//505 536//536 
f 505//505 506//506 536//536 
f 536//536 506//506 537//537 
f 506//506 507//507 537//537 
f 537//537 507//507 538//538 
f 507//507 508//508 538//538 
f 538//538 508//508 539//539 
f 508//508 509//509 539//539 
f 539//539 509//509 540//540 
f 509//509 510//510 540//540 
f 540//540 510//510 541//541 
f 510//510 511//511 541//541 
f 541//541 511//511 542//542 
f 511//511 512//512 542//542 
f 542//542 512//512 543//543 
f 512//512 513//513 543//543 
f 543//543 513//513 544//544 
f 513//513 514//514 544//544 
f 544//544 514//514 545//545 
f 514//514 515//515 545//545 
f 545//545 515//515 546//546 
f 515//515 516//516 546//546 
f 546//546 516//516 547//547 
f 516//516 517//517 547//547 
f 547//547 517//517 548//548 
f 517//517 518//518 548//548 
f 548//548 518//518 549//549 
f 518//518 519//519 549//549 
f 549//549 519//519 550//550 
f 519//519 520//520 550//550 
f 550//550 520//520 551//551 
f 520//520 521//521 551//551 
f 551//551 521//521 551//551 
f 521//521 522//522 551//551 
f 551//551 522//522 552//552 
f 522//522 523//523 552//552 
f 552//552 523//523 553//553 
f 523//523 524//524 553//553 
f 553//553 524//524 554//554 
f 524//524 525//525 554//554 
f 554//554 525//525 555//555 
f 525//525 526//526 555//555 
f 555//555 526//526 555//555 
f 526//526 527//527 555//555 
f 555//555 527//527 556//556 
f 527//527 528//528 556//556 
f 556//556 528//528 528//528 
f 528//528 547//547 528//528 
f 528//528 547//547 547//547 
f 547//547 545//545 547//547 
f 547//547 545//545 546//546 
f 545//545 546//546 546//546 
f 546//546 546//546 556//556 
f 546//546 556//556 556//556 
f 556//556 556//556 555//555 
f 556//556 557//557 555//555 
f 555//555 557//557 554//554 
f 557//557 558//558 554//554 
f 554//554 558//558 553//553 
f 558//558 553//553 553//553 
f 553//553 553//553 558//558 
f 553//553 558//558 558//558 
f 558//558 558//558 559//559 
f 558//558 557//557 559//559 
f 559//559 557//557 559//559 
f 557//557 556//556 559//559 
f 559//559 556//556 560//560 
f 556//556 528//528 560//560 
f 560//560 528//528 560//560 
f 528//528 529//529 560//560 
f 560//560 529//529 561//561 
f 529//529 530//530 561//561 
f 561//561 530//530 562//562 
f 530//530 531//531 562//562 
f 562//562 531//531 563//563 
f 531//531 531//531 563//563 
f 563//563 531//531 564//564 
f 531//531 532//532 564//564 
f 564//564 532//532 565//565 
f 532//532 533//533 565//565 
f 565//565 533//533 565//565 
f 533//533 534//534 565//565 
f 565//565 534//534 565//565 
f 534//534 535//535 565//565 
f 565//565 535//535 566//566 
f 535//535 536//536 566//566 
f 566//566 536//536 567//567 
f 536//536 537//537 567//567 
f 567//567 537//537 568//568 
f 537//537 538//538 568//568 
f 568//568 538//538 568//568 
f 538//538 539//539 568//568 
f 568//568 539//539 569//569 
f 539//539 540//540 569//569 
f 569//569 540//540 540//540 
f 540//540 565//565 540//540 
f 540//540 565//565 565//565 
f 565//565 566//566 565//565 
f 565//565 566//566 564//564 
f 566//566 570//570 564//564 
f 564//564 570//570 563//563 
f 570//570 571//571 563//563 
f 563//563 571//571 563//563 
f 571//571 572//572 563//563 
f 563//563 572//572 562//562 
f 572//572 573//573 562//562 
f 562//562 573//573 561//561 
f 573//573 574//574 561//561 
f 561//561 574//574 560//560 
f 574//574 574//574 560//560 
f 560//560 574//574 559//559 
f 574//574 575//575 559//559 
f 559//559 575//575 558//558 
f 575//575 558//558 558//558 
f 558//558 558//558 566//566 
f 558//558 566//566 566//566 
f 566//566 566//566 570//570 
f 566//566 567//567 570//570 
f 570//570 567//567 576//576 
f 567//567 568//568 576//576 
f 576//576 568//568 569//569 
f 568//568 569//569 569//569 
f 569//569 569//569 571//571 
f 569//569 571//571 571//571 
f 571//571 571//571 576//576 
f 571//571 570//570 576//576 
f 576//576 570//570 570//570 
f 570//570 575//575 570//570 
f 570//570 575//575 575//575 
f 575//575 574//574 575//575 
f 575//575 574//574 577//577 
f 574//574 573//573 577//577 
f 577//577 573//573 578//578 
f 573//573 572//572 578//578 
f 578//578 572//572 579//579 
f 572//572 571//571 579//579 
f 579//579 571//571 580//580 
f 571//571 576//576 580//580 
f 580//580 576//576 580//580 
f 576//576 569//569 580//580 
f 580//580 569//569 581//581 
f 569//569 540//540 581//581 
f 581//581 540//540 581//581 
f 540//540 541//541 581//581 
f 581//581 541//541 582//582 
f 541//541 542//542 582//582 
f 582//582 542//542 542//542 
f 542//542 582//582 542//542 
f 542//542 582//582 582//582 
f 582//582 583//583 582//582 
f 582//582 583//583 581//581 
f 583//583 583//583 581//581 
f 581//581 583//583 580//580 
f 583//583 583//583 580//580 
f 580//580 583//583 579//579 
f 583//583 584//584 579//579 
f 579//579 584//584 578//578 
f 584//584 585//585 578//578 
f 578//578 585//585 577//577 
f 585//585 586//586 577//577 
f 577//577 586//586 575//575 
f 586//586 587//587 575//575 
f 575//575 587//587 558//558 
f 587//587 587//587 558//558 
f 558//558 587//587 553//553 
f 587//587 587//587 553//553 
f 553//553 587//587 552//552 
f 587//587 588//588 552//552 
f 552//552 588//588 551//551 
f 588//588 588//588 551//551 
f 551//551 588//588 550//550 
f 588//588 588//588 550//550 
f 550//550 588//588 589//589 
f 588//588 586//586 589//589 
f 589//589 586//586 589//589 
f 586//586 585//585 589//589 
f 589//589 585//585 590//590 
f 585//585 584//584 590//590 
f 590//590 584//584 591//591 
f 584//584 583//583 591//591 
f 591//591 583//583 591//591 
f 583//583 582//582 591//591 
f 591//591 582//582 592//592 
f 582//582 542//542 592//592 
f 592//592 542//542 592//592 
f 542//542 543//543 592//592 
f 592//592 543//543 593//593 
f 543//543 544//544 593//593 
f 593//593 544//544 544//544 
f 544//544 586//586 544//544 
f 544//544 586//586 586//586 
f 586//586 588//588 586//586 
f 586//586 588//588 587//587 
f 588//588 587//587 587//587 
f 587//587 587//587 593//593 
f 587//587 593//593 593//593 
f 593//593 593//593 592//592 
f 593//593 594//594 592//592 
f 592//592 594//594 591//591 
f 594//594 594//594 591//591 
f 591//591 594//594 590//590 
f 594//594 595//595 590//590 
f 590//590 595//595 589//589 
f 595//595 595//595 589//589 
f 589//589 595//595 550//550 
f 595//595 595//595 550//550 
f 550//550 595//595 549//549 
f 595//595 595//595 549//549 
f 549//549 595//595 596//596 
f 595//595 594//594 596//596 
f 596//596 594//594 596//596 
f 594//594 593//593 596//596 
f 596//596 593//593 597//597 
f 593//593 544//544 597//597 
f 597//597 544//544 597//597 
f 544//544 545//545 597//597 
f 597//597 545//545 597//597 
f 545//545 547//547 597//597 
f 597//597 547//547 597//597 
f 547//547 548//548 597//597 
f 597//597 548//548 596//596 
f 548//548 549//549 596//596 

