mtllib model_0.mtl
o model_0
v -0.00014058599481359124 -1.0030800104141235 -3.5505428314208984 
v -0.6929163336753845 -1.0030800104141235 -3.4821808338165283 
v 0.6926351189613342 -1.0030800104141235 -3.4821808338165283 
v 1.3586721420288086 -1.0030800104141235 -3.2802302837371826 
v -1.3589533567428589 -1.0030800104141235 -3.2802302837371826 
v 1.972447156906128 -1.0030800104141235 -2.9522178173065186 
v -1.9727282524108887 -1.0030800104141235 -2.9522178173065186 
v 2.5108675956726074 -1.0030800104141235 -2.5106866359710693 
v -2.5105409622192383 -1.0030800104141235 -2.5106866359710693 
v 2.952056407928467 -1.0030800104141235 -1.972570538520813 
v -2.9523375034332275 -1.0030800104141235 -1.972570538520813 
v 3.2802131175994873 -1.0030800104141235 -1.358566164970398 
v -3.280494451522827 -1.0030800104141235 -1.358566164970398 
v 3.482576608657837 -1.0030800104141235 -0.6925063729286194 
v -3.482250213623047 -1.0030800104141235 -0.6925063729286194 
v 3.5506389141082764 -1.0030800104141235 -0.0001051500003086403 
v -3.550920009613037 -1.0030800104141235 -0.0001051500003086403 
v 3.482576608657837 -1.0030800104141235 0.6929232478141785 
v -3.482250213623047 -1.0030800104141235 0.6929232478141785 
v 3.2802131175994873 -1.0030800104141235 1.358983039855957 
v -3.280494451522827 -1.0030800104141235 1.358983039855957 
v 2.952056407928467 -1.0030800104141235 1.9723602533340454 
v -2.9523375034332275 -1.0030800104141235 1.9723602533340454 
v 2.5108675956726074 -1.0030800104141235 2.5104763507843018 
v -2.5105409622192383 -1.0030800104141235 2.5104763507843018 
v 1.972447156906128 -1.0030800104141235 2.952007532119751 
v -1.9727282524108887 -1.0030800104141235 2.952007532119751 
v 1.3586721420288086 -1.0030800104141235 3.2806472778320312 
v -1.3589533567428589 -1.0030800104141235 3.2806472778320312 
v 0.6926351189613342 -1.0030800104141235 3.482597589492798 
v -0.6929163336753845 -1.0030800104141235 3.482597589492798 
v -0.00014058599481359124 -1.0030800104141235 3.550332546234131 
v -0.7088735699653625 -0.11913035809993744 1.7236138582229614 
v -0.7164689898490906 -0.12323474884033203 1.7296901941299438 
v -0.3575311601161957 -0.0006162734935060143 0.875531017780304 
v -0.3588332533836365 -0.0032777099404484034 0.8664165139198303 
v -0.3575311601161957 -0.0006162734935060143 0.875531017780304 
v -0.3616544008255005 0.00326365209184587 0.8729268908500671 
v -0.7088735699653625 -0.11913035809993744 1.7236138582229614 
v -0.7138648629188538 -0.11624446511268616 1.7236138582229614 
v -0.3683817684650421 -0.11913035809993744 1.8269115686416626 
v -0.3653436005115509 -0.12323474884033203 1.8362431526184082 
v -0.7088735699653625 -0.11913035809993744 1.7236138582229614 
v -0.7164689898490906 -0.12323474884033203 1.7296901941299438 
v -0.7088735699653625 -0.11913035809993744 1.7236138582229614 
v -0.7138648629188538 -0.11624446511268616 1.7236138582229614 
v -0.3683817684650421 -0.11913035809993744 1.8269115686416626 
v -0.3640415370464325 -0.11624446511268616 1.8297327756881714 
v -0.18912985920906067 -0.0006162734935060143 0.926528811454773 
v -0.18305352330207825 -0.0032777099404484034 0.9198014736175537 
v -0.3683817684650421 -0.11913035809993744 1.8269115686416626 
v -0.3653436005115509 -0.12323474884033203 1.8362431526184082 
v -0.3683817684650421 -0.11913035809993744 1.8269115686416626 
v -0.3640415370464325 -0.11624446511268616 1.8297327756881714 
v -0.18912985920906067 -0.0006162734935060143 0.926528811454773 
v -0.18435558676719666 0.00326365209184587 0.926528811454773 
v -0.3575311601161957 -0.0006162734935060143 0.875531017780304 
v -0.3588332533836365 -0.0032777099404484034 0.8664165139198303 
v -0.18912985920906067 -0.0006162734935060143 0.926528811454773 
v -0.18305352330207825 -0.0032777099404484034 0.9198014736175537 
v -0.18912985920906067 -0.0006162734935060143 0.926528811454773 
v -0.18435558676719666 0.00326365209184587 0.926528811454773 
v -0.3575311601161957 -0.0006162734935060143 0.875531017780304 
v -0.3616544008255005 0.00326365209184587 0.8729268908500671 
v 1.5469661951065063 -0.11913035809993744 -1.039382815361023 
v 1.5567317008972168 -0.12323474884033203 -1.0402508974075317 
v 0.7835179567337036 -0.0006162734935060143 -0.5294046998023987 
v 0.7796117067337036 -0.0032777099404484034 -0.5209411978721619 
v 0.7835179567337036 -0.0006162734935060143 -0.5294046998023987 
v 0.7854710221290588 0.00326365209184587 -0.5248474478721619 
v 1.5469661951065063 -0.11913035809993744 -1.039382815361023 
v 1.5513063669204712 -0.11624446511268616 -1.0365617275238037 
v 1.321273684501648 -0.11913035809993744 -1.314337134361267 
v 1.3238778114318848 -0.12323474884033203 -1.3238855600357056 
v 1.5469661951065063 -0.11913035809993744 -1.039382815361023 
v 1.5567317008972168 -0.12323474884033203 -1.0402508974075317 
v 1.5469661951065063 -0.11913035809993744 -1.039382815361023 
v 1.5513063669204712 -0.11624446511268616 -1.0365617275238037 
v 1.321273684501648 -0.11913035809993744 -1.314337134361267 
v 1.3191035985946655 -0.11624446511268616 -1.3191113471984863 
v 0.6719737648963928 -0.0006162734935060143 -0.6652541756629944 
v 0.6630762815475464 -0.0032777099404484034 -0.663084089756012 
v 1.321273684501648 -0.11913035809993744 -1.314337134361267 
v 1.3238778114318848 -0.12323474884033203 -1.3238855600357056 
v 1.321273684501648 -0.11913035809993744 -1.314337134361267 
v 1.3191035985946655 -0.11624446511268616 -1.3191113471984863 
v 0.6719737648963928 -0.0006162734935060143 -0.6652541756629944 
v 0.6680675148963928 0.00326365209184587 -0.6680753231048584 
v 0.7835179567337036 -0.0006162734935060143 -0.5294046998023987 
v 0.7796117067337036 -0.0032777099404484034 -0.5209411978721619 
v 0.6719737648963928 -0.0006162734935060143 -0.6652541756629944 
v 0.6630762815475464 -0.0032777099404484034 -0.663084089756012 
v 0.6719737648963928 -0.0006162734935060143 -0.6652541756629944 
v 0.6680675148963928 0.00326365209184587 -0.6680753231048584 
v 0.7835179567337036 -0.0006162734935060143 -0.5294046998023987 
v 0.7854710221290588 0.00326365209184587 -0.5248474478721619 
v -0.004886668175458908 -0.11913035809993744 -1.86359441280365 
v 0.00010460799967404455 -0.12323474884033203 -1.8722748756408691 
v -0.004886668175458908 -0.0006162734935060143 -0.9456337094306946 
v 0.00010460799967404455 -0.0032777099404484034 -0.9378212690353394 
v -0.004886668175458908 -0.0006162734935060143 -0.9456337094306946 
v 0.00010460799967404455 0.00326365209184587 -0.9447656273841858 
v -0.004886668175458908 -0.11913035809993744 -1.86359441280365 
v 0.00010460799967404455 -0.11624446511268616 -1.86554753780365 
v -0.3588332533836365 -0.11913035809993744 -1.828872561454773 
v -0.3653436005115509 -0.12323474884033203 -1.836250901222229 
v -0.004886668175458908 -0.11913035809993744 -1.86359441280365 
v 0.00010460799967404455 -0.12323474884033203 -1.8722748756408691 
v -0.004886668175458908 -0.11913035809993744 -1.86359441280365 
v 0.00010460799967404455 -0.11624446511268616 -1.86554753780365 
v -0.3588332533836365 -0.11913035809993744 -1.828872561454773 
v -0.3640415370464325 -0.11624446511268616 -1.8297405242919922 
v -0.17979833483695984 -0.0006162734935060143 -0.9282727241516113 
v -0.18305352330207825 -0.0032777099404484034 -0.9198092818260193 
v -0.3588332533836365 -0.11913035809993744 -1.828872561454773 
v -0.3653436005115509 -0.12323474884033203 -1.836250901222229 
v -0.3588332533836365 -0.11913035809993744 -1.828872561454773 
v -0.3640415370464325 -0.11624446511268616 -1.8297405242919922 
v -0.17979833483695984 -0.0006162734935060143 -0.9282727241516113 
v -0.18435558676719666 0.00326365209184587 -0.9265366196632385 
v -0.004886668175458908 -0.0006162734935060143 -0.9456337094306946 
v 0.00010460799967404455 -0.0032777099404484034 -0.9378212690353394 
v -0.17979833483695984 -0.0006162734935060143 -0.9282727241516113 
v -0.18305352330207825 -0.0032777099404484034 -0.9198092818260193 
v -0.17979833483695984 -0.0006162734935060143 -0.9282727241516113 
v -0.18435558676719666 0.00326365209184587 -0.9265366196632385 
v -0.004886668175458908 -0.0006162734935060143 -0.9456337094306946 
v 0.00010460799967404455 0.00326365209184587 -0.9447656273841858 
v -1.03135347366333 -0.11913035809993744 1.55217444896698 
v -1.0402508974075317 -0.12323474884033203 1.5567317008972168 
v -0.5213752388954163 -0.0006162734935060143 0.7889432311058044 
v -0.5209411978721619 -0.0032777099404484034 0.7796117067337036 
v -0.5213752388954163 -0.0006162734935060143 0.7889432311058044 
v -0.5248474478721619 0.00326365209184587 0.7854710221290588 
v -1.03135347366333 -0.11913035809993744 1.55217444896698 
v -1.0365617275238037 -0.11624446511268616 1.5513063669204712 
v -0.7175540924072266 -0.11913035809993744 1.7199246883392334 
v -0.7164689898490906 -0.12323474884033203 1.7296901941299438 
v -1.03135347366333 -0.11913035809993744 1.55217444896698 
v -1.0402508974075317 -0.12323474884033203 1.5567317008972168 
v -1.03135347366333 -0.11913035809993744 1.55217444896698 
v -1.0365617275238037 -0.11624446511268616 1.5513063669204712 
v -0.7175540924072266 -0.11913035809993744 1.7199246883392334 
v -0.7138648629188538 -0.11624446511268616 1.7236138582229614 
v -0.3662116527557373 -0.0006162734935060143 0.8718417882919312 
v -0.3588332533836365 -0.0032777099404484034 0.8664165139198303 
v -0.7175540924072266 -0.11913035809993744 1.7199246883392334 
v -0.7164689898490906 -0.12323474884033203 1.7296901941299438 
v -0.7175540924072266 -0.11913035809993744 1.7199246883392334 
v -0.7138648629188538 -0.11624446511268616 1.7236138582229614 
v -0.3662116527557373 -0.0006162734935060143 0.8718417882919312 
v -0.3616544008255005 0.00326365209184587 0.8729268908500671 
v -0.5213752388954163 -0.0006162734935060143 0.7889432311058044 
v -0.5209411978721619 -0.0032777099404484034 0.7796117067337036 
v -0.3662116527557373 -0.0006162734935060143 0.8718417882919312 
v -0.3588332533836365 -0.0032777099404484034 0.8664165139198303 
v -0.3662116527557373 -0.0006162734935060143 0.8718417882919312 
v -0.3616544008255005 0.00326365209184587 0.8729268908500671 
v -0.5213752388954163 -0.0006162734935060143 0.7889432311058044 
v -0.5248474478721619 0.00326365209184587 0.7854710221290588 
v 1.7199246883392334 -0.11913035809993744 -0.7175540924072266 
v 1.7296901941299438 -0.12323474884033203 -0.7164689898490906 
v 0.8718417882919312 -0.0006162734935060143 -0.3662116527557373 
v 0.8664165139198303 -0.0032777099404484034 -0.3588332533836365 
v 0.8718417882919312 -0.0006162734935060143 -0.3662116527557373 
v 0.8729268908500671 0.00326365209184587 -0.3616544008255005 
v 1.7199246883392334 -0.11913035809993744 -0.7175540924072266 
v 1.7236138582229614 -0.11624446511268616 -0.7138648629188538 
v 1.55217444896698 -0.11913035809993744 -1.03135347366333 
v 1.5567317008972168 -0.12323474884033203 -1.0402508974075317 
v 1.7199246883392334 -0.11913035809993744 -0.7175540924072266 
v 1.7296901941299438 -0.12323474884033203 -0.7164689898490906 
v 1.7199246883392334 -0.11913035809993744 -0.7175540924072266 
v 1.7236138582229614 -0.11624446511268616 -0.7138648629188538 
v 1.55217444896698 -0.11913035809993744 -1.03135347366333 
v 1.5513063669204712 -0.11624446511268616 -1.0365617275238037 
v 0.7889432311058044 -0.0006162734935060143 -0.5213752388954163 
v 0.7796117067337036 -0.0032777099404484034 -0.5209411978721619 
v 1.55217444896698 -0.11913035809993744 -1.03135347366333 
v 1.5567317008972168 -0.12323474884033203 -1.0402508974075317 
v 1.55217444896698 -0.11913035809993744 -1.03135347366333 
v 1.5513063669204712 -0.11624446511268616 -1.0365617275238037 
v 0.7889432311058044 -0.0006162734935060143 -0.5213752388954163 
v 0.7854710221290588 0.00326365209184587 -0.5248474478721619 
v 0.8718417882919312 -0.0006162734935060143 -0.3662116527557373 
v 0.8664165139198303 -0.0032777099404484034 -0.3588332533836365 
v 0.7889432311058044 -0.0006162734935060143 -0.5213752388954163 
v 0.7796117067337036 -0.0032777099404484034 -0.5209411978721619 
v 0.7889432311058044 -0.0006162734935060143 -0.5213752388954163 
v 0.7854710221290588 0.00326365209184587 -0.5248474478721619 
v 0.8718417882919312 -0.0006162734935060143 -0.3662116527557373 
v 0.8729268908500671 0.00326365209184587 -0.3616544008255005 
v -1.314337134361267 -0.11913035809993744 1.321273684501648 
v -1.3238855600357056 -0.12323474884033203 1.3238778114318848 
v -0.6652541756629944 -0.0006162734935060143 0.6719737648963928 
v -0.663084089756012 -0.0032777099404484034 0.6630762815475464 
v -0.6652541756629944 -0.0006162734935060143 0.6719737648963928 
v -0.6680753231048584 0.00326365209184587 0.6680675148963928 
v -1.314337134361267 -0.11913035809993744 1.321273684501648 
v -1.3191113471984863 -0.11624446511268616 1.3191035985946655 
v -1.039382815361023 -0.11913035809993744 1.5469661951065063 
v -1.0402508974075317 -0.12323474884033203 1.5567317008972168 
v -1.314337134361267 -0.11913035809993744 1.321273684501648 
v -1.3238855600357056 -0.12323474884033203 1.3238778114318848 
v -1.314337134361267 -0.11913035809993744 1.321273684501648 
v -1.3191113471984863 -0.11624446511268616 1.3191035985946655 
v -1.039382815361023 -0.11913035809993744 1.5469661951065063 
v -1.0365617275238037 -0.11624446511268616 1.5513063669204712 
v -0.5294046998023987 -0.0006162734935060143 0.7835179567337036 
v -0.5209411978721619 -0.0032777099404484034 0.7796117067337036 
v -1.039382815361023 -0.11913035809993744 1.5469661951065063 
v -1.0402508974075317 -0.12323474884033203 1.5567317008972168 
v -1.039382815361023 -0.11913035809993744 1.5469661951065063 
v -1.0365617275238037 -0.11624446511268616 1.5513063669204712 
v -0.5294046998023987 -0.0006162734935060143 0.7835179567337036 
v -0.5248474478721619 0.00326365209184587 0.7854710221290588 
v -0.6652541756629944 -0.0006162734935060143 0.6719737648963928 
v -0.663084089756012 -0.0032777099404484034 0.6630762815475464 
v -0.5294046998023987 -0.0006162734935060143 0.7835179567337036 
v -0.5209411978721619 -0.0032777099404484034 0.7796117067337036 
v -0.5294046998023987 -0.0006162734935060143 0.7835179567337036 
v -0.5248474478721619 0.00326365209184587 0.7854710221290588 
v -0.6652541756629944 -0.0006162734935060143 0.6719737648963928 
v -0.6680753231048584 0.00326365209184587 0.6680675148963928 
v 1.8269115686416626 -0.11913035809993744 -0.3683817684650421 
v 1.8362431526184082 -0.12323474884033203 -0.3653436005115509 
v 0.926528811454773 -0.0006162734935060143 -0.18912985920906067 
v 0.9198014736175537 -0.0032777099404484034 -0.18305352330207825 
v 0.926528811454773 -0.0006162734935060143 -0.18912985920906067 
v 0.926528811454773 0.00326365209184587 -0.18435558676719666 
v 1.8269115686416626 -0.11913035809993744 -0.3683817684650421 
v 1.8297327756881714 -0.11624446511268616 -0.3640415370464325 
v 1.7236138582229614 -0.11913035809993744 -0.7088735699653625 
v 1.7296901941299438 -0.12323474884033203 -0.7164689898490906 
v 1.8269115686416626 -0.11913035809993744 -0.3683817684650421 
v 1.8362431526184082 -0.12323474884033203 -0.3653436005115509 
v 1.8269115686416626 -0.11913035809993744 -0.3683817684650421 
v 1.8297327756881714 -0.11624446511268616 -0.3640415370464325 
v 1.7236138582229614 -0.11913035809993744 -0.7088735699653625 
v 1.7236138582229614 -0.11624446511268616 -0.7138648629188538 
v 0.875531017780304 -0.0006162734935060143 -0.3575311601161957 
v 0.8664165139198303 -0.0032777099404484034 -0.3588332533836365 
v 1.7236138582229614 -0.11913035809993744 -0.7088735699653625 
v 1.7296901941299438 -0.12323474884033203 -0.7164689898490906 
v 1.7236138582229614 -0.11913035809993744 -0.7088735699653625 
v 1.7236138582229614 -0.11624446511268616 -0.7138648629188538 
v 0.875531017780304 -0.0006162734935060143 -0.3575311601161957 
v 0.8729268908500671 0.00326365209184587 -0.3616544008255005 
v 0.926528811454773 -0.0006162734935060143 -0.18912985920906067 
v 0.9198014736175537 -0.0032777099404484034 -0.18305352330207825 
v 0.875531017780304 -0.0006162734935060143 -0.3575311601161957 
v 0.8664165139198303 -0.0032777099404484034 -0.3588332533836365 
v 0.875531017780304 -0.0006162734935060143 -0.3575311601161957 
v 0.8729268908500671 0.00326365209184587 -0.3616544008255005 
v 0.926528811454773 -0.0006162734935060143 -0.18912985920906067 
v 0.926528811454773 0.00326365209184587 -0.18435558676719666 
v -1.5469739437103271 -0.11913035809993744 1.0393750667572021 
v -1.5567394495010376 -0.12323474884033203 1.040243148803711 
v -0.7835257053375244 -0.0006162734935060143 0.5293968915939331 
v -0.7796195149421692 -0.0032777099404484034 0.5209333896636963 
v -0.7835257053375244 -0.0006162734935060143 0.5293968915939331 
v -0.7854788303375244 0.00326365209184587 0.5248396396636963 
v -1.5469739437103271 -0.11913035809993744 1.0393750667572021 
v -1.5513142347335815 -0.11624446511268616 1.036553978919983 
v -1.3212814331054688 -0.11913035809993744 1.3143292665481567 
v -1.3238855600357056 -0.12323474884033203 1.3238778114318848 
v -1.5469739437103271 -0.11913035809993744 1.0393750667572021 
v -1.5567394495010376 -0.12323474884033203 1.040243148803711 
v -1.5469739437103271 -0.11913035809993744 1.0393750667572021 
v -1.5513142347335815 -0.11624446511268616 1.036553978919983 
v -1.3212814331054688 -0.11913035809993744 1.3143292665481567 
v -1.3191113471984863 -0.11624446511268616 1.3191035985946655 
v -0.6719815731048584 -0.0006162734935060143 0.6652463674545288 
v -0.663084089756012 -0.0032777099404484034 0.6630762815475464 
v -1.3212814331054688 -0.11913035809993744 1.3143292665481567 
v -1.3238855600357056 -0.12323474884033203 1.3238778114318848 
v -1.3212814331054688 -0.11913035809993744 1.3143292665481567 
v -1.3191113471984863 -0.11624446511268616 1.3191035985946655 
v -0.6719815731048584 -0.0006162734935060143 0.6652463674545288 
v -0.6680753231048584 0.00326365209184587 0.6680675148963928 
v -0.7835257053375244 -0.0006162734935060143 0.5293968915939331 
v -0.7796195149421692 -0.0032777099404484034 0.5209333896636963 
v -0.6719815731048584 -0.0006162734935060143 0.6652463674545288 
v -0.663084089756012 -0.0032777099404484034 0.6630762815475464 
v -0.6719815731048584 -0.0006162734935060143 0.6652463674545288 
v -0.6680753231048584 0.00326365209184587 0.6680675148963928 
v -0.7835257053375244 -0.0006162734935060143 0.5293968915939331 
v -0.7854788303375244 0.00326365209184587 0.5248396396636963 
v 1.863586664199829 -0.11913035809993744 -0.004886668175458908 
v 1.8722671270370483 -0.12323474884033203 -0.00011240399908274412 
v 0.945625901222229 -0.0006162734935060143 -0.004886668175458908 
v 0.9378134608268738 -0.0032777099404484034 -0.00011240399908274412 
v 0.945625901222229 -0.0006162734935060143 -0.004886668175458908 
v 0.9447578191757202 0.00326365209184587 -0.00011240399908274412 
v 1.863586664199829 -0.11913035809993744 -0.004886668175458908 
v 1.865539789199829 -0.11624446511268616 -0.00011240399908274412 
v 1.8288646936416626 -0.11913035809993744 -0.3588332533836365 
v 1.8362431526184082 -0.12323474884033203 -0.3653436005115509 
v 1.863586664199829 -0.11913035809993744 -0.004886668175458908 
v 1.8722671270370483 -0.12323474884033203 -0.00011240399908274412 
v 1.863586664199829 -0.11913035809993744 -0.004886668175458908 
v 1.865539789199829 -0.11624446511268616 -0.00011240399908274412 
v 1.8288646936416626 -0.11913035809993744 -0.3588332533836365 
v 1.8297327756881714 -0.11624446511268616 -0.3640415370464325 
v 0.9282649159431458 -0.0006162734935060143 -0.17979833483695984 
v 0.9198014736175537 -0.0032777099404484034 -0.18305352330207825 
v 1.8288646936416626 -0.11913035809993744 -0.3588332533836365 
v 1.8362431526184082 -0.12323474884033203 -0.3653436005115509 
v 1.8288646936416626 -0.11913035809993744 -0.3588332533836365 
v 1.8297327756881714 -0.11624446511268616 -0.3640415370464325 
v 0.9282649159431458 -0.0006162734935060143 -0.17979833483695984 
v 0.926528811454773 0.00326365209184587 -0.18435558676719666 
v 0.945625901222229 -0.0006162734935060143 -0.004886668175458908 
v 0.9378134608268738 -0.0032777099404484034 -0.00011240399908274412 
v 0.9282649159431458 -0.0006162734935060143 -0.17979833483695984 
v 0.9198014736175537 -0.0032777099404484034 -0.18305352330207825 
v 0.9282649159431458 -0.0006162734935060143 -0.17979833483695984 
v 0.926528811454773 0.00326365209184587 -0.18435558676719666 
v 0.945625901222229 -0.0006162734935060143 -0.004886668175458908 
v 0.9447578191757202 0.00326365209184587 -0.00011240399908274412 
v -1.7199325561523438 -0.11913035809993744 0.717546284198761 
v -1.7296980619430542 -0.12323474884033203 0.7164612412452698 
v -0.8718495965003967 -0.0006162734935060143 0.36620384454727173 
v -0.8664243221282959 -0.0032777099404484034 0.3588254451751709 
v -0.8718495965003967 -0.0006162734935060143 0.36620384454727173 
v -0.8729346394538879 0.00326365209184587 0.3616465926170349 
v -1.7199325561523438 -0.11913035809993744 0.717546284198761 
v -1.7236217260360718 -0.11624446511268616 0.7138570547103882 
v -1.5521821975708008 -0.11913035809993744 1.0313456058502197 
v -1.5567394495010376 -0.12323474884033203 1.040243148803711 
v -1.7199325561523438 -0.11913035809993744 0.717546284198761 
v -1.7296980619430542 -0.12323474884033203 0.7164612412452698 
v -1.7199325561523438 -0.11913035809993744 0.717546284198761 
v -1.7236217260360718 -0.11624446511268616 0.7138570547103882 
v -1.5521821975708008 -0.11913035809993744 1.0313456058502197 
v -1.5513142347335815 -0.11624446511268616 1.036553978919983 
v -0.78895103931427 -0.0006162734935060143 0.5213674306869507 
v -0.7796195149421692 -0.0032777099404484034 0.5209333896636963 
v -1.5521821975708008 -0.11913035809993744 1.0313456058502197 
v -1.5567394495010376 -0.12323474884033203 1.040243148803711 
v -1.5521821975708008 -0.11913035809993744 1.0313456058502197 
v -1.5513142347335815 -0.11624446511268616 1.036553978919983 
v -0.78895103931427 -0.0006162734935060143 0.5213674306869507 
v -0.7854788303375244 0.00326365209184587 0.5248396396636963 
v -0.8718495965003967 -0.0006162734935060143 0.36620384454727173 
v -0.8664243221282959 -0.0032777099404484034 0.3588254451751709 
v -0.78895103931427 -0.0006162734935060143 0.5213674306869507 
v -0.7796195149421692 -0.0032777099404484034 0.5209333896636963 
v -0.78895103931427 -0.0006162734935060143 0.5213674306869507 
v -0.7854788303375244 0.00326365209184587 0.5248396396636963 
v -0.8718495965003967 -0.0006162734935060143 0.36620384454727173 
v -0.8729346394538879 0.00326365209184587 0.3616465926170349 
v 1.8288646936416626 -0.11913035809993744 0.3588254451751709 
v 1.8362431526184082 -0.12323474884033203 0.3653357923030853 
v 0.9282649159431458 -0.0006162734935060143 0.17979054152965546 
v 0.9198014736175537 -0.0032777099404484034 0.18304572999477386 
v 0.9282649159431458 -0.0006162734935060143 0.17979054152965546 
v 0.926528811454773 0.00326365209184587 0.18434779345989227 
v 1.8288646936416626 -0.11913035809993744 0.3588254451751709 
v 1.8297327756881714 -0.11624446511268616 0.3640337288379669 
v 1.863586664199829 -0.11913035809993744 0.004878872074186802 
v 1.8722671270370483 -0.12323474884033203 -0.00011240399908274412 
v 1.8288646936416626 -0.11913035809993744 0.3588254451751709 
v 1.8362431526184082 -0.12323474884033203 0.3653357923030853 
v 1.8288646936416626 -0.11913035809993744 0.3588254451751709 
v 1.8297327756881714 -0.11624446511268616 0.3640337288379669 
v 1.863586664199829 -0.11913035809993744 0.004878872074186802 
v 1.865539789199829 -0.11624446511268616 -0.00011240399908274412 
v 0.945625901222229 -0.0006162734935060143 0.004878872074186802 
v 0.9378134608268738 -0.0032777099404484034 -0.00011240399908274412 
v 1.863586664199829 -0.11913035809993744 0.004878872074186802 
v 1.8722671270370483 -0.12323474884033203 -0.00011240399908274412 
v 1.863586664199829 -0.11913035809993744 0.004878872074186802 
v 1.865539789199829 -0.11624446511268616 -0.00011240399908274412 
v 0.945625901222229 -0.0006162734935060143 0.004878872074186802 
v 0.9447578191757202 0.00326365209184587 -0.00011240399908274412 
v 0.9282649159431458 -0.0006162734935060143 0.17979054152965546 
v 0.9198014736175537 -0.0032777099404484034 0.18304572999477386 
v 0.945625901222229 -0.0006162734935060143 0.004878872074186802 
v 0.9378134608268738 -0.0032777099404484034 -0.00011240399908274412 
v 0.945625901222229 -0.0006162734935060143 0.004878872074186802 
v 0.9447578191757202 0.00326365209184587 -0.00011240399908274412 
v 0.9282649159431458 -0.0006162734935060143 0.17979054152965546 
v 0.926528811454773 0.00326365209184587 0.18434779345989227 
v -1.826919436454773 -0.11913035809993744 0.36837396025657654 
v -1.836250901222229 -0.12323474884033203 0.3653357923030853 
v -0.9265366196632385 -0.0006162734935060143 0.1891220659017563 
v -0.9198092818260193 -0.0032777099404484034 0.18304572999477386 
v -0.9265366196632385 -0.0006162734935060143 0.1891220659017563 
v -0.9265366196632385 0.00326365209184587 0.18434779345989227 
v -1.826919436454773 -0.11913035809993744 0.36837396025657654 
v -1.8297405242919922 -0.11624446511268616 0.3640337288379669 
v -1.7236217260360718 -0.11913035809993744 0.7088658213615417 
v -1.7296980619430542 -0.12323474884033203 0.7164612412452698 
v -1.826919436454773 -0.11913035809993744 0.36837396025657654 
v -1.836250901222229 -0.12323474884033203 0.3653357923030853 
v -1.826919436454773 -0.11913035809993744 0.36837396025657654 
v -1.8297405242919922 -0.11624446511268616 0.3640337288379669 
v -1.7236217260360718 -0.11913035809993744 0.7088658213615417 
v -1.7236217260360718 -0.11624446511268616 0.7138570547103882 
v -0.8755388259887695 -0.0006162734935060143 0.3575233817100525 
v -0.8664243221282959 -0.0032777099404484034 0.3588254451751709 
v -1.7236217260360718 -0.11913035809993744 0.7088658213615417 
v -1.7296980619430542 -0.12323474884033203 0.7164612412452698 
v -1.7236217260360718 -0.11913035809993744 0.7088658213615417 
v -1.7236217260360718 -0.11624446511268616 0.7138570547103882 
v -0.8755388259887695 -0.0006162734935060143 0.3575233817100525 
v -0.8729346394538879 0.00326365209184587 0.3616465926170349 
v -0.9265366196632385 -0.0006162734935060143 0.1891220659017563 
v -0.9198092818260193 -0.0032777099404484034 0.18304572999477386 
v -0.8755388259887695 -0.0006162734935060143 0.3575233817100525 
v -0.8664243221282959 -0.0032777099404484034 0.3588254451751709 
v -0.8755388259887695 -0.0006162734935060143 0.3575233817100525 
v -0.8729346394538879 0.00326365209184587 0.3616465926170349 
v -0.9265366196632385 -0.0006162734935060143 0.1891220659017563 
v -0.9265366196632385 0.00326365209184587 0.18434779345989227 
v 1.7236138582229614 -0.11913035809993744 0.7088658213615417 
v 1.7296901941299438 -0.12323474884033203 0.7164612412452698 
v 0.875531017780304 -0.0006162734935060143 0.3575233817100525 
v 0.8664165139198303 -0.0032777099404484034 0.3588254451751709 
v 0.875531017780304 -0.0006162734935060143 0.3575233817100525 
v 0.8729268908500671 0.00326365209184587 0.3616465926170349 
v 1.7236138582229614 -0.11913035809993744 0.7088658213615417 
v 1.7236138582229614 -0.11624446511268616 0.7138570547103882 
v 1.8269115686416626 -0.11913035809993744 0.36837396025657654 
v 1.8362431526184082 -0.12323474884033203 0.3653357923030853 
v 1.7236138582229614 -0.11913035809993744 0.7088658213615417 
v 1.7296901941299438 -0.12323474884033203 0.7164612412452698 
v 1.7236138582229614 -0.11913035809993744 0.7088658213615417 
v 1.7236138582229614 -0.11624446511268616 0.7138570547103882 
v 1.8269115686416626 -0.11913035809993744 0.36837396025657654 
v 1.8297327756881714 -0.11624446511268616 0.3640337288379669 
v 0.926528811454773 -0.0006162734935060143 0.1891220659017563 
v 0.9198014736175537 -0.0032777099404484034 0.18304572999477386 
v 1.8269115686416626 -0.11913035809993744 0.36837396025657654 
v 1.8362431526184082 -0.12323474884033203 0.3653357923030853 
v 1.8269115686416626 -0.11913035809993744 0.36837396025657654 
v 1.8297327756881714 -0.11624446511268616 0.3640337288379669 
v 0.926528811454773 -0.0006162734935060143 0.1891220659017563 
v 0.926528811454773 0.00326365209184587 0.18434779345989227 
v 0.875531017780304 -0.0006162734935060143 0.3575233817100525 
v 0.8664165139198303 -0.0032777099404484034 0.3588254451751709 
v 0.926528811454773 -0.0006162734935060143 0.1891220659017563 
v 0.9198014736175537 -0.0032777099404484034 0.18304572999477386 
v 0.926528811454773 -0.0006162734935060143 0.1891220659017563 
v 0.926528811454773 0.00326365209184587 0.18434779345989227 
v 0.875531017780304 -0.0006162734935060143 0.3575233817100525 
v 0.8729268908500671 0.00326365209184587 0.3616465926170349 
v -1.86359441280365 -0.11913035809993744 0.004878872074186802 
v -1.8722748756408691 -0.12323474884033203 -0.00011240399908274412 
v -0.9456337094306946 -0.0006162734935060143 0.004878872074186802 
v -0.9378212690353394 -0.0032777099404484034 -0.00011240399908274412 
v -0.9456337094306946 -0.0006162734935060143 0.004878872074186802 
v -0.9447656273841858 0.00326365209184587 -0.00011240399908274412 
v -1.86359441280365 -0.11913035809993744 0.004878872074186802 
v -1.86554753780365 -0.11624446511268616 -0.00011240399908274412 
v -1.828872561454773 -0.11913035809993744 0.3588254451751709 
v -1.836250901222229 -0.12323474884033203 0.3653357923030853 
v -1.86359441280365 -0.11913035809993744 0.004878872074186802 
v -1.8722748756408691 -0.12323474884033203 -0.00011240399908274412 
v -1.86359441280365 -0.11913035809993744 0.004878872074186802 
v -1.86554753780365 -0.11624446511268616 -0.00011240399908274412 
v -1.828872561454773 -0.11913035809993744 0.3588254451751709 
v -1.8297405242919922 -0.11624446511268616 0.3640337288379669 
v -0.9282727241516113 -0.0006162734935060143 0.17979054152965546 
v -0.9198092818260193 -0.0032777099404484034 0.18304572999477386 
v -1.828872561454773 -0.11913035809993744 0.3588254451751709 
v -1.836250901222229 -0.12323474884033203 0.3653357923030853 
v -1.828872561454773 -0.11913035809993744 0.3588254451751709 
v -1.8297405242919922 -0.11624446511268616 0.3640337288379669 
v -0.9282727241516113 -0.0006162734935060143 0.17979054152965546 
v -0.9265366196632385 0.00326365209184587 0.18434779345989227 
v -0.9456337094306946 -0.0006162734935060143 0.004878872074186802 
v -0.9378212690353394 -0.0032777099404484034 -0.00011240399908274412 
v -0.9282727241516113 -0.0006162734935060143 0.17979054152965546 
v -0.9198092818260193 -0.0032777099404484034 0.18304572999477386 
v -0.9282727241516113 -0.0006162734935060143 0.17979054152965546 
v -0.9265366196632385 0.00326365209184587 0.18434779345989227 
v -0.9456337094306946 -0.0006162734935060143 0.004878872074186802 
v -0.9447656273841858 0.00326365209184587 -0.00011240399908274412 
v 1.55217444896698 -0.11913035809993744 1.0313456058502197 
v 1.5567317008972168 -0.12323474884033203 1.040243148803711 
v 0.7889432311058044 -0.0006162734935060143 0.5213674306869507 
v 0.7798287272453308 -0.0032777099404484034 0.5209333896636963 
v 0.7889432311058044 -0.0006162734935060143 0.5213674306869507 
v 0.7854710221290588 0.00326365209184587 0.5248396396636963 
v 1.55217444896698 -0.11913035809993744 1.0313456058502197 
v 1.5513063669204712 -0.11624446511268616 1.036553978919983 
v 1.7199246883392334 -0.11913035809993744 0.717546284198761 
v 1.7296901941299438 -0.12323474884033203 0.7164612412452698 
v 1.55217444896698 -0.11913035809993744 1.0313456058502197 
v 1.5567317008972168 -0.12323474884033203 1.040243148803711 
v 1.55217444896698 -0.11913035809993744 1.0313456058502197 
v 1.5513063669204712 -0.11624446511268616 1.036553978919983 
v 1.7199246883392334 -0.11913035809993744 0.717546284198761 
v 1.7236138582229614 -0.11624446511268616 0.7138570547103882 
v 0.8718417882919312 -0.0006162734935060143 0.36620384454727173 
v 0.8664165139198303 -0.0032777099404484034 0.3588254451751709 
v 1.7199246883392334 -0.11913035809993744 0.717546284198761 
v 1.7296901941299438 -0.12323474884033203 0.7164612412452698 
v 1.7199246883392334 -0.11913035809993744 0.717546284198761 
v 1.7236138582229614 -0.11624446511268616 0.7138570547103882 
v 0.8718417882919312 -0.0006162734935060143 0.36620384454727173 
v 0.8729268908500671 0.00326365209184587 0.3616465926170349 
v 0.7889432311058044 -0.0006162734935060143 0.5213674306869507 
v 0.7798287272453308 -0.0032777099404484034 0.5209333896636963 
v 0.8718417882919312 -0.0006162734935060143 0.36620384454727173 
v 0.8664165139198303 -0.0032777099404484034 0.3588254451751709 
v 0.8718417882919312 -0.0006162734935060143 0.36620384454727173 
v 0.8729268908500671 0.00326365209184587 0.3616465926170349 
v 0.7889432311058044 -0.0006162734935060143 0.5213674306869507 
v 0.7854710221290588 0.00326365209184587 0.5248396396636963 
v -1.828872561454773 -0.11913035809993744 -0.3588332533836365 
v -1.836250901222229 -0.12323474884033203 -0.3653436005115509 
v -0.9282727241516113 -0.0006162734935060143 -0.17979833483695984 
v -0.9198092818260193 -0.0032777099404484034 -0.18305352330207825 
v -0.9282727241516113 -0.0006162734935060143 -0.17979833483695984 
v -0.9265366196632385 0.00326365209184587 -0.18435558676719666 
v -1.828872561454773 -0.11913035809993744 -0.3588332533836365 
v -1.8297405242919922 -0.11624446511268616 -0.3640415370464325 
v -1.86359441280365 -0.11913035809993744 -0.004886668175458908 
v -1.8722748756408691 -0.12323474884033203 -0.00011240399908274412 
v -1.828872561454773 -0.11913035809993744 -0.3588332533836365 
v -1.836250901222229 -0.12323474884033203 -0.3653436005115509 
v -1.828872561454773 -0.11913035809993744 -0.3588332533836365 
v -1.8297405242919922 -0.11624446511268616 -0.3640415370464325 
v -1.86359441280365 -0.11913035809993744 -0.004886668175458908 
v -1.86554753780365 -0.11624446511268616 -0.00011240399908274412 
v -0.9456337094306946 -0.0006162734935060143 -0.004886668175458908 
v -0.9378212690353394 -0.0032777099404484034 -0.00011240399908274412 
v -1.86359441280365 -0.11913035809993744 -0.004886668175458908 
v -1.8722748756408691 -0.12323474884033203 -0.00011240399908274412 
v -1.86359441280365 -0.11913035809993744 -0.004886668175458908 
v -1.86554753780365 -0.11624446511268616 -0.00011240399908274412 
v -0.9456337094306946 -0.0006162734935060143 -0.004886668175458908 
v -0.9447656273841858 0.00326365209184587 -0.00011240399908274412 
v -0.9282727241516113 -0.0006162734935060143 -0.17979833483695984 
v -0.9198092818260193 -0.0032777099404484034 -0.18305352330207825 
v -0.9456337094306946 -0.0006162734935060143 -0.004886668175458908 
v -0.9378212690353394 -0.0032777099404484034 -0.00011240399908274412 
v -0.9456337094306946 -0.0006162734935060143 -0.004886668175458908 
v -0.9447656273841858 0.00326365209184587 -0.00011240399908274412 
v -0.9282727241516113 -0.0006162734935060143 -0.17979833483695984 
v -0.9265366196632385 0.00326365209184587 -0.18435558676719666 
v 1.321273684501648 -0.11913035809993744 1.3143292665481567 
v 1.3238778114318848 -0.12323474884033203 1.3238778114318848 
v 0.6719737648963928 -0.0006162734935060143 0.6652463674545288 
v 0.6630762815475464 -0.0032777099404484034 0.6630762815475464 
v 0.6719737648963928 -0.0006162734935060143 0.6652463674545288 
v 0.6680675148963928 0.00326365209184587 0.6680675148963928 
v 1.321273684501648 -0.11913035809993744 1.3143292665481567 
v 1.3191035985946655 -0.11624446511268616 1.3191035985946655 
v 1.5469661951065063 -0.11913035809993744 1.0393750667572021 
v 1.5567317008972168 -0.12323474884033203 1.040243148803711 
v 1.321273684501648 -0.11913035809993744 1.3143292665481567 
v 1.3238778114318848 -0.12323474884033203 1.3238778114318848 
v 1.321273684501648 -0.11913035809993744 1.3143292665481567 
v 1.3191035985946655 -0.11624446511268616 1.3191035985946655 
v 1.5469661951065063 -0.11913035809993744 1.0393750667572021 
v 1.5513063669204712 -0.11624446511268616 1.036553978919983 
v 0.7835179567337036 -0.0006162734935060143 0.5293968915939331 
v 0.7798287272453308 -0.0032777099404484034 0.5209333896636963 
v 1.5469661951065063 -0.11913035809993744 1.0393750667572021 
v 1.5567317008972168 -0.12323474884033203 1.040243148803711 
v 1.5469661951065063 -0.11913035809993744 1.0393750667572021 
v 1.5513063669204712 -0.11624446511268616 1.036553978919983 
v 0.7835179567337036 -0.0006162734935060143 0.5293968915939331 
v 0.7854710221290588 0.00326365209184587 0.5248396396636963 
v 0.6719737648963928 -0.0006162734935060143 0.6652463674545288 
v 0.6630762815475464 -0.0032777099404484034 0.6630762815475464 
v 0.7835179567337036 -0.0006162734935060143 0.5293968915939331 
v 0.7798287272453308 -0.0032777099404484034 0.5209333896636963 
v 0.7835179567337036 -0.0006162734935060143 0.5293968915939331 
v 0.7854710221290588 0.00326365209184587 0.5248396396636963 
v 0.6719737648963928 -0.0006162734935060143 0.6652463674545288 
v 0.6680675148963928 0.00326365209184587 0.6680675148963928 
v -1.7236217260360718 -0.11913035809993744 -0.7088735699653625 
v -1.7296980619430542 -0.12323474884033203 -0.7164689898490906 
v -0.8755388259887695 -0.0006162734935060143 -0.3575311601161957 
v -0.8664243221282959 -0.0032777099404484034 -0.3588332533836365 
v -0.8755388259887695 -0.0006162734935060143 -0.3575311601161957 
v -0.8729346394538879 0.00326365209184587 -0.3616544008255005 
v -1.7236217260360718 -0.11913035809993744 -0.7088735699653625 
v -1.7236217260360718 -0.11624446511268616 -0.7138648629188538 
v -1.826919436454773 -0.11913035809993744 -0.3683817684650421 
v -1.836250901222229 -0.12323474884033203 -0.3653436005115509 
v -1.7236217260360718 -0.11913035809993744 -0.7088735699653625 
v -1.7296980619430542 -0.12323474884033203 -0.7164689898490906 
v -1.7236217260360718 -0.11913035809993744 -0.7088735699653625 
v -1.7236217260360718 -0.11624446511268616 -0.7138648629188538 
v -1.826919436454773 -0.11913035809993744 -0.3683817684650421 
v -1.8297405242919922 -0.11624446511268616 -0.3640415370464325 
v -0.9265366196632385 -0.0006162734935060143 -0.18912985920906067 
v -0.9198092818260193 -0.0032777099404484034 -0.18305352330207825 
v -1.826919436454773 -0.11913035809993744 -0.3683817684650421 
v -1.836250901222229 -0.12323474884033203 -0.3653436005115509 
v -1.826919436454773 -0.11913035809993744 -0.3683817684650421 
v -1.8297405242919922 -0.11624446511268616 -0.3640415370464325 
v -0.9265366196632385 -0.0006162734935060143 -0.18912985920906067 
v -0.9265366196632385 0.00326365209184587 -0.18435558676719666 
v -0.8755388259887695 -0.0006162734935060143 -0.3575311601161957 
v -0.8664243221282959 -0.0032777099404484034 -0.3588332533836365 
v -0.9265366196632385 -0.0006162734935060143 -0.18912985920906067 
v -0.9198092818260193 -0.0032777099404484034 -0.18305352330207825 
v -0.9265366196632385 -0.0006162734935060143 -0.18912985920906067 
v -0.9265366196632385 0.00326365209184587 -0.18435558676719666 
v -0.8755388259887695 -0.0006162734935060143 -0.3575311601161957 
v -0.8729346394538879 0.00326365209184587 -0.3616544008255005 
v 1.0393750667572021 -0.11913035809993744 1.5469661951065063 
v 1.040243148803711 -0.12323474884033203 1.5567317008972168 
v 0.5293968915939331 -0.0006162734935060143 0.7835179567337036 
v 0.5209333896636963 -0.0032777099404484034 0.7796117067337036 
v 0.5293968915939331 -0.0006162734935060143 0.7835179567337036 
v 0.5248396396636963 0.00326365209184587 0.7854710221290588 
v 1.0393750667572021 -0.11913035809993744 1.5469661951065063 
v 1.036553978919983 -0.11624446511268616 1.5513063669204712 
v 1.3143292665481567 -0.11913035809993744 1.321273684501648 
v 1.3238778114318848 -0.12323474884033203 1.3238778114318848 
v 1.0393750667572021 -0.11913035809993744 1.5469661951065063 
v 1.040243148803711 -0.12323474884033203 1.5567317008972168 
v 1.0393750667572021 -0.11913035809993744 1.5469661951065063 
v 1.036553978919983 -0.11624446511268616 1.5513063669204712 
v 1.3143292665481567 -0.11913035809993744 1.321273684501648 
v 1.3191035985946655 -0.11624446511268616 1.3191035985946655 
v 0.6652463674545288 -0.0006162734935060143 0.6719737648963928 
v 0.6630762815475464 -0.0032777099404484034 0.6630762815475464 
v 1.3143292665481567 -0.11913035809993744 1.321273684501648 
v 1.3238778114318848 -0.12323474884033203 1.3238778114318848 
v 1.3143292665481567 -0.11913035809993744 1.321273684501648 
v 1.3191035985946655 -0.11624446511268616 1.3191035985946655 
v 0.6652463674545288 -0.0006162734935060143 0.6719737648963928 
v 0.6680675148963928 0.00326365209184587 0.6680675148963928 
v 0.5293968915939331 -0.0006162734935060143 0.7835179567337036 
v 0.5209333896636963 -0.0032777099404484034 0.7796117067337036 
v 0.6652463674545288 -0.0006162734935060143 0.6719737648963928 
v 0.6630762815475464 -0.0032777099404484034 0.6630762815475464 
v 0.6652463674545288 -0.0006162734935060143 0.6719737648963928 
v 0.6680675148963928 0.00326365209184587 0.6680675148963928 
v 0.5293968915939331 -0.0006162734935060143 0.7835179567337036 
v 0.5248396396636963 0.00326365209184587 0.7854710221290588 
v -1.5521821975708008 -0.11913035809993744 -1.03135347366333 
v -1.5567394495010376 -0.12323474884033203 -1.0402508974075317 
v -0.78895103931427 -0.0006162734935060143 -0.5213752388954163 
v -0.7796195149421692 -0.0032777099404484034 -0.5209411978721619 
v -0.78895103931427 -0.0006162734935060143 -0.5213752388954163 
v -0.7854788303375244 0.00326365209184587 -0.5248474478721619 
v -1.5521821975708008 -0.11913035809993744 -1.03135347366333 
v -1.5513142347335815 -0.11624446511268616 -1.0365617275238037 
v -1.7199325561523438 -0.11913035809993744 -0.7175540924072266 
v -1.7296980619430542 -0.12323474884033203 -0.7164689898490906 
v -1.5521821975708008 -0.11913035809993744 -1.03135347366333 
v -1.5567394495010376 -0.12323474884033203 -1.0402508974075317 
v -1.5521821975708008 -0.11913035809993744 -1.03135347366333 
v -1.5513142347335815 -0.11624446511268616 -1.0365617275238037 
v -1.7199325561523438 -0.11913035809993744 -0.7175540924072266 
v -1.7236217260360718 -0.11624446511268616 -0.7138648629188538 
v -0.8718495965003967 -0.0006162734935060143 -0.3662116527557373 
v -0.8664243221282959 -0.0032777099404484034 -0.3588332533836365 
v -1.7199325561523438 -0.11913035809993744 -0.7175540924072266 
v -1.7296980619430542 -0.12323474884033203 -0.7164689898490906 
v -1.7199325561523438 -0.11913035809993744 -0.7175540924072266 
v -1.7236217260360718 -0.11624446511268616 -0.7138648629188538 
v -0.8718495965003967 -0.0006162734935060143 -0.3662116527557373 
v -0.8729346394538879 0.00326365209184587 -0.3616544008255005 
v -0.78895103931427 -0.0006162734935060143 -0.5213752388954163 
v -0.7796195149421692 -0.0032777099404484034 -0.5209411978721619 
v -0.8718495965003967 -0.0006162734935060143 -0.3662116527557373 
v -0.8664243221282959 -0.0032777099404484034 -0.3588332533836365 
v -0.8718495965003967 -0.0006162734935060143 -0.3662116527557373 
v -0.8729346394538879 0.00326365209184587 -0.3616544008255005 
v -0.78895103931427 -0.0006162734935060143 -0.5213752388954163 
v -0.7854788303375244 0.00326365209184587 -0.5248474478721619 
v 0.717546284198761 -0.11913035809993744 1.7199246883392334 
v 0.7164612412452698 -0.12323474884033203 1.7296901941299438 
v 0.36620384454727173 -0.0006162734935060143 0.8718417882919312 
v 0.3588254451751709 -0.0032777099404484034 0.8664165139198303 
v 0.36620384454727173 -0.0006162734935060143 0.8718417882919312 
v 0.3616465926170349 0.00326365209184587 0.8729268908500671 
v 0.717546284198761 -0.11913035809993744 1.7199246883392334 
v 0.7138570547103882 -0.11624446511268616 1.7236138582229614 
v 1.0313456058502197 -0.11913035809993744 1.55217444896698 
v 1.040243148803711 -0.12323474884033203 1.5567317008972168 
v 0.717546284198761 -0.11913035809993744 1.7199246883392334 
v 0.7164612412452698 -0.12323474884033203 1.7296901941299438 
v 0.717546284198761 -0.11913035809993744 1.7199246883392334 
v 0.7138570547103882 -0.11624446511268616 1.7236138582229614 
v 1.0313456058502197 -0.11913035809993744 1.55217444896698 
v 1.036553978919983 -0.11624446511268616 1.5513063669204712 
v 0.5213674306869507 -0.0006162734935060143 0.7889432311058044 
v 0.5209333896636963 -0.0032777099404484034 0.7796117067337036 
v 1.0313456058502197 -0.11913035809993744 1.55217444896698 
v 1.040243148803711 -0.12323474884033203 1.5567317008972168 
v 1.0313456058502197 -0.11913035809993744 1.55217444896698 
v 1.036553978919983 -0.11624446511268616 1.5513063669204712 
v 0.5213674306869507 -0.0006162734935060143 0.7889432311058044 
v 0.5248396396636963 0.00326365209184587 0.7854710221290588 
v 0.36620384454727173 -0.0006162734935060143 0.8718417882919312 
v 0.3588254451751709 -0.0032777099404484034 0.8664165139198303 
v 0.5213674306869507 -0.0006162734935060143 0.7889432311058044 
v 0.5209333896636963 -0.0032777099404484034 0.7796117067337036 
v 0.5213674306869507 -0.0006162734935060143 0.7889432311058044 
v 0.5248396396636963 0.00326365209184587 0.7854710221290588 
v 0.36620384454727173 -0.0006162734935060143 0.8718417882919312 
v 0.3616465926170349 0.00326365209184587 0.8729268908500671 
v 0.3588254451751709 -0.11913035809993744 -1.828872561454773 
v 0.3653357923030853 -0.12323474884033203 -1.836250901222229 
v 0.17979054152965546 -0.0006162734935060143 -0.9282727241516113 
v 0.18304572999477386 -0.0032777099404484034 -0.9198092818260193 
v 0.17979054152965546 -0.0006162734935060143 -0.9282727241516113 
v 0.18434779345989227 0.00326365209184587 -0.9265366196632385 
v 0.3588254451751709 -0.11913035809993744 -1.828872561454773 
v 0.3640337288379669 -0.11624446511268616 -1.8297405242919922 
v 0.004878872074186802 -0.11913035809993744 -1.86359441280365 
v 0.00010460799967404455 -0.12323474884033203 -1.8722748756408691 
v 0.3588254451751709 -0.11913035809993744 -1.828872561454773 
v 0.3653357923030853 -0.12323474884033203 -1.836250901222229 
v 0.3588254451751709 -0.11913035809993744 -1.828872561454773 
v 0.3640337288379669 -0.11624446511268616 -1.8297405242919922 
v 0.004878872074186802 -0.11913035809993744 -1.86359441280365 
v 0.00010460799967404455 -0.11624446511268616 -1.86554753780365 
v 0.004878872074186802 -0.0006162734935060143 -0.9456337094306946 
v 0.00010460799967404455 -0.0032777099404484034 -0.9378212690353394 
v 0.004878872074186802 -0.11913035809993744 -1.86359441280365 
v 0.00010460799967404455 -0.12323474884033203 -1.8722748756408691 
v 0.004878872074186802 -0.11913035809993744 -1.86359441280365 
v 0.00010460799967404455 -0.11624446511268616 -1.86554753780365 
v 0.004878872074186802 -0.0006162734935060143 -0.9456337094306946 
v 0.00010460799967404455 0.00326365209184587 -0.9447656273841858 
v 0.17979054152965546 -0.0006162734935060143 -0.9282727241516113 
v 0.18304572999477386 -0.0032777099404484034 -0.9198092818260193 
v 0.004878872074186802 -0.0006162734935060143 -0.9456337094306946 
v 0.00010460799967404455 -0.0032777099404484034 -0.9378212690353394 
v 0.004878872074186802 -0.0006162734935060143 -0.9456337094306946 
v 0.00010460799967404455 0.00326365209184587 -0.9447656273841858 
v 0.17979054152965546 -0.0006162734935060143 -0.9282727241516113 
v 0.18434779345989227 0.00326365209184587 -0.9265366196632385 
v -1.3212814331054688 -0.11913035809993744 -1.314337134361267 
v -1.3238855600357056 -0.12323474884033203 -1.3238855600357056 
v -0.6719815731048584 -0.0006162734935060143 -0.6652541756629944 
v -0.663084089756012 -0.0032777099404484034 -0.663084089756012 
v -0.6719815731048584 -0.0006162734935060143 -0.6652541756629944 
v -0.6680753231048584 0.00326365209184587 -0.6680753231048584 
v -1.3212814331054688 -0.11913035809993744 -1.314337134361267 
v -1.3191113471984863 -0.11624446511268616 -1.3191113471984863 
v -1.5469739437103271 -0.11913035809993744 -1.039382815361023 
v -1.5567394495010376 -0.12323474884033203 -1.0402508974075317 
v -1.3212814331054688 -0.11913035809993744 -1.314337134361267 
v -1.3238855600357056 -0.12323474884033203 -1.3238855600357056 
v -1.3212814331054688 -0.11913035809993744 -1.314337134361267 
v -1.3191113471984863 -0.11624446511268616 -1.3191113471984863 
v -1.5469739437103271 -0.11913035809993744 -1.039382815361023 
v -1.5513142347335815 -0.11624446511268616 -1.0365617275238037 
v -0.7835257053375244 -0.0006162734935060143 -0.5294046998023987 
v -0.7796195149421692 -0.0032777099404484034 -0.5209411978721619 
v -1.5469739437103271 -0.11913035809993744 -1.039382815361023 
v -1.5567394495010376 -0.12323474884033203 -1.0402508974075317 
v -1.5469739437103271 -0.11913035809993744 -1.039382815361023 
v -1.5513142347335815 -0.11624446511268616 -1.0365617275238037 
v -0.7835257053375244 -0.0006162734935060143 -0.5294046998023987 
v -0.7854788303375244 0.00326365209184587 -0.5248474478721619 
v -0.6719815731048584 -0.0006162734935060143 -0.6652541756629944 
v -0.663084089756012 -0.0032777099404484034 -0.663084089756012 
v -0.7835257053375244 -0.0006162734935060143 -0.5294046998023987 
v -0.7796195149421692 -0.0032777099404484034 -0.5209411978721619 
v -0.7835257053375244 -0.0006162734935060143 -0.5294046998023987 
v -0.7854788303375244 0.00326365209184587 -0.5248474478721619 
v -0.6719815731048584 -0.0006162734935060143 -0.6652541756629944 
v -0.6680753231048584 0.00326365209184587 -0.6680753231048584 
v 0.36837396025657654 -0.11913035809993744 1.8269115686416626 
v 0.3653357923030853 -0.12323474884033203 1.8362431526184082 
v 0.1891220659017563 -0.0006162734935060143 0.926528811454773 
v 0.18304572999477386 -0.0032777099404484034 0.9198014736175537 
v 0.1891220659017563 -0.0006162734935060143 0.926528811454773 
v 0.18434779345989227 0.00326365209184587 0.926528811454773 
v 0.36837396025657654 -0.11913035809993744 1.8269115686416626 
v 0.3640337288379669 -0.11624446511268616 1.8297327756881714 
v 0.7088658213615417 -0.11913035809993744 1.7236138582229614 
v 0.7164612412452698 -0.12323474884033203 1.7296901941299438 
v 0.36837396025657654 -0.11913035809993744 1.8269115686416626 
v 0.3653357923030853 -0.12323474884033203 1.8362431526184082 
v 0.36837396025657654 -0.11913035809993744 1.8269115686416626 
v 0.3640337288379669 -0.11624446511268616 1.8297327756881714 
v 0.7088658213615417 -0.11913035809993744 1.7236138582229614 
v 0.7138570547103882 -0.11624446511268616 1.7236138582229614 
v 0.3575233817100525 -0.0006162734935060143 0.875531017780304 
v 0.3588254451751709 -0.0032777099404484034 0.8664165139198303 
v 0.7088658213615417 -0.11913035809993744 1.7236138582229614 
v 0.7164612412452698 -0.12323474884033203 1.7296901941299438 
v 0.7088658213615417 -0.11913035809993744 1.7236138582229614 
v 0.7138570547103882 -0.11624446511268616 1.7236138582229614 
v 0.3575233817100525 -0.0006162734935060143 0.875531017780304 
v 0.3616465926170349 0.00326365209184587 0.8729268908500671 
v 0.1891220659017563 -0.0006162734935060143 0.926528811454773 
v 0.18304572999477386 -0.0032777099404484034 0.9198014736175537 
v 0.3575233817100525 -0.0006162734935060143 0.875531017780304 
v 0.3588254451751709 -0.0032777099404484034 0.8664165139198303 
v 0.3575233817100525 -0.0006162734935060143 0.875531017780304 
v 0.3616465926170349 0.00326365209184587 0.8729268908500671 
v 0.1891220659017563 -0.0006162734935060143 0.926528811454773 
v 0.18434779345989227 0.00326365209184587 0.926528811454773 
v 0.7088658213615417 -0.11913035809993744 -1.7236217260360718 
v 0.7164612412452698 -0.12323474884033203 -1.7296980619430542 
v 0.3575233817100525 -0.0006162734935060143 -0.8755388259887695 
v 0.3588254451751709 -0.0032777099404484034 -0.8664243221282959 
v 0.3575233817100525 -0.0006162734935060143 -0.8755388259887695 
v 0.3616465926170349 0.00326365209184587 -0.8729346394538879 
v 0.7088658213615417 -0.11913035809993744 -1.7236217260360718 
v 0.7138570547103882 -0.11624446511268616 -1.7236217260360718 
v 0.36837396025657654 -0.11913035809993744 -1.826919436454773 
v 0.3653357923030853 -0.12323474884033203 -1.836250901222229 
v 0.7088658213615417 -0.11913035809993744 -1.7236217260360718 
v 0.7164612412452698 -0.12323474884033203 -1.7296980619430542 
v 0.7088658213615417 -0.11913035809993744 -1.7236217260360718 
v 0.7138570547103882 -0.11624446511268616 -1.7236217260360718 
v 0.36837396025657654 -0.11913035809993744 -1.826919436454773 
v 0.3640337288379669 -0.11624446511268616 -1.8297405242919922 
v 0.1891220659017563 -0.0006162734935060143 -0.9265366196632385 
v 0.18304572999477386 -0.0032777099404484034 -0.9198092818260193 
v 0.36837396025657654 -0.11913035809993744 -1.826919436454773 
v 0.3653357923030853 -0.12323474884033203 -1.836250901222229 
v 0.36837396025657654 -0.11913035809993744 -1.826919436454773 
v 0.3640337288379669 -0.11624446511268616 -1.8297405242919922 
v 0.1891220659017563 -0.0006162734935060143 -0.9265366196632385 
v 0.18434779345989227 0.00326365209184587 -0.9265366196632385 
v 0.3575233817100525 -0.0006162734935060143 -0.8755388259887695 
v 0.3588254451751709 -0.0032777099404484034 -0.8664243221282959 
v 0.1891220659017563 -0.0006162734935060143 -0.9265366196632385 
v 0.18304572999477386 -0.0032777099404484034 -0.9198092818260193 
v 0.1891220659017563 -0.0006162734935060143 -0.9265366196632385 
v 0.18434779345989227 0.00326365209184587 -0.9265366196632385 
v 0.3575233817100525 -0.0006162734935060143 -0.8755388259887695 
v 0.3616465926170349 0.00326365209184587 -0.8729346394538879 
v -1.039382815361023 -0.11913035809993744 -1.5469739437103271 
v -1.0402508974075317 -0.12323474884033203 -1.5567394495010376 
v -0.5294046998023987 -0.0006162734935060143 -0.7835257053375244 
v -0.5209411978721619 -0.0032777099404484034 -0.7798365354537964 
v -0.5294046998023987 -0.0006162734935060143 -0.7835257053375244 
v -0.5248474478721619 0.00326365209184587 -0.7854788303375244 
v -1.039382815361023 -0.11913035809993744 -1.5469739437103271 
v -1.0365617275238037 -0.11624446511268616 -1.5513142347335815 
v -1.314337134361267 -0.11913035809993744 -1.3212814331054688 
v -1.3238855600357056 -0.12323474884033203 -1.3238855600357056 
v -1.039382815361023 -0.11913035809993744 -1.5469739437103271 
v -1.0402508974075317 -0.12323474884033203 -1.5567394495010376 
v -1.039382815361023 -0.11913035809993744 -1.5469739437103271 
v -1.0365617275238037 -0.11624446511268616 -1.5513142347335815 
v -1.314337134361267 -0.11913035809993744 -1.3212814331054688 
v -1.3191113471984863 -0.11624446511268616 -1.3191113471984863 
v -0.6652541756629944 -0.0006162734935060143 -0.6719815731048584 
v -0.663084089756012 -0.0032777099404484034 -0.663084089756012 
v -1.314337134361267 -0.11913035809993744 -1.3212814331054688 
v -1.3238855600357056 -0.12323474884033203 -1.3238855600357056 
v -1.314337134361267 -0.11913035809993744 -1.3212814331054688 
v -1.3191113471984863 -0.11624446511268616 -1.3191113471984863 
v -0.6652541756629944 -0.0006162734935060143 -0.6719815731048584 
v -0.6680753231048584 0.00326365209184587 -0.6680753231048584 
v -0.5294046998023987 -0.0006162734935060143 -0.7835257053375244 
v -0.5209411978721619 -0.0032777099404484034 -0.7798365354537964 
v -0.6652541756629944 -0.0006162734935060143 -0.6719815731048584 
v -0.663084089756012 -0.0032777099404484034 -0.663084089756012 
v -0.6652541756629944 -0.0006162734935060143 -0.6719815731048584 
v -0.6680753231048584 0.00326365209184587 -0.6680753231048584 
v -0.5294046998023987 -0.0006162734935060143 -0.7835257053375244 
v -0.5248474478721619 0.00326365209184587 -0.7854788303375244 
v 0.004878872074186802 -0.11913035809993744 1.863586664199829 
v 0.00010460799967404455 -0.12323474884033203 1.8722671270370483 
v 0.004878872074186802 -0.0006162734935060143 0.945625901222229 
v 0.00010460799967404455 -0.0032777099404484034 0.9378134608268738 
v 0.004878872074186802 -0.0006162734935060143 0.945625901222229 
v 0.00010460799967404455 0.00326365209184587 0.9447578191757202 
v 0.004878872074186802 -0.11913035809993744 1.863586664199829 
v 0.00010460799967404455 -0.11624446511268616 1.865539789199829 
v 0.3588254451751709 -0.11913035809993744 1.8288646936416626 
v 0.3653357923030853 -0.12323474884033203 1.8362431526184082 
v 0.004878872074186802 -0.11913035809993744 1.863586664199829 
v 0.00010460799967404455 -0.12323474884033203 1.8722671270370483 
v 0.004878872074186802 -0.11913035809993744 1.863586664199829 
v 0.00010460799967404455 -0.11624446511268616 1.865539789199829 
v 0.3588254451751709 -0.11913035809993744 1.8288646936416626 
v 0.3640337288379669 -0.11624446511268616 1.8297327756881714 
v 0.17979054152965546 -0.0006162734935060143 0.9282649159431458 
v 0.18304572999477386 -0.0032777099404484034 0.9198014736175537 
v 0.3588254451751709 -0.11913035809993744 1.8288646936416626 
v 0.3653357923030853 -0.12323474884033203 1.8362431526184082 
v 0.3588254451751709 -0.11913035809993744 1.8288646936416626 
v 0.3640337288379669 -0.11624446511268616 1.8297327756881714 
v 0.17979054152965546 -0.0006162734935060143 0.9282649159431458 
v 0.18434779345989227 0.00326365209184587 0.926528811454773 
v 0.004878872074186802 -0.0006162734935060143 0.945625901222229 
v 0.00010460799967404455 -0.0032777099404484034 0.9378134608268738 
v 0.17979054152965546 -0.0006162734935060143 0.9282649159431458 
v 0.18304572999477386 -0.0032777099404484034 0.9198014736175537 
v 0.17979054152965546 -0.0006162734935060143 0.9282649159431458 
v 0.18434779345989227 0.00326365209184587 0.926528811454773 
v 0.004878872074186802 -0.0006162734935060143 0.945625901222229 
v 0.00010460799967404455 0.00326365209184587 0.9447578191757202 
v 1.0313456058502197 -0.11913035809993744 -1.5521821975708008 
v 1.040243148803711 -0.12323474884033203 -1.5567394495010376 
v 0.5213674306869507 -0.0006162734935060143 -0.78895103931427 
v 0.5209333896636963 -0.0032777099404484034 -0.7798365354537964 
v 0.5213674306869507 -0.0006162734935060143 -0.78895103931427 
v 0.5248396396636963 0.00326365209184587 -0.7854788303375244 
v 1.0313456058502197 -0.11913035809993744 -1.5521821975708008 
v 1.036553978919983 -0.11624446511268616 -1.5513142347335815 
v 0.717546284198761 -0.11913035809993744 -1.7199325561523438 
v 0.7164612412452698 -0.12323474884033203 -1.7296980619430542 
v 1.0313456058502197 -0.11913035809993744 -1.5521821975708008 
v 1.040243148803711 -0.12323474884033203 -1.5567394495010376 
v 1.0313456058502197 -0.11913035809993744 -1.5521821975708008 
v 1.036553978919983 -0.11624446511268616 -1.5513142347335815 
v 0.717546284198761 -0.11913035809993744 -1.7199325561523438 
v 0.7138570547103882 -0.11624446511268616 -1.7236217260360718 
v 0.36620384454727173 -0.0006162734935060143 -0.8718495965003967 
v 0.3588254451751709 -0.0032777099404484034 -0.8664243221282959 
v 0.717546284198761 -0.11913035809993744 -1.7199325561523438 
v 0.7164612412452698 -0.12323474884033203 -1.7296980619430542 
v 0.717546284198761 -0.11913035809993744 -1.7199325561523438 
v 0.7138570547103882 -0.11624446511268616 -1.7236217260360718 
v 0.36620384454727173 -0.0006162734935060143 -0.8718495965003967 
v 0.3616465926170349 0.00326365209184587 -0.8729346394538879 
v 0.5213674306869507 -0.0006162734935060143 -0.78895103931427 
v 0.5209333896636963 -0.0032777099404484034 -0.7798365354537964 
v 0.36620384454727173 -0.0006162734935060143 -0.8718495965003967 
v 0.3588254451751709 -0.0032777099404484034 -0.8664243221282959 
v 0.36620384454727173 -0.0006162734935060143 -0.8718495965003967 
v 0.3616465926170349 0.00326365209184587 -0.8729346394538879 
v 0.5213674306869507 -0.0006162734935060143 -0.78895103931427 
v 0.5248396396636963 0.00326365209184587 -0.7854788303375244 
v -0.7175540924072266 -0.11913035809993744 -1.7199325561523438 
v -0.7164689898490906 -0.12323474884033203 -1.7296980619430542 
v -0.3662116527557373 -0.0006162734935060143 -0.8718495965003967 
v -0.3588332533836365 -0.0032777099404484034 -0.8664243221282959 
v -0.3662116527557373 -0.0006162734935060143 -0.8718495965003967 
v -0.3616544008255005 0.00326365209184587 -0.8729346394538879 
v -0.7175540924072266 -0.11913035809993744 -1.7199325561523438 
v -0.7138648629188538 -0.11624446511268616 -1.7236217260360718 
v -1.03135347366333 -0.11913035809993744 -1.5521821975708008 
v -1.0402508974075317 -0.12323474884033203 -1.5567394495010376 
v -0.7175540924072266 -0.11913035809993744 -1.7199325561523438 
v -0.7164689898490906 -0.12323474884033203 -1.7296980619430542 
v -0.7175540924072266 -0.11913035809993744 -1.7199325561523438 
v -0.7138648629188538 -0.11624446511268616 -1.7236217260360718 
v -1.03135347366333 -0.11913035809993744 -1.5521821975708008 
v -1.0365617275238037 -0.11624446511268616 -1.5513142347335815 
v -0.5213752388954163 -0.0006162734935060143 -0.78895103931427 
v -0.5209411978721619 -0.0032777099404484034 -0.7798365354537964 
v -1.03135347366333 -0.11913035809993744 -1.5521821975708008 
v -1.0402508974075317 -0.12323474884033203 -1.5567394495010376 
v -1.03135347366333 -0.11913035809993744 -1.5521821975708008 
v -1.0365617275238037 -0.11624446511268616 -1.5513142347335815 
v -0.5213752388954163 -0.0006162734935060143 -0.78895103931427 
v -0.5248474478721619 0.00326365209184587 -0.7854788303375244 
v -0.3662116527557373 -0.0006162734935060143 -0.8718495965003967 
v -0.3588332533836365 -0.0032777099404484034 -0.8664243221282959 
v -0.5213752388954163 -0.0006162734935060143 -0.78895103931427 
v -0.5209411978721619 -0.0032777099404484034 -0.7798365354537964 
v -0.5213752388954163 -0.0006162734935060143 -0.78895103931427 
v -0.5248474478721619 0.00326365209184587 -0.7854788303375244 
v -0.3662116527557373 -0.0006162734935060143 -0.8718495965003967 
v -0.3616544008255005 0.00326365209184587 -0.8729346394538879 
v -0.3588332533836365 -0.11913035809993744 1.8288646936416626 
v -0.3653436005115509 -0.12323474884033203 1.8362431526184082 
v -0.17979833483695984 -0.0006162734935060143 0.9282649159431458 
v -0.18305352330207825 -0.0032777099404484034 0.9198014736175537 
v -0.17979833483695984 -0.0006162734935060143 0.9282649159431458 
v -0.18435558676719666 0.00326365209184587 0.926528811454773 
v -0.3588332533836365 -0.11913035809993744 1.8288646936416626 
v -0.3640415370464325 -0.11624446511268616 1.8297327756881714 
v -0.004886668175458908 -0.11913035809993744 1.863586664199829 
v 0.00010460799967404455 -0.12323474884033203 1.8722671270370483 
v -0.3588332533836365 -0.11913035809993744 1.8288646936416626 
v -0.3653436005115509 -0.12323474884033203 1.8362431526184082 
v -0.3588332533836365 -0.11913035809993744 1.8288646936416626 
v -0.3640415370464325 -0.11624446511268616 1.8297327756881714 
v -0.004886668175458908 -0.11913035809993744 1.863586664199829 
v 0.00010460799967404455 -0.11624446511268616 1.865539789199829 
v -0.004886668175458908 -0.0006162734935060143 0.945625901222229 
v 0.00010460799967404455 -0.0032777099404484034 0.9378134608268738 
v -0.004886668175458908 -0.11913035809993744 1.863586664199829 
v 0.00010460799967404455 -0.12323474884033203 1.8722671270370483 
v -0.004886668175458908 -0.11913035809993744 1.863586664199829 
v 0.00010460799967404455 -0.11624446511268616 1.865539789199829 
v -0.004886668175458908 -0.0006162734935060143 0.945625901222229 
v 0.00010460799967404455 0.00326365209184587 0.9447578191757202 
v -0.17979833483695984 -0.0006162734935060143 0.9282649159431458 
v -0.18305352330207825 -0.0032777099404484034 0.9198014736175537 
v -0.004886668175458908 -0.0006162734935060143 0.945625901222229 
v 0.00010460799967404455 -0.0032777099404484034 0.9378134608268738 
v -0.004886668175458908 -0.0006162734935060143 0.945625901222229 
v 0.00010460799967404455 0.00326365209184587 0.9447578191757202 
v -0.17979833483695984 -0.0006162734935060143 0.9282649159431458 
v -0.18435558676719666 0.00326365209184587 0.926528811454773 
v 1.3143292665481567 -0.11913035809993744 -1.3212814331054688 
v 1.3238778114318848 -0.12323474884033203 -1.3238855600357056 
v 0.6652463674545288 -0.0006162734935060143 -0.6719815731048584 
v 0.6630762815475464 -0.0032777099404484034 -0.663084089756012 
v 0.6652463674545288 -0.0006162734935060143 -0.6719815731048584 
v 0.6680675148963928 0.00326365209184587 -0.6680753231048584 
v 1.3143292665481567 -0.11913035809993744 -1.3212814331054688 
v 1.3191035985946655 -0.11624446511268616 -1.3191113471984863 
v 1.0393750667572021 -0.11913035809993744 -1.5469739437103271 
v 1.040243148803711 -0.12323474884033203 -1.5567394495010376 
v 1.3143292665481567 -0.11913035809993744 -1.3212814331054688 
v 1.3238778114318848 -0.12323474884033203 -1.3238855600357056 
v 1.3143292665481567 -0.11913035809993744 -1.3212814331054688 
v 1.3191035985946655 -0.11624446511268616 -1.3191113471984863 
v 1.0393750667572021 -0.11913035809993744 -1.5469739437103271 
v 1.036553978919983 -0.11624446511268616 -1.5513142347335815 
v 0.5293968915939331 -0.0006162734935060143 -0.7835257053375244 
v 0.5209333896636963 -0.0032777099404484034 -0.7798365354537964 
v 1.0393750667572021 -0.11913035809993744 -1.5469739437103271 
v 1.040243148803711 -0.12323474884033203 -1.5567394495010376 
v 1.0393750667572021 -0.11913035809993744 -1.5469739437103271 
v 1.036553978919983 -0.11624446511268616 -1.5513142347335815 
v 0.5293968915939331 -0.0006162734935060143 -0.7835257053375244 
v 0.5248396396636963 0.00326365209184587 -0.7854788303375244 
v 0.6652463674545288 -0.0006162734935060143 -0.6719815731048584 
v 0.6630762815475464 -0.0032777099404484034 -0.663084089756012 
v 0.5293968915939331 -0.0006162734935060143 -0.7835257053375244 
v 0.5209333896636963 -0.0032777099404484034 -0.7798365354537964 
v 0.5293968915939331 -0.0006162734935060143 -0.7835257053375244 
v 0.5248396396636963 0.00326365209184587 -0.7854788303375244 
v 0.6652463674545288 -0.0006162734935060143 -0.6719815731048584 
v 0.6680675148963928 0.00326365209184587 -0.6680753231048584 
v -0.3683817684650421 -0.11913035809993744 -1.826919436454773 
v -0.3653436005115509 -0.12323474884033203 -1.836250901222229 
v -0.18912985920906067 -0.0006162734935060143 -0.9265366196632385 
v -0.18305352330207825 -0.0032777099404484034 -0.9198092818260193 
v -0.18912985920906067 -0.0006162734935060143 -0.9265366196632385 
v -0.18435558676719666 0.00326365209184587 -0.9265366196632385 
v -0.3683817684650421 -0.11913035809993744 -1.826919436454773 
v -0.3640415370464325 -0.11624446511268616 -1.8297405242919922 
v -0.7088735699653625 -0.11913035809993744 -1.7236217260360718 
v -0.7164689898490906 -0.12323474884033203 -1.7296980619430542 
v -0.3683817684650421 -0.11913035809993744 -1.826919436454773 
v -0.3653436005115509 -0.12323474884033203 -1.836250901222229 
v -0.3683817684650421 -0.11913035809993744 -1.826919436454773 
v -0.3640415370464325 -0.11624446511268616 -1.8297405242919922 
v -0.7088735699653625 -0.11913035809993744 -1.7236217260360718 
v -0.7138648629188538 -0.11624446511268616 -1.7236217260360718 
v -0.3575311601161957 -0.0006162734935060143 -0.8755388259887695 
v -0.3588332533836365 -0.0032777099404484034 -0.8664243221282959 
v -0.7088735699653625 -0.11913035809993744 -1.7236217260360718 
v -0.7164689898490906 -0.12323474884033203 -1.7296980619430542 
v -0.7088735699653625 -0.11913035809993744 -1.7236217260360718 
v -0.7138648629188538 -0.11624446511268616 -1.7236217260360718 
v -0.3575311601161957 -0.0006162734935060143 -0.8755388259887695 
v -0.3616544008255005 0.00326365209184587 -0.8729346394538879 
v -0.18912985920906067 -0.0006162734935060143 -0.9265366196632385 
v -0.18305352330207825 -0.0032777099404484034 -0.9198092818260193 
v -0.3575311601161957 -0.0006162734935060143 -0.8755388259887695 
v -0.3588332533836365 -0.0032777099404484034 -0.8664243221282959 
v -0.3575311601161957 -0.0006162734935060143 -0.8755388259887695 
v -0.3616544008255005 0.00326365209184587 -0.8729346394538879 
v -0.18912985920906067 -0.0006162734935060143 -0.9265366196632385 
v -0.18435558676719666 0.00326365209184587 -0.9265366196632385 
v 1.9684034585952759 -0.37767449021339417 2.9545059204101562 
v 1.975347876548767 -0.37286466360092163 2.956242084503174 
v 1.3629399538040161 -0.37767449021339417 3.2780709266662598 
v 1.3605527877807617 -0.37286466360092163 3.2847981452941895 
v 1.3629399538040161 -0.37767449021339417 3.2780709266662598 
v 1.3568636178970337 -0.37286466360092163 3.2759008407592773 
v 1.9684034585952759 -0.37767449021339417 2.9545059204101562 
v 1.9699225425720215 -0.37286466360092163 2.9482126235961914 
v 1.9684034585952759 -0.9982701539993286 2.9545059204101562 
v 1.975347876548767 -1.0030800104141235 2.956242084503174 
v 1.9684034585952759 -0.37767449021339417 2.9545059204101562 
v 1.975347876548767 -0.37286466360092163 2.956242084503174 
v 1.9684034585952759 -0.37767449021339417 2.9545059204101562 
v 1.9699225425720215 -0.37286466360092163 2.9482126235961914 
v 1.9684034585952759 -0.9982701539993286 2.9545059204101562 
v 1.9699225425720215 -1.0030800104141235 2.9482126235961914 
v 1.3629399538040161 -0.9982701539993286 3.2780709266662598 
v 1.3605527877807617 -1.0030800104141235 3.2847981452941895 
v 1.9684034585952759 -0.9982701539993286 2.9545059204101562 
v 1.975347876548767 -1.0030800104141235 2.956242084503174 
v 1.9684034585952759 -0.9982701539993286 2.9545059204101562 
v 1.9699225425720215 -1.0030800104141235 2.9482126235961914 
v 1.3629399538040161 -0.9982701539993286 3.2780709266662598 
v 1.3568636178970337 -1.0030800104141235 3.2759008407592773 
v 1.3629399538040161 -0.37767449021339417 3.2780709266662598 
v 1.3605527877807617 -0.37286466360092163 3.2847981452941895 
v 1.3629399538040161 -0.9982701539993286 3.2780709266662598 
v 1.3605527877807617 -1.0030800104141235 3.2847981452941895 
v 1.3629399538040161 -0.9982701539993286 3.2780709266662598 
v 1.3568636178970337 -1.0030800104141235 3.2759008407592773 
v 1.3629399538040161 -0.37767449021339417 3.2780709266662598 
v 1.3568636178970337 -0.37286466360092163 3.2759008407592773 
v -3.278078556060791 -0.37767449021339417 -1.3629478216171265 
v -3.2848060131073 -0.37286466360092163 -1.360560655593872 
v -2.9545137882232666 -0.37767449021339417 -1.9684112071990967 
v -2.956249952316284 -0.37286466360092163 -1.975355625152588 
v -2.9545137882232666 -0.37767449021339417 -1.9684112071990967 
v -2.9482204914093018 -0.37286466360092163 -1.9699302911758423 
v -3.278078556060791 -0.37767449021339417 -1.3629478216171265 
v -3.2759084701538086 -0.37286466360092163 -1.356871485710144 
v -3.278078556060791 -0.9982701539993286 -1.3629478216171265 
v -3.2848060131073 -1.0030800104141235 -1.360560655593872 
v -3.278078556060791 -0.37767449021339417 -1.3629478216171265 
v -3.2848060131073 -0.37286466360092163 -1.360560655593872 
v -3.278078556060791 -0.37767449021339417 -1.3629478216171265 
v -3.2759084701538086 -0.37286466360092163 -1.356871485710144 
v -3.278078556060791 -0.9982701539993286 -1.3629478216171265 
v -3.2759084701538086 -1.0030800104141235 -1.356871485710144 
v -2.9545137882232666 -0.9982701539993286 -1.9684112071990967 
v -2.956249952316284 -1.0030800104141235 -1.975355625152588 
v -3.278078556060791 -0.9982701539993286 -1.3629478216171265 
v -3.2848060131073 -1.0030800104141235 -1.360560655593872 
v -3.278078556060791 -0.9982701539993286 -1.3629478216171265 
v -3.2759084701538086 -1.0030800104141235 -1.356871485710144 
v -2.9545137882232666 -0.9982701539993286 -1.9684112071990967 
v -2.9482204914093018 -1.0030800104141235 -1.9699302911758423 
v -2.9545137882232666 -0.37767449021339417 -1.9684112071990967 
v -2.956249952316284 -0.37286466360092163 -1.975355625152588 
v -2.9545137882232666 -0.9982701539993286 -1.9684112071990967 
v -2.956249952316284 -1.0030800104141235 -1.975355625152588 
v -2.9545137882232666 -0.9982701539993286 -1.9684112071990967 
v -2.9482204914093018 -1.0030800104141235 -1.9699302911758423 
v -2.9545137882232666 -0.37767449021339417 -1.9684112071990967 
v -2.9482204914093018 -0.37286466360092163 -1.9699302911758423 
v 2.5070271492004395 -0.37767449021339417 2.5137546062469482 
v 2.5139715671539307 -0.37286466360092163 2.5139715671539307 
v 1.9764329195022583 -0.37767449021339417 2.9490807056427 
v 1.975347876548767 -0.37286466360092163 2.956242084503174 
v 1.9764329195022583 -0.37767449021339417 2.9490807056427 
v 1.9699225425720215 -0.37286466360092163 2.9482126235961914 
v 2.5070271492004395 -0.37767449021339417 2.5137546062469482 
v 2.507244348526001 -0.37286466360092163 2.507244348526001 
v 2.5070271492004395 -0.9982701539993286 2.5137546062469482 
v 2.5139715671539307 -1.0030800104141235 2.5139715671539307 
v 2.5070271492004395 -0.37767449021339417 2.5137546062469482 
v 2.5139715671539307 -0.37286466360092163 2.5139715671539307 
v 2.5070271492004395 -0.37767449021339417 2.5137546062469482 
v 2.507244348526001 -0.37286466360092163 2.507244348526001 
v 2.5070271492004395 -0.9982701539993286 2.5137546062469482 
v 2.507244348526001 -1.0030800104141235 2.507244348526001 
v 1.9764329195022583 -0.9982701539993286 2.9490807056427 
v 1.975347876548767 -1.0030800104141235 2.956242084503174 
v 2.5070271492004395 -0.9982701539993286 2.5137546062469482 
v 2.5139715671539307 -1.0030800104141235 2.5139715671539307 
v 2.5070271492004395 -0.9982701539993286 2.5137546062469482 
v 2.507244348526001 -1.0030800104141235 2.507244348526001 
v 1.9764329195022583 -0.9982701539993286 2.9490807056427 
v 1.9699225425720215 -1.0030800104141235 2.9482126235961914 
v 1.9764329195022583 -0.37767449021339417 2.9490807056427 
v 1.975347876548767 -0.37286466360092163 2.956242084503174 
v 1.9764329195022583 -0.9982701539993286 2.9490807056427 
v 1.975347876548767 -1.0030800104141235 2.956242084503174 
v 1.9764329195022583 -0.9982701539993286 2.9490807056427 
v 1.9699225425720215 -1.0030800104141235 2.9482126235961914 
v 1.9764329195022583 -0.37767449021339417 2.9490807056427 
v 1.9699225425720215 -0.37286466360092163 2.9482126235961914 
v -3.480984926223755 -0.37767449021339417 -0.6973719596862793 
v -3.4870612621307373 -0.37286466360092163 -0.6936827301979065 
v -3.2817678451538086 -0.37767449021339417 -1.3542672395706177 
v -3.2848060131073 -0.37286466360092163 -1.360560655593872 
v -3.2817678451538086 -0.37767449021339417 -1.3542672395706177 
v -3.2759084701538086 -0.37286466360092163 -1.356871485710144 
v -3.480984926223755 -0.37767449021339417 -0.6973719596862793 
v -3.4777297973632812 -0.37286466360092163 -0.6917296648025513 
v -3.480984926223755 -0.9982701539993286 -0.6973719596862793 
v -3.4870612621307373 -1.0030800104141235 -0.6936827301979065 
v -3.480984926223755 -0.37767449021339417 -0.6973719596862793 
v -3.4870612621307373 -0.37286466360092163 -0.6936827301979065 
v -3.480984926223755 -0.37767449021339417 -0.6973719596862793 
v -3.4777297973632812 -0.37286466360092163 -0.6917296648025513 
v -3.480984926223755 -0.9982701539993286 -0.6973719596862793 
v -3.4777297973632812 -1.0030800104141235 -0.6917296648025513 
v -3.2817678451538086 -0.9982701539993286 -1.3542672395706177 
v -3.2848060131073 -1.0030800104141235 -1.360560655593872 
v -3.480984926223755 -0.9982701539993286 -0.6973719596862793 
v -3.4870612621307373 -1.0030800104141235 -0.6936827301979065 
v -3.480984926223755 -0.9982701539993286 -0.6973719596862793 
v -3.4777297973632812 -1.0030800104141235 -0.6917296648025513 
v -3.2817678451538086 -0.9982701539993286 -1.3542672395706177 
v -3.2759084701538086 -1.0030800104141235 -1.356871485710144 
v -3.2817678451538086 -0.37767449021339417 -1.3542672395706177 
v -3.2848060131073 -0.37286466360092163 -1.360560655593872 
v -3.2817678451538086 -0.9982701539993286 -1.3542672395706177 
v -3.2848060131073 -1.0030800104141235 -1.360560655593872 
v -3.2817678451538086 -0.9982701539993286 -1.3542672395706177 
v -3.2759084701538086 -1.0030800104141235 -1.356871485710144 
v -3.2817678451538086 -0.37767449021339417 -1.3542672395706177 
v -3.2759084701538086 -0.37286466360092163 -1.356871485710144 
v 2.9490807056427 -0.37767449021339417 1.9762158393859863 
v 2.956242084503174 -0.37286466360092163 1.975347876548767 
v 2.5137546062469482 -0.37767449021339417 2.5070271492004395 
v 2.5139715671539307 -0.37286466360092163 2.5139715671539307 
v 2.5137546062469482 -0.37767449021339417 2.5070271492004395 
v 2.507244348526001 -0.37286466360092163 2.507244348526001 
v 2.9490807056427 -0.37767449021339417 1.9762158393859863 
v 2.9482126235961914 -0.37286466360092163 1.9699225425720215 
v 2.9490807056427 -0.9982701539993286 1.9762158393859863 
v 2.956242084503174 -1.0030800104141235 1.975347876548767 
v 2.9490807056427 -0.37767449021339417 1.9762158393859863 
v 2.956242084503174 -0.37286466360092163 1.975347876548767 
v 2.9490807056427 -0.37767449021339417 1.9762158393859863 
v 2.9482126235961914 -0.37286466360092163 1.9699225425720215 
v 2.9490807056427 -0.9982701539993286 1.9762158393859863 
v 2.9482126235961914 -1.0030800104141235 1.9699225425720215 
v 2.5137546062469482 -0.9982701539993286 2.5070271492004395 
v 2.5139715671539307 -1.0030800104141235 2.5139715671539307 
v 2.9490807056427 -0.9982701539993286 1.9762158393859863 
v 2.956242084503174 -1.0030800104141235 1.975347876548767 
v 2.9490807056427 -0.9982701539993286 1.9762158393859863 
v 2.9482126235961914 -1.0030800104141235 1.9699225425720215 
v 2.5137546062469482 -0.9982701539993286 2.5070271492004395 
v 2.507244348526001 -1.0030800104141235 2.507244348526001 
v 2.5137546062469482 -0.37767449021339417 2.5070271492004395 
v 2.5139715671539307 -0.37286466360092163 2.5139715671539307 
v 2.5137546062469482 -0.9982701539993286 2.5070271492004395 
v 2.5139715671539307 -1.0030800104141235 2.5139715671539307 
v 2.5137546062469482 -0.9982701539993286 2.5070271492004395 
v 2.507244348526001 -1.0030800104141235 2.507244348526001 
v 2.5137546062469482 -0.37767449021339417 2.5070271492004395 
v 2.507244348526001 -0.37286466360092163 2.507244348526001 
v -3.5502116680145264 -0.37767449021339417 -0.004886668175458908 
v -3.555419921875 -0.37286466360092163 0.00010460799967404455 
v -3.482938051223755 -0.37767449021339417 -0.6878234148025513 
v -3.4870612621307373 -0.37286466360092163 -0.6936827301979065 
v -3.482938051223755 -0.37767449021339417 -0.6878234148025513 
v -3.4777297973632812 -0.37286466360092163 -0.6917296648025513 
v -3.5502116680145264 -0.37767449021339417 -0.004886668175458908 
v -3.5458714962005615 -0.37286466360092163 0.00010460799967404455 
v -3.5502116680145264 -0.9982701539993286 -0.004886668175458908 
v -3.555419921875 -1.0030800104141235 0.00010460799967404455 
v -3.5502116680145264 -0.37767449021339417 -0.004886668175458908 
v -3.555419921875 -0.37286466360092163 0.00010460799967404455 
v -3.5502116680145264 -0.37767449021339417 -0.004886668175458908 
v -3.5458714962005615 -0.37286466360092163 0.00010460799967404455 
v -3.5502116680145264 -0.9982701539993286 -0.004886668175458908 
v -3.5458714962005615 -1.0030800104141235 0.00010460799967404455 
v -3.482938051223755 -0.9982701539993286 -0.6878234148025513 
v -3.4870612621307373 -1.0030800104141235 -0.6936827301979065 
v -3.5502116680145264 -0.9982701539993286 -0.004886668175458908 
v -3.555419921875 -1.0030800104141235 0.00010460799967404455 
v -3.5502116680145264 -0.9982701539993286 -0.004886668175458908 
v -3.5458714962005615 -1.0030800104141235 0.00010460799967404455 
v -3.482938051223755 -0.9982701539993286 -0.6878234148025513 
v -3.4777297973632812 -1.0030800104141235 -0.6917296648025513 
v -3.482938051223755 -0.37767449021339417 -0.6878234148025513 
v -3.4870612621307373 -0.37286466360092163 -0.6936827301979065 
v -3.482938051223755 -0.9982701539993286 -0.6878234148025513 
v -3.4870612621307373 -1.0030800104141235 -0.6936827301979065 
v -3.482938051223755 -0.9982701539993286 -0.6878234148025513 
v -3.4777297973632812 -1.0030800104141235 -0.6917296648025513 
v -3.482938051223755 -0.37767449021339417 -0.6878234148025513 
v -3.4777297973632812 -0.37286466360092163 -0.6917296648025513 
v 3.2780709266662598 -0.37767449021339417 1.3629399538040161 
v 3.2847981452941895 -0.37286466360092163 1.3605527877807617 
v 2.9545059204101562 -0.37767449021339417 1.9684034585952759 
v 2.956242084503174 -0.37286466360092163 1.975347876548767 
v 2.9545059204101562 -0.37767449021339417 1.9684034585952759 
v 2.9482126235961914 -0.37286466360092163 1.9699225425720215 
v 3.2780709266662598 -0.37767449021339417 1.3629399538040161 
v 3.2759008407592773 -0.37286466360092163 1.3568636178970337 
v 3.2780709266662598 -0.9982701539993286 1.3629399538040161 
v 3.2847981452941895 -1.0030800104141235 1.3605527877807617 
v 3.2780709266662598 -0.37767449021339417 1.3629399538040161 
v 3.2847981452941895 -0.37286466360092163 1.3605527877807617 
v 3.2780709266662598 -0.37767449021339417 1.3629399538040161 
v 3.2759008407592773 -0.37286466360092163 1.3568636178970337 
v 3.2780709266662598 -0.9982701539993286 1.3629399538040161 
v 3.2759008407592773 -1.0030800104141235 1.3568636178970337 
v 2.9545059204101562 -0.9982701539993286 1.9684034585952759 
v 2.956242084503174 -1.0030800104141235 1.975347876548767 
v 3.2780709266662598 -0.9982701539993286 1.3629399538040161 
v 3.2847981452941895 -1.0030800104141235 1.3605527877807617 
v 3.2780709266662598 -0.9982701539993286 1.3629399538040161 
v 3.2759008407592773 -1.0030800104141235 1.3568636178970337 
v 2.9545059204101562 -0.9982701539993286 1.9684034585952759 
v 2.9482126235961914 -1.0030800104141235 1.9699225425720215 
v 2.9545059204101562 -0.37767449021339417 1.9684034585952759 
v 2.956242084503174 -0.37286466360092163 1.975347876548767 
v 2.9545059204101562 -0.9982701539993286 1.9684034585952759 
v 2.956242084503174 -1.0030800104141235 1.975347876548767 
v 2.9545059204101562 -0.9982701539993286 1.9684034585952759 
v 2.9482126235961914 -1.0030800104141235 1.9699225425720215 
v 2.9545059204101562 -0.37767449021339417 1.9684034585952759 
v 2.9482126235961914 -0.37286466360092163 1.9699225425720215 
v -3.482938051223755 -0.37767449021339417 0.6878156065940857 
v -3.4870612621307373 -0.37286466360092163 0.6936749815940857 
v -3.5502116680145264 -0.37767449021339417 0.004878872074186802 
v -3.555419921875 -0.37286466360092163 0.00010460799967404455 
v -3.5502116680145264 -0.37767449021339417 0.004878872074186802 
v -3.5458714962005615 -0.37286466360092163 0.00010460799967404455 
v -3.482938051223755 -0.37767449021339417 0.6878156065940857 
v -3.4777297973632812 -0.37286466360092163 0.6917218565940857 
v -3.482938051223755 -0.9982701539993286 0.6878156065940857 
v -3.4870612621307373 -1.0030800104141235 0.6936749815940857 
v -3.482938051223755 -0.37767449021339417 0.6878156065940857 
v -3.4870612621307373 -0.37286466360092163 0.6936749815940857 
v -3.482938051223755 -0.37767449021339417 0.6878156065940857 
v -3.4777297973632812 -0.37286466360092163 0.6917218565940857 
v -3.482938051223755 -0.9982701539993286 0.6878156065940857 
v -3.4777297973632812 -1.0030800104141235 0.6917218565940857 
v -3.5502116680145264 -0.9982701539993286 0.004878872074186802 
v -3.555419921875 -1.0030800104141235 0.00010460799967404455 
v -3.482938051223755 -0.9982701539993286 0.6878156065940857 
v -3.4870612621307373 -1.0030800104141235 0.6936749815940857 
v -3.482938051223755 -0.9982701539993286 0.6878156065940857 
v -3.4777297973632812 -1.0030800104141235 0.6917218565940857 
v -3.5502116680145264 -0.9982701539993286 0.004878872074186802 
v -3.5458714962005615 -1.0030800104141235 0.00010460799967404455 
v -3.5502116680145264 -0.37767449021339417 0.004878872074186802 
v -3.555419921875 -0.37286466360092163 0.00010460799967404455 
v -3.5502116680145264 -0.9982701539993286 0.004878872074186802 
v -3.555419921875 -1.0030800104141235 0.00010460799967404455 
v -3.5502116680145264 -0.9982701539993286 0.004878872074186802 
v -3.5458714962005615 -1.0030800104141235 0.00010460799967404455 
v -3.5502116680145264 -0.37767449021339417 0.004878872074186802 
v -3.5458714962005615 -0.37286466360092163 0.00010460799967404455 
v 3.4809770584106445 -0.37767449021339417 0.6973641514778137 
v 3.487053394317627 -0.37286466360092163 0.6936749815940857 
v 3.2817599773406982 -0.37767449021339417 1.3542594909667969 
v 3.2847981452941895 -0.37286466360092163 1.3605527877807617 
v 3.2817599773406982 -0.37767449021339417 1.3542594909667969 
v 3.2759008407592773 -0.37286466360092163 1.3568636178970337 
v 3.4809770584106445 -0.37767449021339417 0.6973641514778137 
v 3.477721929550171 -0.37286466360092163 0.6917218565940857 
v 3.4809770584106445 -0.9982701539993286 0.6973641514778137 
v 3.487053394317627 -1.0030800104141235 0.6936749815940857 
v 3.4809770584106445 -0.37767449021339417 0.6973641514778137 
v 3.487053394317627 -0.37286466360092163 0.6936749815940857 
v 3.4809770584106445 -0.37767449021339417 0.6973641514778137 
v 3.477721929550171 -0.37286466360092163 0.6917218565940857 
v 3.4809770584106445 -0.9982701539993286 0.6973641514778137 
v 3.477721929550171 -1.0030800104141235 0.6917218565940857 
v 3.2817599773406982 -0.9982701539993286 1.3542594909667969 
v 3.2847981452941895 -1.0030800104141235 1.3605527877807617 
v 3.4809770584106445 -0.9982701539993286 0.6973641514778137 
v 3.487053394317627 -1.0030800104141235 0.6936749815940857 
v 3.4809770584106445 -0.9982701539993286 0.6973641514778137 
v 3.477721929550171 -1.0030800104141235 0.6917218565940857 
v 3.2817599773406982 -0.9982701539993286 1.3542594909667969 
v 3.2759008407592773 -1.0030800104141235 1.3568636178970337 
v 3.2817599773406982 -0.37767449021339417 1.3542594909667969 
v 3.2847981452941895 -0.37286466360092163 1.3605527877807617 
v 3.2817599773406982 -0.9982701539993286 1.3542594909667969 
v 3.2847981452941895 -1.0030800104141235 1.3605527877807617 
v 3.2817599773406982 -0.9982701539993286 1.3542594909667969 
v 3.2759008407592773 -1.0030800104141235 1.3568636178970337 
v 3.2817599773406982 -0.37767449021339417 1.3542594909667969 
v 3.2759008407592773 -0.37286466360092163 1.3568636178970337 
v -3.2817678451538086 -0.37767449021339417 1.3542594909667969 
v -3.2848060131073 -0.37286466360092163 1.3605527877807617 
v -3.480984926223755 -0.37767449021339417 0.6973641514778137 
v -3.4870612621307373 -0.37286466360092163 0.6936749815940857 
v -3.480984926223755 -0.37767449021339417 0.6973641514778137 
v -3.4777297973632812 -0.37286466360092163 0.6917218565940857 
v -3.2817678451538086 -0.37767449021339417 1.3542594909667969 
v -3.2759084701538086 -0.37286466360092163 1.3568636178970337 
v -3.2817678451538086 -0.9982701539993286 1.3542594909667969 
v -3.2848060131073 -1.0030800104141235 1.3605527877807617 
v -3.2817678451538086 -0.37767449021339417 1.3542594909667969 
v -3.2848060131073 -0.37286466360092163 1.3605527877807617 
v -3.2817678451538086 -0.37767449021339417 1.3542594909667969 
v -3.2759084701538086 -0.37286466360092163 1.3568636178970337 
v -3.2817678451538086 -0.9982701539993286 1.3542594909667969 
v -3.2759084701538086 -1.0030800104141235 1.3568636178970337 
v -3.480984926223755 -0.9982701539993286 0.6973641514778137 
v -3.4870612621307373 -1.0030800104141235 0.6936749815940857 
v -3.2817678451538086 -0.9982701539993286 1.3542594909667969 
v -3.2848060131073 -1.0030800104141235 1.3605527877807617 
v -3.2817678451538086 -0.9982701539993286 1.3542594909667969 
v -3.2759084701538086 -1.0030800104141235 1.3568636178970337 
v -3.480984926223755 -0.9982701539993286 0.6973641514778137 
v -3.4777297973632812 -1.0030800104141235 0.6917218565940857 
v -3.480984926223755 -0.37767449021339417 0.6973641514778137 
v -3.4870612621307373 -0.37286466360092163 0.6936749815940857 
v -3.480984926223755 -0.9982701539993286 0.6973641514778137 
v -3.4870612621307373 -1.0030800104141235 0.6936749815940857 
v -3.480984926223755 -0.9982701539993286 0.6973641514778137 
v -3.4777297973632812 -1.0030800104141235 0.6917218565940857 
v -3.480984926223755 -0.37767449021339417 0.6973641514778137 
v -3.4777297973632812 -0.37286466360092163 0.6917218565940857 
v 3.550203800201416 -0.37767449021339417 0.004661859944462776 
v 3.5554122924804688 -0.37286466360092163 -0.00011240399908274412 
v 3.4829301834106445 -0.37767449021339417 0.6878156065940857 
v 3.487053394317627 -0.37286466360092163 0.6936749815940857 
v 3.4829301834106445 -0.37767449021339417 0.6878156065940857 
v 3.477721929550171 -0.37286466360092163 0.6917218565940857 
v 3.550203800201416 -0.37767449021339417 0.004661859944462776 
v 3.545863628387451 -0.37286466360092163 -0.00011240399908274412 
v 3.550203800201416 -0.9982701539993286 0.004661859944462776 
v 3.5554122924804688 -1.0030800104141235 -0.00011240399908274412 
v 3.550203800201416 -0.37767449021339417 0.004661859944462776 
v 3.5554122924804688 -0.37286466360092163 -0.00011240399908274412 
v 3.550203800201416 -0.37767449021339417 0.004661859944462776 
v 3.545863628387451 -0.37286466360092163 -0.00011240399908274412 
v 3.550203800201416 -0.9982701539993286 0.004661859944462776 
v 3.545863628387451 -1.0030800104141235 -0.00011240399908274412 
v 3.4829301834106445 -0.9982701539993286 0.6878156065940857 
v 3.487053394317627 -1.0030800104141235 0.6936749815940857 
v 3.550203800201416 -0.9982701539993286 0.004661859944462776 
v 3.5554122924804688 -1.0030800104141235 -0.00011240399908274412 
v 3.550203800201416 -0.9982701539993286 0.004661859944462776 
v 3.545863628387451 -1.0030800104141235 -0.00011240399908274412 
v 3.4829301834106445 -0.9982701539993286 0.6878156065940857 
v 3.477721929550171 -1.0030800104141235 0.6917218565940857 
v 3.4829301834106445 -0.37767449021339417 0.6878156065940857 
v 3.487053394317627 -0.37286466360092163 0.6936749815940857 
v 3.4829301834106445 -0.9982701539993286 0.6878156065940857 
v 3.487053394317627 -1.0030800104141235 0.6936749815940857 
v 3.4829301834106445 -0.9982701539993286 0.6878156065940857 
v 3.477721929550171 -1.0030800104141235 0.6917218565940857 
v 3.4829301834106445 -0.37767449021339417 0.6878156065940857 
v 3.477721929550171 -0.37286466360092163 0.6917218565940857 
v -2.9545137882232666 -0.37767449021339417 1.9684034585952759 
v -2.956249952316284 -0.37286466360092163 1.975347876548767 
v -3.278078556060791 -0.37767449021339417 1.3629399538040161 
v -3.2848060131073 -0.37286466360092163 1.3605527877807617 
v -3.278078556060791 -0.37767449021339417 1.3629399538040161 
v -3.2759084701538086 -0.37286466360092163 1.3568636178970337 
v -2.9545137882232666 -0.37767449021339417 1.9684034585952759 
v -2.9482204914093018 -0.37286466360092163 1.9699225425720215 
v -2.9545137882232666 -0.9982701539993286 1.9684034585952759 
v -2.956249952316284 -1.0030800104141235 1.975347876548767 
v -2.9545137882232666 -0.37767449021339417 1.9684034585952759 
v -2.956249952316284 -0.37286466360092163 1.975347876548767 
v -2.9545137882232666 -0.37767449021339417 1.9684034585952759 
v -2.9482204914093018 -0.37286466360092163 1.9699225425720215 
v -2.9545137882232666 -0.9982701539993286 1.9684034585952759 
v -2.9482204914093018 -1.0030800104141235 1.9699225425720215 
v -3.278078556060791 -0.9982701539993286 1.3629399538040161 
v -3.2848060131073 -1.0030800104141235 1.3605527877807617 
v -2.9545137882232666 -0.9982701539993286 1.9684034585952759 
v -2.956249952316284 -1.0030800104141235 1.975347876548767 
v -2.9545137882232666 -0.9982701539993286 1.9684034585952759 
v -2.9482204914093018 -1.0030800104141235 1.9699225425720215 
v -3.278078556060791 -0.9982701539993286 1.3629399538040161 
v -3.2759084701538086 -1.0030800104141235 1.3568636178970337 
v -3.278078556060791 -0.37767449021339417 1.3629399538040161 
v -3.2848060131073 -0.37286466360092163 1.3605527877807617 
v -3.278078556060791 -0.9982701539993286 1.3629399538040161 
v -3.2848060131073 -1.0030800104141235 1.3605527877807617 
v -3.278078556060791 -0.9982701539993286 1.3629399538040161 
v -3.2759084701538086 -1.0030800104141235 1.3568636178970337 
v -3.278078556060791 -0.37767449021339417 1.3629399538040161 
v -3.2759084701538086 -0.37286466360092163 1.3568636178970337 
v 3.4829301834106445 -0.37767449021339417 -0.6878234148025513 
v 3.487053394317627 -0.37286466360092163 -0.6936827301979065 
v 3.550203800201416 -0.37767449021339417 -0.004886668175458908 
v 3.5554122924804688 -0.37286466360092163 -0.00011240399908274412 
v 3.550203800201416 -0.37767449021339417 -0.004886668175458908 
v 3.545863628387451 -0.37286466360092163 -0.00011240399908274412 
v 3.4829301834106445 -0.37767449021339417 -0.6878234148025513 
v 3.477721929550171 -0.37286466360092163 -0.6917296648025513 
v 3.4829301834106445 -0.9982701539993286 -0.6878234148025513 
v 3.487053394317627 -1.0030800104141235 -0.6936827301979065 
v 3.4829301834106445 -0.37767449021339417 -0.6878234148025513 
v 3.487053394317627 -0.37286466360092163 -0.6936827301979065 
v 3.4829301834106445 -0.37767449021339417 -0.6878234148025513 
v 3.477721929550171 -0.37286466360092163 -0.6917296648025513 
v 3.4829301834106445 -0.9982701539993286 -0.6878234148025513 
v 3.477721929550171 -1.0030800104141235 -0.6917296648025513 
v 3.550203800201416 -0.9982701539993286 -0.004886668175458908 
v 3.5554122924804688 -1.0030800104141235 -0.00011240399908274412 
v 3.4829301834106445 -0.9982701539993286 -0.6878234148025513 
v 3.487053394317627 -1.0030800104141235 -0.6936827301979065 
v 3.4829301834106445 -0.9982701539993286 -0.6878234148025513 
v 3.477721929550171 -1.0030800104141235 -0.6917296648025513 
v 3.550203800201416 -0.9982701539993286 -0.004886668175458908 
v 3.545863628387451 -1.0030800104141235 -0.00011240399908274412 
v 3.550203800201416 -0.37767449021339417 -0.004886668175458908 
v 3.5554122924804688 -0.37286466360092163 -0.00011240399908274412 
v 3.550203800201416 -0.9982701539993286 -0.004886668175458908 
v 3.5554122924804688 -1.0030800104141235 -0.00011240399908274412 
v 3.550203800201416 -0.9982701539993286 -0.004886668175458908 
v 3.545863628387451 -1.0030800104141235 -0.00011240399908274412 
v 3.550203800201416 -0.37767449021339417 -0.004886668175458908 
v 3.545863628387451 -0.37286466360092163 -0.00011240399908274412 
v -2.5137624740600586 -0.37767449021339417 2.5070271492004395 
v -2.513979434967041 -0.37286466360092163 2.5139715671539307 
v -2.9490885734558105 -0.37767449021339417 1.9762158393859863 
v -2.956249952316284 -0.37286466360092163 1.975347876548767 
v -2.9490885734558105 -0.37767449021339417 1.9762158393859863 
v -2.9482204914093018 -0.37286466360092163 1.9699225425720215 
v -2.5137624740600586 -0.37767449021339417 2.5070271492004395 
v -2.5072519779205322 -0.37286466360092163 2.507244348526001 
v -2.5137624740600586 -0.9982701539993286 2.5070271492004395 
v -2.513979434967041 -1.0030800104141235 2.5139715671539307 
v -2.5137624740600586 -0.37767449021339417 2.5070271492004395 
v -2.513979434967041 -0.37286466360092163 2.5139715671539307 
v -2.5137624740600586 -0.37767449021339417 2.5070271492004395 
v -2.5072519779205322 -0.37286466360092163 2.507244348526001 
v -2.5137624740600586 -0.9982701539993286 2.5070271492004395 
v -2.5072519779205322 -1.0030800104141235 2.507244348526001 
v -2.9490885734558105 -0.9982701539993286 1.9762158393859863 
v -2.956249952316284 -1.0030800104141235 1.975347876548767 
v -2.5137624740600586 -0.9982701539993286 2.5070271492004395 
v -2.513979434967041 -1.0030800104141235 2.5139715671539307 
v -2.5137624740600586 -0.9982701539993286 2.5070271492004395 
v -2.5072519779205322 -1.0030800104141235 2.507244348526001 
v -2.9490885734558105 -0.9982701539993286 1.9762158393859863 
v -2.9482204914093018 -1.0030800104141235 1.9699225425720215 
v -2.9490885734558105 -0.37767449021339417 1.9762158393859863 
v -2.956249952316284 -0.37286466360092163 1.975347876548767 
v -2.9490885734558105 -0.9982701539993286 1.9762158393859863 
v -2.956249952316284 -1.0030800104141235 1.975347876548767 
v -2.9490885734558105 -0.9982701539993286 1.9762158393859863 
v -2.9482204914093018 -1.0030800104141235 1.9699225425720215 
v -2.9490885734558105 -0.37767449021339417 1.9762158393859863 
v -2.9482204914093018 -0.37286466360092163 1.9699225425720215 
v 3.2817599773406982 -0.37767449021339417 -1.3542672395706177 
v 3.2847981452941895 -0.37286466360092163 -1.360560655593872 
v 3.4809770584106445 -0.37767449021339417 -0.6973719596862793 
v 3.487053394317627 -0.37286466360092163 -0.6936827301979065 
v 3.4809770584106445 -0.37767449021339417 -0.6973719596862793 
v 3.477721929550171 -0.37286466360092163 -0.6917296648025513 
v 3.2817599773406982 -0.37767449021339417 -1.3542672395706177 
v 3.2759008407592773 -0.37286466360092163 -1.356871485710144 
v 3.2817599773406982 -0.9982701539993286 -1.3542672395706177 
v 3.2847981452941895 -1.0030800104141235 -1.360560655593872 
v 3.2817599773406982 -0.37767449021339417 -1.3542672395706177 
v 3.2847981452941895 -0.37286466360092163 -1.360560655593872 
v 3.2817599773406982 -0.37767449021339417 -1.3542672395706177 
v 3.2759008407592773 -0.37286466360092163 -1.356871485710144 
v 3.2817599773406982 -0.9982701539993286 -1.3542672395706177 
v 3.2759008407592773 -1.0030800104141235 -1.356871485710144 
v 3.4809770584106445 -0.9982701539993286 -0.6973719596862793 
v 3.487053394317627 -1.0030800104141235 -0.6936827301979065 
v 3.2817599773406982 -0.9982701539993286 -1.3542672395706177 
v 3.2847981452941895 -1.0030800104141235 -1.360560655593872 
v 3.2817599773406982 -0.9982701539993286 -1.3542672395706177 
v 3.2759008407592773 -1.0030800104141235 -1.356871485710144 
v 3.4809770584106445 -0.9982701539993286 -0.6973719596862793 
v 3.477721929550171 -1.0030800104141235 -0.6917296648025513 
v 3.4809770584106445 -0.37767449021339417 -0.6973719596862793 
v 3.487053394317627 -0.37286466360092163 -0.6936827301979065 
v 3.4809770584106445 -0.9982701539993286 -0.6973719596862793 
v 3.487053394317627 -1.0030800104141235 -0.6936827301979065 
v 3.4809770584106445 -0.9982701539993286 -0.6973719596862793 
v 3.477721929550171 -1.0030800104141235 -0.6917296648025513 
v 3.4809770584106445 -0.37767449021339417 -0.6973719596862793 
v 3.477721929550171 -0.37286466360092163 -0.6917296648025513 
v -1.9762237071990967 -0.37767449021339417 2.9490807056427 
v -1.975355625152588 -0.37286466360092163 2.956242084503174 
v -2.50703501701355 -0.37767449021339417 2.5137546062469482 
v -2.513979434967041 -0.37286466360092163 2.5139715671539307 
v -2.50703501701355 -0.37767449021339417 2.5137546062469482 
v -2.5072519779205322 -0.37286466360092163 2.507244348526001 
v -1.9762237071990967 -0.37767449021339417 2.9490807056427 
v -1.9699302911758423 -0.37286466360092163 2.9482126235961914 
v -1.9762237071990967 -0.9982701539993286 2.9490807056427 
v -1.975355625152588 -1.0030800104141235 2.956242084503174 
v -1.9762237071990967 -0.37767449021339417 2.9490807056427 
v -1.975355625152588 -0.37286466360092163 2.956242084503174 
v -1.9762237071990967 -0.37767449021339417 2.9490807056427 
v -1.9699302911758423 -0.37286466360092163 2.9482126235961914 
v -1.9762237071990967 -0.9982701539993286 2.9490807056427 
v -1.9699302911758423 -1.0030800104141235 2.9482126235961914 
v -2.50703501701355 -0.9982701539993286 2.5137546062469482 
v -2.513979434967041 -1.0030800104141235 2.5139715671539307 
v -1.9762237071990967 -0.9982701539993286 2.9490807056427 
v -1.975355625152588 -1.0030800104141235 2.956242084503174 
v -1.9762237071990967 -0.9982701539993286 2.9490807056427 
v -1.9699302911758423 -1.0030800104141235 2.9482126235961914 
v -2.50703501701355 -0.9982701539993286 2.5137546062469482 
v -2.5072519779205322 -1.0030800104141235 2.507244348526001 
v -2.50703501701355 -0.37767449021339417 2.5137546062469482 
v -2.513979434967041 -0.37286466360092163 2.5139715671539307 
v -2.50703501701355 -0.9982701539993286 2.5137546062469482 
v -2.513979434967041 -1.0030800104141235 2.5139715671539307 
v -2.50703501701355 -0.9982701539993286 2.5137546062469482 
v -2.5072519779205322 -1.0030800104141235 2.507244348526001 
v -2.50703501701355 -0.37767449021339417 2.5137546062469482 
v -2.5072519779205322 -0.37286466360092163 2.507244348526001 
v 2.9545059204101562 -0.37767449021339417 -1.9684112071990967 
v 2.956242084503174 -0.37286466360092163 -1.975355625152588 
v 3.2780709266662598 -0.37767449021339417 -1.3629478216171265 
v 3.2847981452941895 -0.37286466360092163 -1.360560655593872 
v 3.2780709266662598 -0.37767449021339417 -1.3629478216171265 
v 3.2759008407592773 -0.37286466360092163 -1.356871485710144 
v 2.9545059204101562 -0.37767449021339417 -1.9684112071990967 
v 2.9482126235961914 -0.37286466360092163 -1.9699302911758423 
v 2.9545059204101562 -0.9982701539993286 -1.9684112071990967 
v 2.956242084503174 -1.0030800104141235 -1.975355625152588 
v 2.9545059204101562 -0.37767449021339417 -1.9684112071990967 
v 2.956242084503174 -0.37286466360092163 -1.975355625152588 
v 2.9545059204101562 -0.37767449021339417 -1.9684112071990967 
v 2.9482126235961914 -0.37286466360092163 -1.9699302911758423 
v 2.9545059204101562 -0.9982701539993286 -1.9684112071990967 
v 2.9482126235961914 -1.0030800104141235 -1.9699302911758423 
v 3.2780709266662598 -0.9982701539993286 -1.3629478216171265 
v 3.2847981452941895 -1.0030800104141235 -1.360560655593872 
v 2.9545059204101562 -0.9982701539993286 -1.9684112071990967 
v 2.956242084503174 -1.0030800104141235 -1.975355625152588 
v 2.9545059204101562 -0.9982701539993286 -1.9684112071990967 
v 2.9482126235961914 -1.0030800104141235 -1.9699302911758423 
v 3.2780709266662598 -0.9982701539993286 -1.3629478216171265 
v 3.2759008407592773 -1.0030800104141235 -1.356871485710144 
v 3.2780709266662598 -0.37767449021339417 -1.3629478216171265 
v 3.2847981452941895 -0.37286466360092163 -1.360560655593872 
v 3.2780709266662598 -0.9982701539993286 -1.3629478216171265 
v 3.2847981452941895 -1.0030800104141235 -1.360560655593872 
v 3.2780709266662598 -0.9982701539993286 -1.3629478216171265 
v 3.2759008407592773 -1.0030800104141235 -1.356871485710144 
v 3.2780709266662598 -0.37767449021339417 -1.3629478216171265 
v 3.2759008407592773 -0.37286466360092163 -1.356871485710144 
v -1.3629478216171265 -0.37767449021339417 3.2780709266662598 
v -1.360560655593872 -0.37286466360092163 3.2847981452941895 
v -1.9684112071990967 -0.37767449021339417 2.9545059204101562 
v -1.975355625152588 -0.37286466360092163 2.956242084503174 
v -1.9684112071990967 -0.37767449021339417 2.9545059204101562 
v -1.9699302911758423 -0.37286466360092163 2.9482126235961914 
v -1.3629478216171265 -0.37767449021339417 3.2780709266662598 
v -1.356871485710144 -0.37286466360092163 3.2759008407592773 
v -1.3629478216171265 -0.9982701539993286 3.2780709266662598 
v -1.360560655593872 -1.0030800104141235 3.2847981452941895 
v -1.3629478216171265 -0.37767449021339417 3.2780709266662598 
v -1.360560655593872 -0.37286466360092163 3.2847981452941895 
v -1.3629478216171265 -0.37767449021339417 3.2780709266662598 
v -1.356871485710144 -0.37286466360092163 3.2759008407592773 
v -1.3629478216171265 -0.9982701539993286 3.2780709266662598 
v -1.356871485710144 -1.0030800104141235 3.2759008407592773 
v -1.9684112071990967 -0.9982701539993286 2.9545059204101562 
v -1.975355625152588 -1.0030800104141235 2.956242084503174 
v -1.3629478216171265 -0.9982701539993286 3.2780709266662598 
v -1.360560655593872 -1.0030800104141235 3.2847981452941895 
v -1.3629478216171265 -0.9982701539993286 3.2780709266662598 
v -1.356871485710144 -1.0030800104141235 3.2759008407592773 
v -1.9684112071990967 -0.9982701539993286 2.9545059204101562 
v -1.9699302911758423 -1.0030800104141235 2.9482126235961914 
v -1.9684112071990967 -0.37767449021339417 2.9545059204101562 
v -1.975355625152588 -0.37286466360092163 2.956242084503174 
v -1.9684112071990967 -0.9982701539993286 2.9545059204101562 
v -1.975355625152588 -1.0030800104141235 2.956242084503174 
v -1.9684112071990967 -0.9982701539993286 2.9545059204101562 
v -1.9699302911758423 -1.0030800104141235 2.9482126235961914 
v -1.9684112071990967 -0.37767449021339417 2.9545059204101562 
v -1.9699302911758423 -0.37286466360092163 2.9482126235961914 
v -0.6878234148025513 -0.37767449021339417 -3.482938051223755 
v -0.6936827301979065 -0.37286466360092163 -3.4870612621307373 
v -0.004886668175458908 -0.37767449021339417 -3.5502116680145264 
v 0.00010460799967404455 -0.37286466360092163 -3.555419921875 
v -0.004886668175458908 -0.37767449021339417 -3.5502116680145264 
v 0.00010460799967404455 -0.37286466360092163 -3.5458714962005615 
v -0.6878234148025513 -0.37767449021339417 -3.482938051223755 
v -0.6917296648025513 -0.37286466360092163 -3.4777297973632812 
v -0.6878234148025513 -0.9982701539993286 -3.482938051223755 
v -0.6936827301979065 -1.0030800104141235 -3.4870612621307373 
v -0.6878234148025513 -0.37767449021339417 -3.482938051223755 
v -0.6936827301979065 -0.37286466360092163 -3.4870612621307373 
v -0.6878234148025513 -0.37767449021339417 -3.482938051223755 
v -0.6917296648025513 -0.37286466360092163 -3.4777297973632812 
v -0.6878234148025513 -0.9982701539993286 -3.482938051223755 
v -0.6917296648025513 -1.0030800104141235 -3.4777297973632812 
v -0.004886668175458908 -0.9982701539993286 -3.5502116680145264 
v 0.00010460799967404455 -1.0030800104141235 -3.555419921875 
v -0.6878234148025513 -0.9982701539993286 -3.482938051223755 
v -0.6936827301979065 -1.0030800104141235 -3.4870612621307373 
v -0.6878234148025513 -0.9982701539993286 -3.482938051223755 
v -0.6917296648025513 -1.0030800104141235 -3.4777297973632812 
v -0.004886668175458908 -0.9982701539993286 -3.5502116680145264 
v 0.00010460799967404455 -1.0030800104141235 -3.5458714962005615 
v -0.004886668175458908 -0.37767449021339417 -3.5502116680145264 
v 0.00010460799967404455 -0.37286466360092163 -3.555419921875 
v -0.004886668175458908 -0.9982701539993286 -3.5502116680145264 
v 0.00010460799967404455 -1.0030800104141235 -3.555419921875 
v -0.004886668175458908 -0.9982701539993286 -3.5502116680145264 
v 0.00010460799967404455 -1.0030800104141235 -3.5458714962005615 
v -0.004886668175458908 -0.37767449021339417 -3.5502116680145264 
v 0.00010460799967404455 -0.37286466360092163 -3.5458714962005615 
v 2.5137546062469482 -0.37767449021339417 -2.50703501701355 
v 2.5139715671539307 -0.37286466360092163 -2.513979434967041 
v 2.9490807056427 -0.37767449021339417 -1.976440668106079 
v 2.956242084503174 -0.37286466360092163 -1.975355625152588 
v 2.9490807056427 -0.37767449021339417 -1.976440668106079 
v 2.9482126235961914 -0.37286466360092163 -1.9699302911758423 
v 2.5137546062469482 -0.37767449021339417 -2.50703501701355 
v 2.507244348526001 -0.37286466360092163 -2.5072519779205322 
v 2.5137546062469482 -0.9982701539993286 -2.50703501701355 
v 2.5139715671539307 -1.0030800104141235 -2.513979434967041 
v 2.5137546062469482 -0.37767449021339417 -2.50703501701355 
v 2.5139715671539307 -0.37286466360092163 -2.513979434967041 
v 2.5137546062469482 -0.37767449021339417 -2.50703501701355 
v 2.507244348526001 -0.37286466360092163 -2.5072519779205322 
v 2.5137546062469482 -0.9982701539993286 -2.50703501701355 
v 2.507244348526001 -1.0030800104141235 -2.5072519779205322 
v 2.9490807056427 -0.9982701539993286 -1.976440668106079 
v 2.956242084503174 -1.0030800104141235 -1.975355625152588 
v 2.5137546062469482 -0.9982701539993286 -2.50703501701355 
v 2.5139715671539307 -1.0030800104141235 -2.513979434967041 
v 2.5137546062469482 -0.9982701539993286 -2.50703501701355 
v 2.507244348526001 -1.0030800104141235 -2.5072519779205322 
v 2.9490807056427 -0.9982701539993286 -1.976440668106079 
v 2.9482126235961914 -1.0030800104141235 -1.9699302911758423 
v 2.9490807056427 -0.37767449021339417 -1.976440668106079 
v 2.956242084503174 -0.37286466360092163 -1.975355625152588 
v 2.9490807056427 -0.9982701539993286 -1.976440668106079 
v 2.956242084503174 -1.0030800104141235 -1.975355625152588 
v 2.9490807056427 -0.9982701539993286 -1.976440668106079 
v 2.9482126235961914 -1.0030800104141235 -1.9699302911758423 
v 2.9490807056427 -0.37767449021339417 -1.976440668106079 
v 2.9482126235961914 -0.37286466360092163 -1.9699302911758423 
v -0.6973719596862793 -0.37767449021339417 3.4809770584106445 
v -0.6936827301979065 -0.37286466360092163 3.487053394317627 
v -1.3542672395706177 -0.37767449021339417 3.2817599773406982 
v -1.360560655593872 -0.37286466360092163 3.2847981452941895 
v -1.3542672395706177 -0.37767449021339417 3.2817599773406982 
v -1.356871485710144 -0.37286466360092163 3.2759008407592773 
v -0.6973719596862793 -0.37767449021339417 3.4809770584106445 
v -0.6917296648025513 -0.37286466360092163 3.477721929550171 
v -0.6973719596862793 -0.9982701539993286 3.4809770584106445 
v -0.6936827301979065 -1.0030800104141235 3.487053394317627 
v -0.6973719596862793 -0.37767449021339417 3.4809770584106445 
v -0.6936827301979065 -0.37286466360092163 3.487053394317627 
v -0.6973719596862793 -0.37767449021339417 3.4809770584106445 
v -0.6917296648025513 -0.37286466360092163 3.477721929550171 
v -0.6973719596862793 -0.9982701539993286 3.4809770584106445 
v -0.6917296648025513 -1.0030800104141235 3.477721929550171 
v -1.3542672395706177 -0.9982701539993286 3.2817599773406982 
v -1.360560655593872 -1.0030800104141235 3.2847981452941895 
v -0.6973719596862793 -0.9982701539993286 3.4809770584106445 
v -0.6936827301979065 -1.0030800104141235 3.487053394317627 
v -0.6973719596862793 -0.9982701539993286 3.4809770584106445 
v -0.6917296648025513 -1.0030800104141235 3.477721929550171 
v -1.3542672395706177 -0.9982701539993286 3.2817599773406982 
v -1.356871485710144 -1.0030800104141235 3.2759008407592773 
v -1.3542672395706177 -0.37767449021339417 3.2817599773406982 
v -1.360560655593872 -0.37286466360092163 3.2847981452941895 
v -1.3542672395706177 -0.9982701539993286 3.2817599773406982 
v -1.360560655593872 -1.0030800104141235 3.2847981452941895 
v -1.3542672395706177 -0.9982701539993286 3.2817599773406982 
v -1.356871485710144 -1.0030800104141235 3.2759008407592773 
v -1.3542672395706177 -0.37767449021339417 3.2817599773406982 
v -1.356871485710144 -0.37286466360092163 3.2759008407592773 
v -1.3542672395706177 -0.37767449021339417 -3.2817678451538086 
v -1.360560655593872 -0.37286466360092163 -3.2848060131073 
v -0.6973719596862793 -0.37767449021339417 -3.480984926223755 
v -0.6936827301979065 -0.37286466360092163 -3.4870612621307373 
v -0.6973719596862793 -0.37767449021339417 -3.480984926223755 
v -0.6917296648025513 -0.37286466360092163 -3.4777297973632812 
v -1.3542672395706177 -0.37767449021339417 -3.2817678451538086 
v -1.356871485710144 -0.37286466360092163 -3.2759084701538086 
v -1.3542672395706177 -0.9982701539993286 -3.2817678451538086 
v -1.360560655593872 -1.0030800104141235 -3.2848060131073 
v -1.3542672395706177 -0.37767449021339417 -3.2817678451538086 
v -1.360560655593872 -0.37286466360092163 -3.2848060131073 
v -1.3542672395706177 -0.37767449021339417 -3.2817678451538086 
v -1.356871485710144 -0.37286466360092163 -3.2759084701538086 
v -1.3542672395706177 -0.9982701539993286 -3.2817678451538086 
v -1.356871485710144 -1.0030800104141235 -3.2759084701538086 
v -0.6973719596862793 -0.9982701539993286 -3.480984926223755 
v -0.6936827301979065 -1.0030800104141235 -3.4870612621307373 
v -1.3542672395706177 -0.9982701539993286 -3.2817678451538086 
v -1.360560655593872 -1.0030800104141235 -3.2848060131073 
v -1.3542672395706177 -0.9982701539993286 -3.2817678451538086 
v -1.356871485710144 -1.0030800104141235 -3.2759084701538086 
v -0.6973719596862793 -0.9982701539993286 -3.480984926223755 
v -0.6917296648025513 -1.0030800104141235 -3.4777297973632812 
v -0.6973719596862793 -0.37767449021339417 -3.480984926223755 
v -0.6936827301979065 -0.37286466360092163 -3.4870612621307373 
v -0.6973719596862793 -0.9982701539993286 -3.480984926223755 
v -0.6936827301979065 -1.0030800104141235 -3.4870612621307373 
v -0.6973719596862793 -0.9982701539993286 -3.480984926223755 
v -0.6917296648025513 -1.0030800104141235 -3.4777297973632812 
v -0.6973719596862793 -0.37767449021339417 -3.480984926223755 
v -0.6917296648025513 -0.37286466360092163 -3.4777297973632812 
v 1.9762158393859863 -0.37767449021339417 -2.9490885734558105 
v 1.975347876548767 -0.37286466360092163 -2.956249952316284 
v 2.5070271492004395 -0.37767449021339417 -2.5137624740600586 
v 2.5139715671539307 -0.37286466360092163 -2.513979434967041 
v 2.5070271492004395 -0.37767449021339417 -2.5137624740600586 
v 2.507244348526001 -0.37286466360092163 -2.5072519779205322 
v 1.9762158393859863 -0.37767449021339417 -2.9490885734558105 
v 1.9699225425720215 -0.37286466360092163 -2.9482204914093018 
v 1.9762158393859863 -0.9982701539993286 -2.9490885734558105 
v 1.975347876548767 -1.0030800104141235 -2.956249952316284 
v 1.9762158393859863 -0.37767449021339417 -2.9490885734558105 
v 1.975347876548767 -0.37286466360092163 -2.956249952316284 
v 1.9762158393859863 -0.37767449021339417 -2.9490885734558105 
v 1.9699225425720215 -0.37286466360092163 -2.9482204914093018 
v 1.9762158393859863 -0.9982701539993286 -2.9490885734558105 
v 1.9699225425720215 -1.0030800104141235 -2.9482204914093018 
v 2.5070271492004395 -0.9982701539993286 -2.5137624740600586 
v 2.5139715671539307 -1.0030800104141235 -2.513979434967041 
v 1.9762158393859863 -0.9982701539993286 -2.9490885734558105 
v 1.975347876548767 -1.0030800104141235 -2.956249952316284 
v 1.9762158393859863 -0.9982701539993286 -2.9490885734558105 
v 1.9699225425720215 -1.0030800104141235 -2.9482204914093018 
v 2.5070271492004395 -0.9982701539993286 -2.5137624740600586 
v 2.507244348526001 -1.0030800104141235 -2.5072519779205322 
v 2.5070271492004395 -0.37767449021339417 -2.5137624740600586 
v 2.5139715671539307 -0.37286466360092163 -2.513979434967041 
v 2.5070271492004395 -0.9982701539993286 -2.5137624740600586 
v 2.5139715671539307 -1.0030800104141235 -2.513979434967041 
v 2.5070271492004395 -0.9982701539993286 -2.5137624740600586 
v 2.507244348526001 -1.0030800104141235 -2.5072519779205322 
v 2.5070271492004395 -0.37767449021339417 -2.5137624740600586 
v 2.507244348526001 -0.37286466360092163 -2.5072519779205322 
v -0.004886668175458908 -0.37767449021339417 3.550203800201416 
v 0.00010460799967404455 -0.37286466360092163 3.5554122924804688 
v -0.6878234148025513 -0.37767449021339417 3.4829301834106445 
v -0.6936827301979065 -0.37286466360092163 3.487053394317627 
v -0.6878234148025513 -0.37767449021339417 3.4829301834106445 
v -0.6917296648025513 -0.37286466360092163 3.477721929550171 
v -0.004886668175458908 -0.37767449021339417 3.550203800201416 
v 0.00010460799967404455 -0.37286466360092163 3.545863628387451 
v -0.004886668175458908 -0.9982701539993286 3.550203800201416 
v 0.00010460799967404455 -1.0030800104141235 3.5554122924804688 
v -0.004886668175458908 -0.37767449021339417 3.550203800201416 
v 0.00010460799967404455 -0.37286466360092163 3.5554122924804688 
v -0.004886668175458908 -0.37767449021339417 3.550203800201416 
v 0.00010460799967404455 -0.37286466360092163 3.545863628387451 
v -0.004886668175458908 -0.9982701539993286 3.550203800201416 
v 0.00010460799967404455 -1.0030800104141235 3.545863628387451 
v -0.6878234148025513 -0.9982701539993286 3.4829301834106445 
v -0.6936827301979065 -1.0030800104141235 3.487053394317627 
v -0.004886668175458908 -0.9982701539993286 3.550203800201416 
v 0.00010460799967404455 -1.0030800104141235 3.5554122924804688 
v -0.004886668175458908 -0.9982701539993286 3.550203800201416 
v 0.00010460799967404455 -1.0030800104141235 3.545863628387451 
v -0.6878234148025513 -0.9982701539993286 3.4829301834106445 
v -0.6917296648025513 -1.0030800104141235 3.477721929550171 
v -0.6878234148025513 -0.37767449021339417 3.4829301834106445 
v -0.6936827301979065 -0.37286466360092163 3.487053394317627 
v -0.6878234148025513 -0.9982701539993286 3.4829301834106445 
v -0.6936827301979065 -1.0030800104141235 3.487053394317627 
v -0.6878234148025513 -0.9982701539993286 3.4829301834106445 
v -0.6917296648025513 -1.0030800104141235 3.477721929550171 
v -0.6878234148025513 -0.37767449021339417 3.4829301834106445 
v -0.6917296648025513 -0.37286466360092163 3.477721929550171 
v -1.9684112071990967 -0.37767449021339417 -2.9545137882232666 
v -1.975355625152588 -0.37286466360092163 -2.956249952316284 
v -1.3629478216171265 -0.37767449021339417 -3.278078556060791 
v -1.360560655593872 -0.37286466360092163 -3.2848060131073 
v -1.3629478216171265 -0.37767449021339417 -3.278078556060791 
v -1.356871485710144 -0.37286466360092163 -3.2759084701538086 
v -1.9684112071990967 -0.37767449021339417 -2.9545137882232666 
v -1.9699302911758423 -0.37286466360092163 -2.9482204914093018 
v -1.9684112071990967 -0.9982701539993286 -2.9545137882232666 
v -1.975355625152588 -1.0030800104141235 -2.956249952316284 
v -1.9684112071990967 -0.37767449021339417 -2.9545137882232666 
v -1.975355625152588 -0.37286466360092163 -2.956249952316284 
v -1.9684112071990967 -0.37767449021339417 -2.9545137882232666 
v -1.9699302911758423 -0.37286466360092163 -2.9482204914093018 
v -1.9684112071990967 -0.9982701539993286 -2.9545137882232666 
v -1.9699302911758423 -1.0030800104141235 -2.9482204914093018 
v -1.3629478216171265 -0.9982701539993286 -3.278078556060791 
v -1.360560655593872 -1.0030800104141235 -3.2848060131073 
v -1.9684112071990967 -0.9982701539993286 -2.9545137882232666 
v -1.975355625152588 -1.0030800104141235 -2.956249952316284 
v -1.9684112071990967 -0.9982701539993286 -2.9545137882232666 
v -1.9699302911758423 -1.0030800104141235 -2.9482204914093018 
v -1.3629478216171265 -0.9982701539993286 -3.278078556060791 
v -1.356871485710144 -1.0030800104141235 -3.2759084701538086 
v -1.3629478216171265 -0.37767449021339417 -3.278078556060791 
v -1.360560655593872 -0.37286466360092163 -3.2848060131073 
v -1.3629478216171265 -0.9982701539993286 -3.278078556060791 
v -1.360560655593872 -1.0030800104141235 -3.2848060131073 
v -1.3629478216171265 -0.9982701539993286 -3.278078556060791 
v -1.356871485710144 -1.0030800104141235 -3.2759084701538086 
v -1.3629478216171265 -0.37767449021339417 -3.278078556060791 
v -1.356871485710144 -0.37286466360092163 -3.2759084701538086 
v 1.3629399538040161 -0.37767449021339417 -3.278078556060791 
v 1.3605527877807617 -0.37286466360092163 -3.2848060131073 
v 1.9684034585952759 -0.37767449021339417 -2.9545137882232666 
v 1.975347876548767 -0.37286466360092163 -2.956249952316284 
v 1.9684034585952759 -0.37767449021339417 -2.9545137882232666 
v 1.9699225425720215 -0.37286466360092163 -2.9482204914093018 
v 1.3629399538040161 -0.37767449021339417 -3.278078556060791 
v 1.3568636178970337 -0.37286466360092163 -3.2759084701538086 
v 1.3629399538040161 -0.9982701539993286 -3.278078556060791 
v 1.3605527877807617 -1.0030800104141235 -3.2848060131073 
v 1.3629399538040161 -0.37767449021339417 -3.278078556060791 
v 1.3605527877807617 -0.37286466360092163 -3.2848060131073 
v 1.3629399538040161 -0.37767449021339417 -3.278078556060791 
v 1.3568636178970337 -0.37286466360092163 -3.2759084701538086 
v 1.3629399538040161 -0.9982701539993286 -3.278078556060791 
v 1.3568636178970337 -1.0030800104141235 -3.2759084701538086 
v 1.9684034585952759 -0.9982701539993286 -2.9545137882232666 
v 1.975347876548767 -1.0030800104141235 -2.956249952316284 
v 1.3629399538040161 -0.9982701539993286 -3.278078556060791 
v 1.3605527877807617 -1.0030800104141235 -3.2848060131073 
v 1.3629399538040161 -0.9982701539993286 -3.278078556060791 
v 1.3568636178970337 -1.0030800104141235 -3.2759084701538086 
v 1.9684034585952759 -0.9982701539993286 -2.9545137882232666 
v 1.9699225425720215 -1.0030800104141235 -2.9482204914093018 
v 1.9684034585952759 -0.37767449021339417 -2.9545137882232666 
v 1.975347876548767 -0.37286466360092163 -2.956249952316284 
v 1.9684034585952759 -0.9982701539993286 -2.9545137882232666 
v 1.975347876548767 -1.0030800104141235 -2.956249952316284 
v 1.9684034585952759 -0.9982701539993286 -2.9545137882232666 
v 1.9699225425720215 -1.0030800104141235 -2.9482204914093018 
v 1.9684034585952759 -0.37767449021339417 -2.9545137882232666 
v 1.9699225425720215 -0.37286466360092163 -2.9482204914093018 
v 0.6878156065940857 -0.37767449021339417 3.4829301834106445 
v 0.6936749815940857 -0.37286466360092163 3.487053394317627 
v 0.004878872074186802 -0.37767449021339417 3.550203800201416 
v 0.00010460799967404455 -0.37286466360092163 3.5554122924804688 
v 0.004878872074186802 -0.37767449021339417 3.550203800201416 
v 0.00010460799967404455 -0.37286466360092163 3.545863628387451 
v 0.6878156065940857 -0.37767449021339417 3.4829301834106445 
v 0.6917218565940857 -0.37286466360092163 3.477721929550171 
v 0.6878156065940857 -0.9982701539993286 3.4829301834106445 
v 0.6936749815940857 -1.0030800104141235 3.487053394317627 
v 0.6878156065940857 -0.37767449021339417 3.4829301834106445 
v 0.6936749815940857 -0.37286466360092163 3.487053394317627 
v 0.6878156065940857 -0.37767449021339417 3.4829301834106445 
v 0.6917218565940857 -0.37286466360092163 3.477721929550171 
v 0.6878156065940857 -0.9982701539993286 3.4829301834106445 
v 0.6917218565940857 -1.0030800104141235 3.477721929550171 
v 0.004878872074186802 -0.9982701539993286 3.550203800201416 
v 0.00010460799967404455 -1.0030800104141235 3.5554122924804688 
v 0.6878156065940857 -0.9982701539993286 3.4829301834106445 
v 0.6936749815940857 -1.0030800104141235 3.487053394317627 
v 0.6878156065940857 -0.9982701539993286 3.4829301834106445 
v 0.6917218565940857 -1.0030800104141235 3.477721929550171 
v 0.004878872074186802 -0.9982701539993286 3.550203800201416 
v 0.00010460799967404455 -1.0030800104141235 3.545863628387451 
v 0.004878872074186802 -0.37767449021339417 3.550203800201416 
v 0.00010460799967404455 -0.37286466360092163 3.5554122924804688 
v 0.004878872074186802 -0.9982701539993286 3.550203800201416 
v 0.00010460799967404455 -1.0030800104141235 3.5554122924804688 
v 0.004878872074186802 -0.9982701539993286 3.550203800201416 
v 0.00010460799967404455 -1.0030800104141235 3.545863628387451 
v 0.004878872074186802 -0.37767449021339417 3.550203800201416 
v 0.00010460799967404455 -0.37286466360092163 3.545863628387451 
v -2.50703501701355 -0.37767449021339417 -2.5137624740600586 
v -2.513979434967041 -0.37286466360092163 -2.513979434967041 
v -1.9762237071990967 -0.37767449021339417 -2.9490885734558105 
v -1.975355625152588 -0.37286466360092163 -2.956249952316284 
v -1.9762237071990967 -0.37767449021339417 -2.9490885734558105 
v -1.9699302911758423 -0.37286466360092163 -2.9482204914093018 
v -2.50703501701355 -0.37767449021339417 -2.5137624740600586 
v -2.5072519779205322 -0.37286466360092163 -2.5072519779205322 
v -2.50703501701355 -0.9982701539993286 -2.5137624740600586 
v -2.513979434967041 -1.0030800104141235 -2.513979434967041 
v -2.50703501701355 -0.37767449021339417 -2.5137624740600586 
v -2.513979434967041 -0.37286466360092163 -2.513979434967041 
v -2.50703501701355 -0.37767449021339417 -2.5137624740600586 
v -2.5072519779205322 -0.37286466360092163 -2.5072519779205322 
v -2.50703501701355 -0.9982701539993286 -2.5137624740600586 
v -2.5072519779205322 -1.0030800104141235 -2.5072519779205322 
v -1.9762237071990967 -0.9982701539993286 -2.9490885734558105 
v -1.975355625152588 -1.0030800104141235 -2.956249952316284 
v -2.50703501701355 -0.9982701539993286 -2.5137624740600586 
v -2.513979434967041 -1.0030800104141235 -2.513979434967041 
v -2.50703501701355 -0.9982701539993286 -2.5137624740600586 
v -2.5072519779205322 -1.0030800104141235 -2.5072519779205322 
v -1.9762237071990967 -0.9982701539993286 -2.9490885734558105 
v -1.9699302911758423 -1.0030800104141235 -2.9482204914093018 
v -1.9762237071990967 -0.37767449021339417 -2.9490885734558105 
v -1.975355625152588 -0.37286466360092163 -2.956249952316284 
v -1.9762237071990967 -0.9982701539993286 -2.9490885734558105 
v -1.975355625152588 -1.0030800104141235 -2.956249952316284 
v -1.9762237071990967 -0.9982701539993286 -2.9490885734558105 
v -1.9699302911758423 -1.0030800104141235 -2.9482204914093018 
v -1.9762237071990967 -0.37767449021339417 -2.9490885734558105 
v -1.9699302911758423 -0.37286466360092163 -2.9482204914093018 
v 0.6973641514778137 -0.37767449021339417 -3.480984926223755 
v 0.6936749815940857 -0.37286466360092163 -3.4870612621307373 
v 1.3542594909667969 -0.37767449021339417 -3.2817678451538086 
v 1.3605527877807617 -0.37286466360092163 -3.2848060131073 
v 1.3542594909667969 -0.37767449021339417 -3.2817678451538086 
v 1.3568636178970337 -0.37286466360092163 -3.2759084701538086 
v 0.6973641514778137 -0.37767449021339417 -3.480984926223755 
v 0.6917218565940857 -0.37286466360092163 -3.4777297973632812 
v 0.6973641514778137 -0.9982701539993286 -3.480984926223755 
v 0.6936749815940857 -1.0030800104141235 -3.4870612621307373 
v 0.6973641514778137 -0.37767449021339417 -3.480984926223755 
v 0.6936749815940857 -0.37286466360092163 -3.4870612621307373 
v 0.6973641514778137 -0.37767449021339417 -3.480984926223755 
v 0.6917218565940857 -0.37286466360092163 -3.4777297973632812 
v 0.6973641514778137 -0.9982701539993286 -3.480984926223755 
v 0.6917218565940857 -1.0030800104141235 -3.4777297973632812 
v 1.3542594909667969 -0.9982701539993286 -3.2817678451538086 
v 1.3605527877807617 -1.0030800104141235 -3.2848060131073 
v 0.6973641514778137 -0.9982701539993286 -3.480984926223755 
v 0.6936749815940857 -1.0030800104141235 -3.4870612621307373 
v 0.6973641514778137 -0.9982701539993286 -3.480984926223755 
v 0.6917218565940857 -1.0030800104141235 -3.4777297973632812 
v 1.3542594909667969 -0.9982701539993286 -3.2817678451538086 
v 1.3568636178970337 -1.0030800104141235 -3.2759084701538086 
v 1.3542594909667969 -0.37767449021339417 -3.2817678451538086 
v 1.3605527877807617 -0.37286466360092163 -3.2848060131073 
v 1.3542594909667969 -0.9982701539993286 -3.2817678451538086 
v 1.3605527877807617 -1.0030800104141235 -3.2848060131073 
v 1.3542594909667969 -0.9982701539993286 -3.2817678451538086 
v 1.3568636178970337 -1.0030800104141235 -3.2759084701538086 
v 1.3542594909667969 -0.37767449021339417 -3.2817678451538086 
v 1.3568636178970337 -0.37286466360092163 -3.2759084701538086 
v 1.3542594909667969 -0.37767449021339417 3.2817599773406982 
v 1.3605527877807617 -0.37286466360092163 3.2847981452941895 
v 0.6973641514778137 -0.37767449021339417 3.4809770584106445 
v 0.6936749815940857 -0.37286466360092163 3.487053394317627 
v 0.6973641514778137 -0.37767449021339417 3.4809770584106445 
v 0.6917218565940857 -0.37286466360092163 3.477721929550171 
v 1.3542594909667969 -0.37767449021339417 3.2817599773406982 
v 1.3568636178970337 -0.37286466360092163 3.2759008407592773 
v 1.3542594909667969 -0.9982701539993286 3.2817599773406982 
v 1.3605527877807617 -1.0030800104141235 3.2847981452941895 
v 1.3542594909667969 -0.37767449021339417 3.2817599773406982 
v 1.3605527877807617 -0.37286466360092163 3.2847981452941895 
v 1.3542594909667969 -0.37767449021339417 3.2817599773406982 
v 1.3568636178970337 -0.37286466360092163 3.2759008407592773 
v 1.3542594909667969 -0.9982701539993286 3.2817599773406982 
v 1.3568636178970337 -1.0030800104141235 3.2759008407592773 
v 0.6973641514778137 -0.9982701539993286 3.4809770584106445 
v 0.6936749815940857 -1.0030800104141235 3.487053394317627 
v 1.3542594909667969 -0.9982701539993286 3.2817599773406982 
v 1.3605527877807617 -1.0030800104141235 3.2847981452941895 
v 1.3542594909667969 -0.9982701539993286 3.2817599773406982 
v 1.3568636178970337 -1.0030800104141235 3.2759008407592773 
v 0.6973641514778137 -0.9982701539993286 3.4809770584106445 
v 0.6917218565940857 -1.0030800104141235 3.477721929550171 
v 0.6973641514778137 -0.37767449021339417 3.4809770584106445 
v 0.6936749815940857 -0.37286466360092163 3.487053394317627 
v 0.6973641514778137 -0.9982701539993286 3.4809770584106445 
v 0.6936749815940857 -1.0030800104141235 3.487053394317627 
v 0.6973641514778137 -0.9982701539993286 3.4809770584106445 
v 0.6917218565940857 -1.0030800104141235 3.477721929550171 
v 0.6973641514778137 -0.37767449021339417 3.4809770584106445 
v 0.6917218565940857 -0.37286466360092163 3.477721929550171 
v -2.9490885734558105 -0.37767449021339417 -1.9762237071990967 
v -2.956249952316284 -0.37286466360092163 -1.975355625152588 
v -2.5137624740600586 -0.37767449021339417 -2.50703501701355 
v -2.513979434967041 -0.37286466360092163 -2.513979434967041 
v -2.5137624740600586 -0.37767449021339417 -2.50703501701355 
v -2.5072519779205322 -0.37286466360092163 -2.5072519779205322 
v -2.9490885734558105 -0.37767449021339417 -1.9762237071990967 
v -2.9482204914093018 -0.37286466360092163 -1.9699302911758423 
v -2.9490885734558105 -0.9982701539993286 -1.9762237071990967 
v -2.956249952316284 -1.0030800104141235 -1.975355625152588 
v -2.9490885734558105 -0.37767449021339417 -1.9762237071990967 
v -2.956249952316284 -0.37286466360092163 -1.975355625152588 
v -2.9490885734558105 -0.37767449021339417 -1.9762237071990967 
v -2.9482204914093018 -0.37286466360092163 -1.9699302911758423 
v -2.9490885734558105 -0.9982701539993286 -1.9762237071990967 
v -2.9482204914093018 -1.0030800104141235 -1.9699302911758423 
v -2.5137624740600586 -0.9982701539993286 -2.50703501701355 
v -2.513979434967041 -1.0030800104141235 -2.513979434967041 
v -2.9490885734558105 -0.9982701539993286 -1.9762237071990967 
v -2.956249952316284 -1.0030800104141235 -1.975355625152588 
v -2.9490885734558105 -0.9982701539993286 -1.9762237071990967 
v -2.9482204914093018 -1.0030800104141235 -1.9699302911758423 
v -2.5137624740600586 -0.9982701539993286 -2.50703501701355 
v -2.5072519779205322 -1.0030800104141235 -2.5072519779205322 
v -2.5137624740600586 -0.37767449021339417 -2.50703501701355 
v -2.513979434967041 -0.37286466360092163 -2.513979434967041 
v -2.5137624740600586 -0.9982701539993286 -2.50703501701355 
v -2.513979434967041 -1.0030800104141235 -2.513979434967041 
v -2.5137624740600586 -0.9982701539993286 -2.50703501701355 
v -2.5072519779205322 -1.0030800104141235 -2.5072519779205322 
v -2.5137624740600586 -0.37767449021339417 -2.50703501701355 
v -2.5072519779205322 -0.37286466360092163 -2.5072519779205322 
v 0.004878872074186802 -0.37767449021339417 -3.5502116680145264 
v 0.00010460799967404455 -0.37286466360092163 -3.555419921875 
v 0.6878156065940857 -0.37767449021339417 -3.482938051223755 
v 0.6936749815940857 -0.37286466360092163 -3.4870612621307373 
v 0.6878156065940857 -0.37767449021339417 -3.482938051223755 
v 0.6917218565940857 -0.37286466360092163 -3.4777297973632812 
v 0.004878872074186802 -0.37767449021339417 -3.5502116680145264 
v 0.00010460799967404455 -0.37286466360092163 -3.5458714962005615 
v 0.004878872074186802 -0.9982701539993286 -3.5502116680145264 
v 0.00010460799967404455 -1.0030800104141235 -3.555419921875 
v 0.004878872074186802 -0.37767449021339417 -3.5502116680145264 
v 0.00010460799967404455 -0.37286466360092163 -3.555419921875 
v 0.004878872074186802 -0.37767449021339417 -3.5502116680145264 
v 0.00010460799967404455 -0.37286466360092163 -3.5458714962005615 
v 0.004878872074186802 -0.9982701539993286 -3.5502116680145264 
v 0.00010460799967404455 -1.0030800104141235 -3.5458714962005615 
v 0.6878156065940857 -0.9982701539993286 -3.482938051223755 
v 0.6936749815940857 -1.0030800104141235 -3.4870612621307373 
v 0.004878872074186802 -0.9982701539993286 -3.5502116680145264 
v 0.00010460799967404455 -1.0030800104141235 -3.555419921875 
v 0.004878872074186802 -0.9982701539993286 -3.5502116680145264 
v 0.00010460799967404455 -1.0030800104141235 -3.5458714962005615 
v 0.6878156065940857 -0.9982701539993286 -3.482938051223755 
v 0.6917218565940857 -1.0030800104141235 -3.4777297973632812 
v 0.6878156065940857 -0.37767449021339417 -3.482938051223755 
v 0.6936749815940857 -0.37286466360092163 -3.4870612621307373 
v 0.6878156065940857 -0.9982701539993286 -3.482938051223755 
v 0.6936749815940857 -1.0030800104141235 -3.4870612621307373 
v 0.6878156065940857 -0.9982701539993286 -3.482938051223755 
v 0.6917218565940857 -1.0030800104141235 -3.4777297973632812 
v 0.6878156065940857 -0.37767449021339417 -3.482938051223755 
v 0.6917218565940857 -0.37286466360092163 -3.4777297973632812 
v -0.18912985920906067 0.043281394988298416 0.926528811454773 
v -0.18305352330207825 0.04761023819446564 0.9202355146408081 
v -0.3575311601161957 0.043281394988298416 0.875531017780304 
v -0.3590502440929413 0.04761023819446564 0.8668505549430847 
v -0.3575311601161957 0.043281394988298416 0.875531017780304 
v -0.3614373803138733 0.04017104208469391 0.8724928498268127 
v -0.18912985920906067 0.043281394988298416 0.926528811454773 
v -0.18413858115673065 0.04017104208469391 0.9260948300361633 
v -0.3683817684650421 -0.07523269206285477 1.8269115686416626 
v -0.3653436005115509 -0.07276365160942078 1.8366771936416626 
v -0.18912985920906067 0.043281394988298416 0.926528811454773 
v -0.18305352330207825 0.04761023819446564 0.9202355146408081 
v -0.18912985920906067 0.043281394988298416 0.926528811454773 
v -0.18413858115673065 0.04017104208469391 0.9260948300361633 
v -0.3683817684650421 -0.07523269206285477 1.8269115686416626 
v -0.3638245165348053 -0.07892022281885147 1.829298734664917 
v -0.7088735699653625 -0.07523269206285477 1.7236138582229614 
v -0.7166860103607178 -0.07276365160942078 1.7301242351531982 
v -0.3683817684650421 -0.07523269206285477 1.8269115686416626 
v -0.3653436005115509 -0.07276365160942078 1.8366771936416626 
v -0.3683817684650421 -0.07523269206285477 1.8269115686416626 
v -0.3638245165348053 -0.07892022281885147 1.829298734664917 
v -0.7088735699653625 -0.07523269206285477 1.7236138582229614 
v -0.7138648629188538 -0.07892022281885147 1.7231799364089966 
v -0.3575311601161957 0.043281394988298416 0.875531017780304 
v -0.3590502440929413 0.04761023819446564 0.8668505549430847 
v -0.7088735699653625 -0.07523269206285477 1.7236138582229614 
v -0.7166860103607178 -0.07276365160942078 1.7301242351531982 
v -0.7088735699653625 -0.07523269206285477 1.7236138582229614 
v -0.7138648629188538 -0.07892022281885147 1.7231799364089966 
v -0.3575311601161957 0.043281394988298416 0.875531017780304 
v -0.3614373803138733 0.04017104208469391 0.8724928498268127 
v 0.6719737648963928 0.043281394988298416 -0.6652541756629944 
v 0.663510262966156 0.04761023819446564 -0.6635180711746216 
v 0.7835179567337036 0.043281394988298416 -0.5294046998023987 
v 0.780045747756958 0.04761023819446564 -0.5211582183837891 
v 0.7835179567337036 0.043281394988298416 -0.5294046998023987 
v 0.7852540016174316 0.04017104208469391 -0.5246304273605347 
v 0.6719737648963928 0.043281394988298416 -0.6652541756629944 
v 0.6676335334777832 0.04017104208469391 -0.6676413416862488 
v 1.321273684501648 -0.07523269206285477 -1.314337134361267 
v 1.3240947723388672 -0.07276365160942078 -1.3241026401519775 
v 0.6719737648963928 0.043281394988298416 -0.6652541756629944 
v 0.663510262966156 0.04761023819446564 -0.6635180711746216 
v 0.6719737648963928 0.043281394988298416 -0.6652541756629944 
v 0.6676335334777832 0.04017104208469391 -0.6676413416862488 
v 1.321273684501648 -0.07523269206285477 -1.314337134361267 
v 1.3188865184783936 -0.07892022281885147 -1.318894386291504 
v 1.5469661951065063 -0.07523269206285477 -1.039382815361023 
v 1.5569486618041992 -0.07276365160942078 -1.0404679775238037 
v 1.321273684501648 -0.07523269206285477 -1.314337134361267 
v 1.3240947723388672 -0.07276365160942078 -1.3241026401519775 
v 1.321273684501648 -0.07523269206285477 -1.314337134361267 
v 1.3188865184783936 -0.07892022281885147 -1.318894386291504 
v 1.5469661951065063 -0.07523269206285477 -1.039382815361023 
v 1.5508723258972168 -0.07892022281885147 -1.0363446474075317 
v 0.7835179567337036 0.043281394988298416 -0.5294046998023987 
v 0.780045747756958 0.04761023819446564 -0.5211582183837891 
v 1.5469661951065063 -0.07523269206285477 -1.039382815361023 
v 1.5569486618041992 -0.07276365160942078 -1.0404679775238037 
v 1.5469661951065063 -0.07523269206285477 -1.039382815361023 
v 1.5508723258972168 -0.07892022281885147 -1.0363446474075317 
v 0.7835179567337036 0.043281394988298416 -0.5294046998023987 
v 0.7852540016174316 0.04017104208469391 -0.5246304273605347 
v -0.17979833483695984 0.043281394988298416 -0.9282727241516113 
v -0.18305352330207825 0.04761023819446564 -0.9202432632446289 
v -0.004886668175458908 0.043281394988298416 -0.9456337094306946 
v 0.00010460799967404455 0.04761023819446564 -0.938255250453949 
v -0.004886668175458908 0.043281394988298416 -0.9456337094306946 
v 0.00010460799967404455 0.04017104208469391 -0.9443315863609314 
v -0.17979833483695984 0.043281394988298416 -0.9282727241516113 
v -0.18413858115673065 0.04017104208469391 -0.9261025786399841 
v -0.3588332533836365 -0.07523269206285477 -1.828872561454773 
v -0.3653436005115509 -0.07276365160942078 -1.8366849422454834 
v -0.17979833483695984 0.043281394988298416 -0.9282727241516113 
v -0.18305352330207825 0.04761023819446564 -0.9202432632446289 
v -0.17979833483695984 0.043281394988298416 -0.9282727241516113 
v -0.18413858115673065 0.04017104208469391 -0.9261025786399841 
v -0.3588332533836365 -0.07523269206285477 -1.828872561454773 
v -0.3638245165348053 -0.07892022281885147 -1.8293066024780273 
v -0.004886668175458908 -0.07523269206285477 -1.86359441280365 
v 0.00010460799967404455 -0.07276365160942078 -1.8727089166641235 
v -0.3588332533836365 -0.07523269206285477 -1.828872561454773 
v -0.3653436005115509 -0.07276365160942078 -1.8366849422454834 
v -0.3588332533836365 -0.07523269206285477 -1.828872561454773 
v -0.3638245165348053 -0.07892022281885147 -1.8293066024780273 
v -0.004886668175458908 -0.07523269206285477 -1.86359441280365 
v 0.00010460799967404455 -0.07892022281885147 -1.8653305768966675 
v -0.004886668175458908 0.043281394988298416 -0.9456337094306946 
v 0.00010460799967404455 0.04761023819446564 -0.938255250453949 
v -0.004886668175458908 -0.07523269206285477 -1.86359441280365 
v 0.00010460799967404455 -0.07276365160942078 -1.8727089166641235 
v -0.004886668175458908 -0.07523269206285477 -1.86359441280365 
v 0.00010460799967404455 -0.07892022281885147 -1.8653305768966675 
v -0.004886668175458908 0.043281394988298416 -0.9456337094306946 
v 0.00010460799967404455 0.04017104208469391 -0.9443315863609314 
v -0.3662116527557373 0.043281394988298416 0.8718417882919312 
v -0.3590502440929413 0.04761023819446564 0.8668505549430847 
v -0.5213752388954163 0.043281394988298416 0.7889432311058044 
v -0.5211582183837891 0.04761023819446564 0.780045747756958 
v -0.5213752388954163 0.043281394988298416 0.7889432311058044 
v -0.5246304273605347 0.04017104208469391 0.7852540016174316 
v -0.3662116527557373 0.043281394988298416 0.8718417882919312 
v -0.3614373803138733 0.04017104208469391 0.8724928498268127 
v -0.7175540924072266 -0.07523269206285477 1.7199246883392334 
v -0.7166860103607178 -0.07276365160942078 1.7301242351531982 
v -0.3662116527557373 0.043281394988298416 0.8718417882919312 
v -0.3590502440929413 0.04761023819446564 0.8668505549430847 
v -0.3662116527557373 0.043281394988298416 0.8718417882919312 
v -0.3614373803138733 0.04017104208469391 0.8724928498268127 
v -0.7175540924072266 -0.07523269206285477 1.7199246883392334 
v -0.7138648629188538 -0.07892022281885147 1.7231799364089966 
v -1.03135347366333 -0.07523269206285477 1.55217444896698 
v -1.0404679775238037 -0.07276365160942078 1.5569486618041992 
v -0.7175540924072266 -0.07523269206285477 1.7199246883392334 
v -0.7166860103607178 -0.07276365160942078 1.7301242351531982 
v -0.7175540924072266 -0.07523269206285477 1.7199246883392334 
v -0.7138648629188538 -0.07892022281885147 1.7231799364089966 
v -1.03135347366333 -0.07523269206285477 1.55217444896698 
v -1.0363446474075317 -0.07892022281885147 1.5508723258972168 
v -0.5213752388954163 0.043281394988298416 0.7889432311058044 
v -0.5211582183837891 0.04761023819446564 0.780045747756958 
v -1.03135347366333 -0.07523269206285477 1.55217444896698 
v -1.0404679775238037 -0.07276365160942078 1.5569486618041992 
v -1.03135347366333 -0.07523269206285477 1.55217444896698 
v -1.0363446474075317 -0.07892022281885147 1.5508723258972168 
v -0.5213752388954163 0.043281394988298416 0.7889432311058044 
v -0.5246304273605347 0.04017104208469391 0.7852540016174316 
v 0.7889432311058044 0.043281394988298416 -0.5213752388954163 
v 0.780045747756958 0.04761023819446564 -0.5211582183837891 
v 0.8718417882919312 0.043281394988298416 -0.3662116527557373 
v 0.8668505549430847 0.04761023819446564 -0.3590502440929413 
v 0.8718417882919312 0.043281394988298416 -0.3662116527557373 
v 0.8724928498268127 0.04017104208469391 -0.3614373803138733 
v 0.7889432311058044 0.043281394988298416 -0.5213752388954163 
v 0.7852540016174316 0.04017104208469391 -0.5246304273605347 
v 1.55217444896698 -0.07523269206285477 -1.03135347366333 
v 1.5569486618041992 -0.07276365160942078 -1.0404679775238037 
v 0.7889432311058044 0.043281394988298416 -0.5213752388954163 
v 0.780045747756958 0.04761023819446564 -0.5211582183837891 
v 0.7889432311058044 0.043281394988298416 -0.5213752388954163 
v 0.7852540016174316 0.04017104208469391 -0.5246304273605347 
v 1.55217444896698 -0.07523269206285477 -1.03135347366333 
v 1.5508723258972168 -0.07892022281885147 -1.0363446474075317 
v 1.7199246883392334 -0.07523269206285477 -0.7175540924072266 
v 1.7301242351531982 -0.07276365160942078 -0.7166860103607178 
v 1.55217444896698 -0.07523269206285477 -1.03135347366333 
v 1.5569486618041992 -0.07276365160942078 -1.0404679775238037 
v 1.55217444896698 -0.07523269206285477 -1.03135347366333 
v 1.5508723258972168 -0.07892022281885147 -1.0363446474075317 
v 1.7199246883392334 -0.07523269206285477 -0.7175540924072266 
v 1.7231799364089966 -0.07892022281885147 -0.7138648629188538 
v 0.8718417882919312 0.043281394988298416 -0.3662116527557373 
v 0.8668505549430847 0.04761023819446564 -0.3590502440929413 
v 1.7199246883392334 -0.07523269206285477 -0.7175540924072266 
v 1.7301242351531982 -0.07276365160942078 -0.7166860103607178 
v 1.7199246883392334 -0.07523269206285477 -0.7175540924072266 
v 1.7231799364089966 -0.07892022281885147 -0.7138648629188538 
v 0.8718417882919312 0.043281394988298416 -0.3662116527557373 
v 0.8724928498268127 0.04017104208469391 -0.3614373803138733 
v -0.5294046998023987 0.043281394988298416 0.7835179567337036 
v -0.5211582183837891 0.04761023819446564 0.780045747756958 
v -0.6652541756629944 0.043281394988298416 0.6719737648963928 
v -0.6635180711746216 0.04761023819446564 0.663510262966156 
v -0.6652541756629944 0.043281394988298416 0.6719737648963928 
v -0.6676413416862488 0.04017104208469391 0.6676335334777832 
v -0.5294046998023987 0.043281394988298416 0.7835179567337036 
v -0.5246304273605347 0.04017104208469391 0.7852540016174316 
v -1.039382815361023 -0.07523269206285477 1.5469661951065063 
v -1.0404679775238037 -0.07276365160942078 1.5569486618041992 
v -0.5294046998023987 0.043281394988298416 0.7835179567337036 
v -0.5211582183837891 0.04761023819446564 0.780045747756958 
v -0.5294046998023987 0.043281394988298416 0.7835179567337036 
v -0.5246304273605347 0.04017104208469391 0.7852540016174316 
v -1.039382815361023 -0.07523269206285477 1.5469661951065063 
v -1.0363446474075317 -0.07892022281885147 1.5508723258972168 
v -1.314337134361267 -0.07523269206285477 1.321273684501648 
v -1.3241026401519775 -0.07276365160942078 1.3240947723388672 
v -1.039382815361023 -0.07523269206285477 1.5469661951065063 
v -1.0404679775238037 -0.07276365160942078 1.5569486618041992 
v -1.039382815361023 -0.07523269206285477 1.5469661951065063 
v -1.0363446474075317 -0.07892022281885147 1.5508723258972168 
v -1.314337134361267 -0.07523269206285477 1.321273684501648 
v -1.318894386291504 -0.07892022281885147 1.3188865184783936 
v -0.6652541756629944 0.043281394988298416 0.6719737648963928 
v -0.6635180711746216 0.04761023819446564 0.663510262966156 
v -1.314337134361267 -0.07523269206285477 1.321273684501648 
v -1.3241026401519775 -0.07276365160942078 1.3240947723388672 
v -1.314337134361267 -0.07523269206285477 1.321273684501648 
v -1.318894386291504 -0.07892022281885147 1.3188865184783936 
v -0.6652541756629944 0.043281394988298416 0.6719737648963928 
v -0.6676413416862488 0.04017104208469391 0.6676335334777832 
v 0.875531017780304 0.043281394988298416 -0.3575311601161957 
v 0.8668505549430847 0.04761023819446564 -0.3590502440929413 
v 0.926528811454773 0.043281394988298416 -0.18912985920906067 
v 0.9202355146408081 0.04761023819446564 -0.18305352330207825 
v 0.926528811454773 0.043281394988298416 -0.18912985920906067 
v 0.9260948300361633 0.04017104208469391 -0.18413858115673065 
v 0.875531017780304 0.043281394988298416 -0.3575311601161957 
v 0.8724928498268127 0.04017104208469391 -0.3614373803138733 
v 1.7236138582229614 -0.07523269206285477 -0.7088735699653625 
v 1.7301242351531982 -0.07276365160942078 -0.7166860103607178 
v 0.875531017780304 0.043281394988298416 -0.3575311601161957 
v 0.8668505549430847 0.04761023819446564 -0.3590502440929413 
v 0.875531017780304 0.043281394988298416 -0.3575311601161957 
v 0.8724928498268127 0.04017104208469391 -0.3614373803138733 
v 1.7236138582229614 -0.07523269206285477 -0.7088735699653625 
v 1.7231799364089966 -0.07892022281885147 -0.7138648629188538 
v 1.8269115686416626 -0.07523269206285477 -0.3683817684650421 
v 1.8366771936416626 -0.07276365160942078 -0.3653436005115509 
v 1.7236138582229614 -0.07523269206285477 -0.7088735699653625 
v 1.7301242351531982 -0.07276365160942078 -0.7166860103607178 
v 1.7236138582229614 -0.07523269206285477 -0.7088735699653625 
v 1.7231799364089966 -0.07892022281885147 -0.7138648629188538 
v 1.8269115686416626 -0.07523269206285477 -0.3683817684650421 
v 1.829298734664917 -0.07892022281885147 -0.3638245165348053 
v 0.926528811454773 0.043281394988298416 -0.18912985920906067 
v 0.9202355146408081 0.04761023819446564 -0.18305352330207825 
v 1.8269115686416626 -0.07523269206285477 -0.3683817684650421 
v 1.8366771936416626 -0.07276365160942078 -0.3653436005115509 
v 1.8269115686416626 -0.07523269206285477 -0.3683817684650421 
v 1.829298734664917 -0.07892022281885147 -0.3638245165348053 
v 0.926528811454773 0.043281394988298416 -0.18912985920906067 
v 0.9260948300361633 0.04017104208469391 -0.18413858115673065 
v -0.6719815731048584 0.043281394988298416 0.6652463674545288 
v -0.6635180711746216 0.04761023819446564 0.663510262966156 
v -0.7835257053375244 0.043281394988298416 0.5293968915939331 
v -0.7800535559654236 0.04761023819446564 0.5211504101753235 
v -0.7835257053375244 0.043281394988298416 0.5293968915939331 
v -0.7852618098258972 0.04017104208469391 0.5246226191520691 
v -0.6719815731048584 0.043281394988298416 0.6652463674545288 
v -0.6676413416862488 0.04017104208469391 0.6676335334777832 
v -1.3212814331054688 -0.07523269206285477 1.3143292665481567 
v -1.3241026401519775 -0.07276365160942078 1.3240947723388672 
v -0.6719815731048584 0.043281394988298416 0.6652463674545288 
v -0.6635180711746216 0.04761023819446564 0.663510262966156 
v -0.6719815731048584 0.043281394988298416 0.6652463674545288 
v -0.6676413416862488 0.04017104208469391 0.6676335334777832 
v -1.3212814331054688 -0.07523269206285477 1.3143292665481567 
v -1.318894386291504 -0.07892022281885147 1.3188865184783936 
v -1.5469739437103271 -0.07523269206285477 1.0393750667572021 
v -1.5569565296173096 -0.07276365160942078 1.0404601097106934 
v -1.3212814331054688 -0.07523269206285477 1.3143292665481567 
v -1.3241026401519775 -0.07276365160942078 1.3240947723388672 
v -1.3212814331054688 -0.07523269206285477 1.3143292665481567 
v -1.318894386291504 -0.07892022281885147 1.3188865184783936 
v -1.5469739437103271 -0.07523269206285477 1.0393750667572021 
v -1.5508801937103271 -0.07892022281885147 1.036336898803711 
v -0.7835257053375244 0.043281394988298416 0.5293968915939331 
v -0.7800535559654236 0.04761023819446564 0.5211504101753235 
v -1.5469739437103271 -0.07523269206285477 1.0393750667572021 
v -1.5569565296173096 -0.07276365160942078 1.0404601097106934 
v -1.5469739437103271 -0.07523269206285477 1.0393750667572021 
v -1.5508801937103271 -0.07892022281885147 1.036336898803711 
v -0.7835257053375244 0.043281394988298416 0.5293968915939331 
v -0.7852618098258972 0.04017104208469391 0.5246226191520691 
v 0.9282649159431458 0.043281394988298416 -0.17979833483695984 
v 0.9202355146408081 0.04761023819446564 -0.18305352330207825 
v 0.945625901222229 0.043281394988298416 -0.004886668175458908 
v 0.9382475018501282 0.04761023819446564 -0.00011240399908274412 
v 0.945625901222229 0.043281394988298416 -0.004886668175458908 
v 0.9443238377571106 0.04017104208469391 -0.00011240399908274412 
v 0.9282649159431458 0.043281394988298416 -0.17979833483695984 
v 0.9260948300361633 0.04017104208469391 -0.18413858115673065 
v 1.8288646936416626 -0.07523269206285477 -0.3588332533836365 
v 1.8366771936416626 -0.07276365160942078 -0.3653436005115509 
v 0.9282649159431458 0.043281394988298416 -0.17979833483695984 
v 0.9202355146408081 0.04761023819446564 -0.18305352330207825 
v 0.9282649159431458 0.043281394988298416 -0.17979833483695984 
v 0.9260948300361633 0.04017104208469391 -0.18413858115673065 
v 1.8288646936416626 -0.07523269206285477 -0.3588332533836365 
v 1.829298734664917 -0.07892022281885147 -0.3638245165348053 
v 1.863586664199829 -0.07523269206285477 -0.004886668175458908 
v 1.8727011680603027 -0.07276365160942078 -0.00011240399908274412 
v 1.8288646936416626 -0.07523269206285477 -0.3588332533836365 
v 1.8366771936416626 -0.07276365160942078 -0.3653436005115509 
v 1.8288646936416626 -0.07523269206285477 -0.3588332533836365 
v 1.829298734664917 -0.07892022281885147 -0.3638245165348053 
v 1.863586664199829 -0.07523269206285477 -0.004886668175458908 
v 1.8653227090835571 -0.07892022281885147 -0.00011240399908274412 
v 0.945625901222229 0.043281394988298416 -0.004886668175458908 
v 0.9382475018501282 0.04761023819446564 -0.00011240399908274412 
v 1.863586664199829 -0.07523269206285477 -0.004886668175458908 
v 1.8727011680603027 -0.07276365160942078 -0.00011240399908274412 
v 1.863586664199829 -0.07523269206285477 -0.004886668175458908 
v 1.8653227090835571 -0.07892022281885147 -0.00011240399908274412 
v 0.945625901222229 0.043281394988298416 -0.004886668175458908 
v 0.9443238377571106 0.04017104208469391 -0.00011240399908274412 
v -0.78895103931427 0.043281394988298416 0.5213674306869507 
v -0.7800535559654236 0.04761023819446564 0.5211504101753235 
v -0.8718495965003967 0.043281394988298416 0.36620384454727173 
v -0.8668583035469055 0.04761023819446564 0.3590424656867981 
v -0.8718495965003967 0.043281394988298416 0.36620384454727173 
v -0.8725006580352783 0.04017104208469391 0.3614296019077301 
v -0.78895103931427 0.043281394988298416 0.5213674306869507 
v -0.7852618098258972 0.04017104208469391 0.5246226191520691 
v -1.5521821975708008 -0.07523269206285477 1.0313456058502197 
v -1.5569565296173096 -0.07276365160942078 1.0404601097106934 
v -0.78895103931427 0.043281394988298416 0.5213674306869507 
v -0.7800535559654236 0.04761023819446564 0.5211504101753235 
v -0.78895103931427 0.043281394988298416 0.5213674306869507 
v -0.7852618098258972 0.04017104208469391 0.5246226191520691 
v -1.5521821975708008 -0.07523269206285477 1.0313456058502197 
v -1.5508801937103271 -0.07892022281885147 1.036336898803711 
v -1.7199325561523438 -0.07523269206285477 0.717546284198761 
v -1.7301321029663086 -0.07276365160942078 0.716678261756897 
v -1.5521821975708008 -0.07523269206285477 1.0313456058502197 
v -1.5569565296173096 -0.07276365160942078 1.0404601097106934 
v -1.5521821975708008 -0.07523269206285477 1.0313456058502197 
v -1.5508801937103271 -0.07892022281885147 1.036336898803711 
v -1.7199325561523438 -0.07523269206285477 0.717546284198761 
v -1.7231876850128174 -0.07892022281885147 0.7138570547103882 
v -0.8718495965003967 0.043281394988298416 0.36620384454727173 
v -0.8668583035469055 0.04761023819446564 0.3590424656867981 
v -1.7199325561523438 -0.07523269206285477 0.717546284198761 
v -1.7301321029663086 -0.07276365160942078 0.716678261756897 
v -1.7199325561523438 -0.07523269206285477 0.717546284198761 
v -1.7231876850128174 -0.07892022281885147 0.7138570547103882 
v -0.8718495965003967 0.043281394988298416 0.36620384454727173 
v -0.8725006580352783 0.04017104208469391 0.3614296019077301 
v 0.945625901222229 0.043281394988298416 0.004878872074186802 
v 0.9382475018501282 0.04761023819446564 -0.00011240399908274412 
v 0.9282649159431458 0.043281394988298416 0.17979054152965546 
v 0.9202355146408081 0.04761023819446564 0.18304572999477386 
v 0.9282649159431458 0.043281394988298416 0.17979054152965546 
v 0.9260948300361633 0.04017104208469391 0.18413078784942627 
v 0.945625901222229 0.043281394988298416 0.004878872074186802 
v 0.9443238377571106 0.04017104208469391 -0.00011240399908274412 
v 1.863586664199829 -0.07523269206285477 0.004878872074186802 
v 1.8727011680603027 -0.07276365160942078 -0.00011240399908274412 
v 0.945625901222229 0.043281394988298416 0.004878872074186802 
v 0.9382475018501282 0.04761023819446564 -0.00011240399908274412 
v 0.945625901222229 0.043281394988298416 0.004878872074186802 
v 0.9443238377571106 0.04017104208469391 -0.00011240399908274412 
v 1.863586664199829 -0.07523269206285477 0.004878872074186802 
v 1.8653227090835571 -0.07892022281885147 -0.00011240399908274412 
v 1.8288646936416626 -0.07523269206285477 0.3588254451751709 
v 1.8366771936416626 -0.07276365160942078 0.3653357923030853 
v 1.863586664199829 -0.07523269206285477 0.004878872074186802 
v 1.8727011680603027 -0.07276365160942078 -0.00011240399908274412 
v 1.863586664199829 -0.07523269206285477 0.004878872074186802 
v 1.8653227090835571 -0.07892022281885147 -0.00011240399908274412 
v 1.8288646936416626 -0.07523269206285477 0.3588254451751709 
v 1.829298734664917 -0.07892022281885147 0.3638167083263397 
v 0.9282649159431458 0.043281394988298416 0.17979054152965546 
v 0.9202355146408081 0.04761023819446564 0.18304572999477386 
v 1.8288646936416626 -0.07523269206285477 0.3588254451751709 
v 1.8366771936416626 -0.07276365160942078 0.3653357923030853 
v 1.8288646936416626 -0.07523269206285477 0.3588254451751709 
v 1.829298734664917 -0.07892022281885147 0.3638167083263397 
v 0.9282649159431458 0.043281394988298416 0.17979054152965546 
v 0.9260948300361633 0.04017104208469391 0.18413078784942627 
v -0.8755388259887695 0.043281394988298416 0.3575233817100525 
v -0.8668583035469055 0.04761023819446564 0.3590424656867981 
v -0.9265366196632385 0.043281394988298416 0.1891220659017563 
v -0.9202432632446289 0.04761023819446564 0.18304572999477386 
v -0.9265366196632385 0.043281394988298416 0.1891220659017563 
v -0.9261025786399841 0.04017104208469391 0.18413078784942627 
v -0.8755388259887695 0.043281394988298416 0.3575233817100525 
v -0.8725006580352783 0.04017104208469391 0.3614296019077301 
v -1.7236217260360718 -0.07523269206285477 0.7088658213615417 
v -1.7301321029663086 -0.07276365160942078 0.716678261756897 
v -0.8755388259887695 0.043281394988298416 0.3575233817100525 
v -0.8668583035469055 0.04761023819446564 0.3590424656867981 
v -0.8755388259887695 0.043281394988298416 0.3575233817100525 
v -0.8725006580352783 0.04017104208469391 0.3614296019077301 
v -1.7236217260360718 -0.07523269206285477 0.7088658213615417 
v -1.7231876850128174 -0.07892022281885147 0.7138570547103882 
v -1.826919436454773 -0.07523269206285477 0.36837396025657654 
v -1.8366849422454834 -0.07276365160942078 0.3653357923030853 
v -1.7236217260360718 -0.07523269206285477 0.7088658213615417 
v -1.7301321029663086 -0.07276365160942078 0.716678261756897 
v -1.7236217260360718 -0.07523269206285477 0.7088658213615417 
v -1.7231876850128174 -0.07892022281885147 0.7138570547103882 
v -1.826919436454773 -0.07523269206285477 0.36837396025657654 
v -1.8293066024780273 -0.07892022281885147 0.3638167083263397 
v -0.9265366196632385 0.043281394988298416 0.1891220659017563 
v -0.9202432632446289 0.04761023819446564 0.18304572999477386 
v -1.826919436454773 -0.07523269206285477 0.36837396025657654 
v -1.8366849422454834 -0.07276365160942078 0.3653357923030853 
v -1.826919436454773 -0.07523269206285477 0.36837396025657654 
v -1.8293066024780273 -0.07892022281885147 0.3638167083263397 
v -0.9265366196632385 0.043281394988298416 0.1891220659017563 
v -0.9261025786399841 0.04017104208469391 0.18413078784942627 
v 0.926528811454773 0.043281394988298416 0.1891220659017563 
v 0.9202355146408081 0.04761023819446564 0.18304572999477386 
v 0.875531017780304 0.043281394988298416 0.3575233817100525 
v 0.8668505549430847 0.04761023819446564 0.3590424656867981 
v 0.875531017780304 0.043281394988298416 0.3575233817100525 
v 0.8724928498268127 0.04017104208469391 0.3614296019077301 
v 0.926528811454773 0.043281394988298416 0.1891220659017563 
v 0.9260948300361633 0.04017104208469391 0.18413078784942627 
v 1.8269115686416626 -0.07523269206285477 0.36837396025657654 
v 1.8366771936416626 -0.07276365160942078 0.3653357923030853 
v 0.926528811454773 0.043281394988298416 0.1891220659017563 
v 0.9202355146408081 0.04761023819446564 0.18304572999477386 
v 0.926528811454773 0.043281394988298416 0.1891220659017563 
v 0.9260948300361633 0.04017104208469391 0.18413078784942627 
v 1.8269115686416626 -0.07523269206285477 0.36837396025657654 
v 1.829298734664917 -0.07892022281885147 0.3638167083263397 
v 1.7236138582229614 -0.07523269206285477 0.7088658213615417 
v 1.7301242351531982 -0.07276365160942078 0.716678261756897 
v 1.8269115686416626 -0.07523269206285477 0.36837396025657654 
v 1.8366771936416626 -0.07276365160942078 0.3653357923030853 
v 1.8269115686416626 -0.07523269206285477 0.36837396025657654 
v 1.829298734664917 -0.07892022281885147 0.3638167083263397 
v 1.7236138582229614 -0.07523269206285477 0.7088658213615417 
v 1.7231799364089966 -0.07892022281885147 0.7138570547103882 
v 0.875531017780304 0.043281394988298416 0.3575233817100525 
v 0.8668505549430847 0.04761023819446564 0.3590424656867981 
v 1.7236138582229614 -0.07523269206285477 0.7088658213615417 
v 1.7301242351531982 -0.07276365160942078 0.716678261756897 
v 1.7236138582229614 -0.07523269206285477 0.7088658213615417 
v 1.7231799364089966 -0.07892022281885147 0.7138570547103882 
v 0.875531017780304 0.043281394988298416 0.3575233817100525 
v 0.8724928498268127 0.04017104208469391 0.3614296019077301 
v -0.9282727241516113 0.043281394988298416 0.17979054152965546 
v -0.9202432632446289 0.04761023819446564 0.18304572999477386 
v -0.9456337094306946 0.043281394988298416 0.004878872074186802 
v -0.938255250453949 0.04761023819446564 -0.00011240399908274412 
v -0.9456337094306946 0.043281394988298416 0.004878872074186802 
v -0.9443315863609314 0.04017104208469391 -0.00011240399908274412 
v -0.9282727241516113 0.043281394988298416 0.17979054152965546 
v -0.9261025786399841 0.04017104208469391 0.18413078784942627 
v -1.828872561454773 -0.07523269206285477 0.3588254451751709 
v -1.8366849422454834 -0.07276365160942078 0.3653357923030853 
v -0.9282727241516113 0.043281394988298416 0.17979054152965546 
v -0.9202432632446289 0.04761023819446564 0.18304572999477386 
v -0.9282727241516113 0.043281394988298416 0.17979054152965546 
v -0.9261025786399841 0.04017104208469391 0.18413078784942627 
v -1.828872561454773 -0.07523269206285477 0.3588254451751709 
v -1.8293066024780273 -0.07892022281885147 0.3638167083263397 
v -1.86359441280365 -0.07523269206285477 0.004878872074186802 
v -1.8727089166641235 -0.07276365160942078 -0.00011240399908274412 
v -1.828872561454773 -0.07523269206285477 0.3588254451751709 
v -1.8366849422454834 -0.07276365160942078 0.3653357923030853 
v -1.828872561454773 -0.07523269206285477 0.3588254451751709 
v -1.8293066024780273 -0.07892022281885147 0.3638167083263397 
v -1.86359441280365 -0.07523269206285477 0.004878872074186802 
v -1.8653305768966675 -0.07892022281885147 -0.00011240399908274412 
v -0.9456337094306946 0.043281394988298416 0.004878872074186802 
v -0.938255250453949 0.04761023819446564 -0.00011240399908274412 
v -1.86359441280365 -0.07523269206285477 0.004878872074186802 
v -1.8727089166641235 -0.07276365160942078 -0.00011240399908274412 
v -1.86359441280365 -0.07523269206285477 0.004878872074186802 
v -1.8653305768966675 -0.07892022281885147 -0.00011240399908274412 
v -0.9456337094306946 0.043281394988298416 0.004878872074186802 
v -0.9443315863609314 0.04017104208469391 -0.00011240399908274412 
v 0.8718417882919312 0.043281394988298416 0.36620384454727173 
v 0.8668505549430847 0.04761023819446564 0.3590424656867981 
v 0.7889432311058044 0.043281394988298416 0.5213674306869507 
v 0.780045747756958 0.04761023819446564 0.5211504101753235 
v 0.7889432311058044 0.043281394988298416 0.5213674306869507 
v 0.7852540016174316 0.04017104208469391 0.5246226191520691 
v 0.8718417882919312 0.043281394988298416 0.36620384454727173 
v 0.8724928498268127 0.04017104208469391 0.3614296019077301 
v 1.7199246883392334 -0.07523269206285477 0.717546284198761 
v 1.7301242351531982 -0.07276365160942078 0.716678261756897 
v 0.8718417882919312 0.043281394988298416 0.36620384454727173 
v 0.8668505549430847 0.04761023819446564 0.3590424656867981 
v 0.8718417882919312 0.043281394988298416 0.36620384454727173 
v 0.8724928498268127 0.04017104208469391 0.3614296019077301 
v 1.7199246883392334 -0.07523269206285477 0.717546284198761 
v 1.7231799364089966 -0.07892022281885147 0.7138570547103882 
v 1.55217444896698 -0.07523269206285477 1.0313456058502197 
v 1.5569486618041992 -0.07276365160942078 1.0404601097106934 
v 1.7199246883392334 -0.07523269206285477 0.717546284198761 
v 1.7301242351531982 -0.07276365160942078 0.716678261756897 
v 1.7199246883392334 -0.07523269206285477 0.717546284198761 
v 1.7231799364089966 -0.07892022281885147 0.7138570547103882 
v 1.55217444896698 -0.07523269206285477 1.0313456058502197 
v 1.5508723258972168 -0.07892022281885147 1.036336898803711 
v 0.7889432311058044 0.043281394988298416 0.5213674306869507 
v 0.780045747756958 0.04761023819446564 0.5211504101753235 
v 1.55217444896698 -0.07523269206285477 1.0313456058502197 
v 1.5569486618041992 -0.07276365160942078 1.0404601097106934 
v 1.55217444896698 -0.07523269206285477 1.0313456058502197 
v 1.5508723258972168 -0.07892022281885147 1.036336898803711 
v 0.7889432311058044 0.043281394988298416 0.5213674306869507 
v 0.7852540016174316 0.04017104208469391 0.5246226191520691 
v -0.9456337094306946 0.043281394988298416 -0.004886668175458908 
v -0.938255250453949 0.04761023819446564 -0.00011240399908274412 
v -0.9282727241516113 0.043281394988298416 -0.17979833483695984 
v -0.9202432632446289 0.04761023819446564 -0.18305352330207825 
v -0.9282727241516113 0.043281394988298416 -0.17979833483695984 
v -0.9261025786399841 0.04017104208469391 -0.18413858115673065 
v -0.9456337094306946 0.043281394988298416 -0.004886668175458908 
v -0.9443315863609314 0.04017104208469391 -0.00011240399908274412 
v -1.86359441280365 -0.07523269206285477 -0.004886668175458908 
v -1.8727089166641235 -0.07276365160942078 -0.00011240399908274412 
v -0.9456337094306946 0.043281394988298416 -0.004886668175458908 
v -0.938255250453949 0.04761023819446564 -0.00011240399908274412 
v -0.9456337094306946 0.043281394988298416 -0.004886668175458908 
v -0.9443315863609314 0.04017104208469391 -0.00011240399908274412 
v -1.86359441280365 -0.07523269206285477 -0.004886668175458908 
v -1.8653305768966675 -0.07892022281885147 -0.00011240399908274412 
v -1.828872561454773 -0.07523269206285477 -0.3588332533836365 
v -1.8366849422454834 -0.07276365160942078 -0.3653436005115509 
v -1.86359441280365 -0.07523269206285477 -0.004886668175458908 
v -1.8727089166641235 -0.07276365160942078 -0.00011240399908274412 
v -1.86359441280365 -0.07523269206285477 -0.004886668175458908 
v -1.8653305768966675 -0.07892022281885147 -0.00011240399908274412 
v -1.828872561454773 -0.07523269206285477 -0.3588332533836365 
v -1.8293066024780273 -0.07892022281885147 -0.3638245165348053 
v -0.9282727241516113 0.043281394988298416 -0.17979833483695984 
v -0.9202432632446289 0.04761023819446564 -0.18305352330207825 
v -1.828872561454773 -0.07523269206285477 -0.3588332533836365 
v -1.8366849422454834 -0.07276365160942078 -0.3653436005115509 
v -1.828872561454773 -0.07523269206285477 -0.3588332533836365 
v -1.8293066024780273 -0.07892022281885147 -0.3638245165348053 
v -0.9282727241516113 0.043281394988298416 -0.17979833483695984 
v -0.9261025786399841 0.04017104208469391 -0.18413858115673065 
v 0.7835179567337036 0.043281394988298416 0.5293968915939331 
v 0.780045747756958 0.04761023819446564 0.5211504101753235 
v 0.6719737648963928 0.043281394988298416 0.6652463674545288 
v 0.663510262966156 0.04761023819446564 0.663510262966156 
v 0.6719737648963928 0.043281394988298416 0.6652463674545288 
v 0.6676335334777832 0.04017104208469391 0.6676335334777832 
v 0.7835179567337036 0.043281394988298416 0.5293968915939331 
v 0.7852540016174316 0.04017104208469391 0.5246226191520691 
v 1.5469661951065063 -0.07523269206285477 1.0393750667572021 
v 1.5569486618041992 -0.07276365160942078 1.0404601097106934 
v 0.7835179567337036 0.043281394988298416 0.5293968915939331 
v 0.780045747756958 0.04761023819446564 0.5211504101753235 
v 0.7835179567337036 0.043281394988298416 0.5293968915939331 
v 0.7852540016174316 0.04017104208469391 0.5246226191520691 
v 1.5469661951065063 -0.07523269206285477 1.0393750667572021 
v 1.5508723258972168 -0.07892022281885147 1.036336898803711 
v 1.321273684501648 -0.07523269206285477 1.3143292665481567 
v 1.3240947723388672 -0.07276365160942078 1.3240947723388672 
v 1.5469661951065063 -0.07523269206285477 1.0393750667572021 
v 1.5569486618041992 -0.07276365160942078 1.0404601097106934 
v 1.5469661951065063 -0.07523269206285477 1.0393750667572021 
v 1.5508723258972168 -0.07892022281885147 1.036336898803711 
v 1.321273684501648 -0.07523269206285477 1.3143292665481567 
v 1.3188865184783936 -0.07892022281885147 1.3188865184783936 
v 0.6719737648963928 0.043281394988298416 0.6652463674545288 
v 0.663510262966156 0.04761023819446564 0.663510262966156 
v 1.321273684501648 -0.07523269206285477 1.3143292665481567 
v 1.3240947723388672 -0.07276365160942078 1.3240947723388672 
v 1.321273684501648 -0.07523269206285477 1.3143292665481567 
v 1.3188865184783936 -0.07892022281885147 1.3188865184783936 
v 0.6719737648963928 0.043281394988298416 0.6652463674545288 
v 0.6676335334777832 0.04017104208469391 0.6676335334777832 
v -0.9265366196632385 0.043281394988298416 -0.18912985920906067 
v -0.9202432632446289 0.04761023819446564 -0.18305352330207825 
v -0.8755388259887695 0.043281394988298416 -0.3575311601161957 
v -0.8668583035469055 0.04761023819446564 -0.3590502440929413 
v -0.8755388259887695 0.043281394988298416 -0.3575311601161957 
v -0.8725006580352783 0.04017104208469391 -0.3614373803138733 
v -0.9265366196632385 0.043281394988298416 -0.18912985920906067 
v -0.9261025786399841 0.04017104208469391 -0.18413858115673065 
v -1.826919436454773 -0.07523269206285477 -0.3683817684650421 
v -1.8366849422454834 -0.07276365160942078 -0.3653436005115509 
v -0.9265366196632385 0.043281394988298416 -0.18912985920906067 
v -0.9202432632446289 0.04761023819446564 -0.18305352330207825 
v -0.9265366196632385 0.043281394988298416 -0.18912985920906067 
v -0.9261025786399841 0.04017104208469391 -0.18413858115673065 
v -1.826919436454773 -0.07523269206285477 -0.3683817684650421 
v -1.8293066024780273 -0.07892022281885147 -0.3638245165348053 
v -1.7236217260360718 -0.07523269206285477 -0.7088735699653625 
v -1.7301321029663086 -0.07276365160942078 -0.7166860103607178 
v -1.826919436454773 -0.07523269206285477 -0.3683817684650421 
v -1.8366849422454834 -0.07276365160942078 -0.3653436005115509 
v -1.826919436454773 -0.07523269206285477 -0.3683817684650421 
v -1.8293066024780273 -0.07892022281885147 -0.3638245165348053 
v -1.7236217260360718 -0.07523269206285477 -0.7088735699653625 
v -1.7231876850128174 -0.07892022281885147 -0.7138648629188538 
v -0.8755388259887695 0.043281394988298416 -0.3575311601161957 
v -0.8668583035469055 0.04761023819446564 -0.3590502440929413 
v -1.7236217260360718 -0.07523269206285477 -0.7088735699653625 
v -1.7301321029663086 -0.07276365160942078 -0.7166860103607178 
v -1.7236217260360718 -0.07523269206285477 -0.7088735699653625 
v -1.7231876850128174 -0.07892022281885147 -0.7138648629188538 
v -0.8755388259887695 0.043281394988298416 -0.3575311601161957 
v -0.8725006580352783 0.04017104208469391 -0.3614373803138733 
v 0.6652463674545288 0.043281394988298416 0.6719737648963928 
v 0.663510262966156 0.04761023819446564 0.663510262966156 
v 0.5293968915939331 0.043281394988298416 0.7835179567337036 
v 0.5211504101753235 0.04761023819446564 0.780045747756958 
v 0.5293968915939331 0.043281394988298416 0.7835179567337036 
v 0.5246226191520691 0.04017104208469391 0.7852540016174316 
v 0.6652463674545288 0.043281394988298416 0.6719737648963928 
v 0.6676335334777832 0.04017104208469391 0.6676335334777832 
v 1.3143292665481567 -0.07523269206285477 1.321273684501648 
v 1.3240947723388672 -0.07276365160942078 1.3240947723388672 
v 0.6652463674545288 0.043281394988298416 0.6719737648963928 
v 0.663510262966156 0.04761023819446564 0.663510262966156 
v 0.6652463674545288 0.043281394988298416 0.6719737648963928 
v 0.6676335334777832 0.04017104208469391 0.6676335334777832 
v 1.3143292665481567 -0.07523269206285477 1.321273684501648 
v 1.3188865184783936 -0.07892022281885147 1.3188865184783936 
v 1.0393750667572021 -0.07523269206285477 1.5469661951065063 
v 1.0404601097106934 -0.07276365160942078 1.5569486618041992 
v 1.3143292665481567 -0.07523269206285477 1.321273684501648 
v 1.3240947723388672 -0.07276365160942078 1.3240947723388672 
v 1.3143292665481567 -0.07523269206285477 1.321273684501648 
v 1.3188865184783936 -0.07892022281885147 1.3188865184783936 
v 1.0393750667572021 -0.07523269206285477 1.5469661951065063 
v 1.036336898803711 -0.07892022281885147 1.5508723258972168 
v 0.5293968915939331 0.043281394988298416 0.7835179567337036 
v 0.5211504101753235 0.04761023819446564 0.780045747756958 
v 1.0393750667572021 -0.07523269206285477 1.5469661951065063 
v 1.0404601097106934 -0.07276365160942078 1.5569486618041992 
v 1.0393750667572021 -0.07523269206285477 1.5469661951065063 
v 1.036336898803711 -0.07892022281885147 1.5508723258972168 
v 0.5293968915939331 0.043281394988298416 0.7835179567337036 
v 0.5246226191520691 0.04017104208469391 0.7852540016174316 
v -0.8718495965003967 0.043281394988298416 -0.3662116527557373 
v -0.8668583035469055 0.04761023819446564 -0.3590502440929413 
v -0.78895103931427 0.043281394988298416 -0.5213752388954163 
v -0.7800535559654236 0.04761023819446564 -0.5211582183837891 
v -0.78895103931427 0.043281394988298416 -0.5213752388954163 
v -0.7852618098258972 0.04017104208469391 -0.5246304273605347 
v -0.8718495965003967 0.043281394988298416 -0.3662116527557373 
v -0.8725006580352783 0.04017104208469391 -0.3614373803138733 
v -1.7199325561523438 -0.07523269206285477 -0.7175540924072266 
v -1.7301321029663086 -0.07276365160942078 -0.7166860103607178 
v -0.8718495965003967 0.043281394988298416 -0.3662116527557373 
v -0.8668583035469055 0.04761023819446564 -0.3590502440929413 
v -0.8718495965003967 0.043281394988298416 -0.3662116527557373 
v -0.8725006580352783 0.04017104208469391 -0.3614373803138733 
v -1.7199325561523438 -0.07523269206285477 -0.7175540924072266 
v -1.7231876850128174 -0.07892022281885147 -0.7138648629188538 
v -1.5521821975708008 -0.07523269206285477 -1.03135347366333 
v -1.5569565296173096 -0.07276365160942078 -1.0404679775238037 
v -1.7199325561523438 -0.07523269206285477 -0.7175540924072266 
v -1.7301321029663086 -0.07276365160942078 -0.7166860103607178 
v -1.7199325561523438 -0.07523269206285477 -0.7175540924072266 
v -1.7231876850128174 -0.07892022281885147 -0.7138648629188538 
v -1.5521821975708008 -0.07523269206285477 -1.03135347366333 
v -1.5508801937103271 -0.07892022281885147 -1.0363446474075317 
v -0.78895103931427 0.043281394988298416 -0.5213752388954163 
v -0.7800535559654236 0.04761023819446564 -0.5211582183837891 
v -1.5521821975708008 -0.07523269206285477 -1.03135347366333 
v -1.5569565296173096 -0.07276365160942078 -1.0404679775238037 
v -1.5521821975708008 -0.07523269206285477 -1.03135347366333 
v -1.5508801937103271 -0.07892022281885147 -1.0363446474075317 
v -0.78895103931427 0.043281394988298416 -0.5213752388954163 
v -0.7852618098258972 0.04017104208469391 -0.5246304273605347 
v 0.5213674306869507 0.043281394988298416 0.7889432311058044 
v 0.5211504101753235 0.04761023819446564 0.780045747756958 
v 0.36620384454727173 0.043281394988298416 0.8718417882919312 
v 0.3590424656867981 0.04761023819446564 0.8668505549430847 
v 0.36620384454727173 0.043281394988298416 0.8718417882919312 
v 0.3614296019077301 0.04017104208469391 0.8724928498268127 
v 0.5213674306869507 0.043281394988298416 0.7889432311058044 
v 0.5246226191520691 0.04017104208469391 0.7852540016174316 
v 1.0313456058502197 -0.07523269206285477 1.55217444896698 
v 1.0404601097106934 -0.07276365160942078 1.5569486618041992 
v 0.5213674306869507 0.043281394988298416 0.7889432311058044 
v 0.5211504101753235 0.04761023819446564 0.780045747756958 
v 0.5213674306869507 0.043281394988298416 0.7889432311058044 
v 0.5246226191520691 0.04017104208469391 0.7852540016174316 
v 1.0313456058502197 -0.07523269206285477 1.55217444896698 
v 1.036336898803711 -0.07892022281885147 1.5508723258972168 
v 0.717546284198761 -0.07523269206285477 1.7199246883392334 
v 0.716678261756897 -0.07276365160942078 1.7301242351531982 
v 1.0313456058502197 -0.07523269206285477 1.55217444896698 
v 1.0404601097106934 -0.07276365160942078 1.5569486618041992 
v 1.0313456058502197 -0.07523269206285477 1.55217444896698 
v 1.036336898803711 -0.07892022281885147 1.5508723258972168 
v 0.717546284198761 -0.07523269206285477 1.7199246883392334 
v 0.7138570547103882 -0.07892022281885147 1.7231799364089966 
v 0.36620384454727173 0.043281394988298416 0.8718417882919312 
v 0.3590424656867981 0.04761023819446564 0.8668505549430847 
v 0.717546284198761 -0.07523269206285477 1.7199246883392334 
v 0.716678261756897 -0.07276365160942078 1.7301242351531982 
v 0.717546284198761 -0.07523269206285477 1.7199246883392334 
v 0.7138570547103882 -0.07892022281885147 1.7231799364089966 
v 0.36620384454727173 0.043281394988298416 0.8718417882919312 
v 0.3614296019077301 0.04017104208469391 0.8724928498268127 
v 0.004878872074186802 0.043281394988298416 -0.9456337094306946 
v 0.00010460799967404455 0.04761023819446564 -0.938255250453949 
v 0.17979054152965546 0.043281394988298416 -0.9282727241516113 
v 0.18304572999477386 0.04761023819446564 -0.9202432632446289 
v 0.17979054152965546 0.043281394988298416 -0.9282727241516113 
v 0.18413078784942627 0.04017104208469391 -0.9261025786399841 
v 0.004878872074186802 0.043281394988298416 -0.9456337094306946 
v 0.00010460799967404455 0.04017104208469391 -0.9443315863609314 
v 0.004878872074186802 -0.07523269206285477 -1.86359441280365 
v 0.00010460799967404455 -0.07276365160942078 -1.8727089166641235 
v 0.004878872074186802 0.043281394988298416 -0.9456337094306946 
v 0.00010460799967404455 0.04761023819446564 -0.938255250453949 
v 0.004878872074186802 0.043281394988298416 -0.9456337094306946 
v 0.00010460799967404455 0.04017104208469391 -0.9443315863609314 
v 0.004878872074186802 -0.07523269206285477 -1.86359441280365 
v 0.00010460799967404455 -0.07892022281885147 -1.8653305768966675 
v 0.3588254451751709 -0.07523269206285477 -1.828872561454773 
v 0.3653357923030853 -0.07276365160942078 -1.8366849422454834 
v 0.004878872074186802 -0.07523269206285477 -1.86359441280365 
v 0.00010460799967404455 -0.07276365160942078 -1.8727089166641235 
v 0.004878872074186802 -0.07523269206285477 -1.86359441280365 
v 0.00010460799967404455 -0.07892022281885147 -1.8653305768966675 
v 0.3588254451751709 -0.07523269206285477 -1.828872561454773 
v 0.3638167083263397 -0.07892022281885147 -1.8293066024780273 
v 0.17979054152965546 0.043281394988298416 -0.9282727241516113 
v 0.18304572999477386 0.04761023819446564 -0.9202432632446289 
v 0.3588254451751709 -0.07523269206285477 -1.828872561454773 
v 0.3653357923030853 -0.07276365160942078 -1.8366849422454834 
v 0.3588254451751709 -0.07523269206285477 -1.828872561454773 
v 0.3638167083263397 -0.07892022281885147 -1.8293066024780273 
v 0.17979054152965546 0.043281394988298416 -0.9282727241516113 
v 0.18413078784942627 0.04017104208469391 -0.9261025786399841 
v -0.7835257053375244 0.043281394988298416 -0.5294046998023987 
v -0.7800535559654236 0.04761023819446564 -0.5211582183837891 
v -0.6719815731048584 0.043281394988298416 -0.6652541756629944 
v -0.6635180711746216 0.04761023819446564 -0.6635180711746216 
v -0.6719815731048584 0.043281394988298416 -0.6652541756629944 
v -0.6676413416862488 0.04017104208469391 -0.6676413416862488 
v -0.7835257053375244 0.043281394988298416 -0.5294046998023987 
v -0.7852618098258972 0.04017104208469391 -0.5246304273605347 
v -1.5469739437103271 -0.07523269206285477 -1.039382815361023 
v -1.5569565296173096 -0.07276365160942078 -1.0404679775238037 
v -0.7835257053375244 0.043281394988298416 -0.5294046998023987 
v -0.7800535559654236 0.04761023819446564 -0.5211582183837891 
v -0.7835257053375244 0.043281394988298416 -0.5294046998023987 
v -0.7852618098258972 0.04017104208469391 -0.5246304273605347 
v -1.5469739437103271 -0.07523269206285477 -1.039382815361023 
v -1.5508801937103271 -0.07892022281885147 -1.0363446474075317 
v -1.3212814331054688 -0.07523269206285477 -1.314337134361267 
v -1.3241026401519775 -0.07276365160942078 -1.3241026401519775 
v -1.5469739437103271 -0.07523269206285477 -1.039382815361023 
v -1.5569565296173096 -0.07276365160942078 -1.0404679775238037 
v -1.5469739437103271 -0.07523269206285477 -1.039382815361023 
v -1.5508801937103271 -0.07892022281885147 -1.0363446474075317 
v -1.3212814331054688 -0.07523269206285477 -1.314337134361267 
v -1.318894386291504 -0.07892022281885147 -1.318894386291504 
v -0.6719815731048584 0.043281394988298416 -0.6652541756629944 
v -0.6635180711746216 0.04761023819446564 -0.6635180711746216 
v -1.3212814331054688 -0.07523269206285477 -1.314337134361267 
v -1.3241026401519775 -0.07276365160942078 -1.3241026401519775 
v -1.3212814331054688 -0.07523269206285477 -1.314337134361267 
v -1.318894386291504 -0.07892022281885147 -1.318894386291504 
v -0.6719815731048584 0.043281394988298416 -0.6652541756629944 
v -0.6676413416862488 0.04017104208469391 -0.6676413416862488 
v 0.3575233817100525 0.043281394988298416 0.875531017780304 
v 0.3590424656867981 0.04761023819446564 0.8668505549430847 
v 0.1891220659017563 0.043281394988298416 0.926528811454773 
v 0.18304572999477386 0.04761023819446564 0.9202355146408081 
v 0.1891220659017563 0.043281394988298416 0.926528811454773 
v 0.18413078784942627 0.04017104208469391 0.9260948300361633 
v 0.3575233817100525 0.043281394988298416 0.875531017780304 
v 0.3614296019077301 0.04017104208469391 0.8724928498268127 
v 0.7088658213615417 -0.07523269206285477 1.7236138582229614 
v 0.716678261756897 -0.07276365160942078 1.7301242351531982 
v 0.3575233817100525 0.043281394988298416 0.875531017780304 
v 0.3590424656867981 0.04761023819446564 0.8668505549430847 
v 0.3575233817100525 0.043281394988298416 0.875531017780304 
v 0.3614296019077301 0.04017104208469391 0.8724928498268127 
v 0.7088658213615417 -0.07523269206285477 1.7236138582229614 
v 0.7138570547103882 -0.07892022281885147 1.7231799364089966 
v 0.36837396025657654 -0.07523269206285477 1.8269115686416626 
v 0.3653357923030853 -0.07276365160942078 1.8366771936416626 
v 0.7088658213615417 -0.07523269206285477 1.7236138582229614 
v 0.716678261756897 -0.07276365160942078 1.7301242351531982 
v 0.7088658213615417 -0.07523269206285477 1.7236138582229614 
v 0.7138570547103882 -0.07892022281885147 1.7231799364089966 
v 0.36837396025657654 -0.07523269206285477 1.8269115686416626 
v 0.3638167083263397 -0.07892022281885147 1.829298734664917 
v 0.1891220659017563 0.043281394988298416 0.926528811454773 
v 0.18304572999477386 0.04761023819446564 0.9202355146408081 
v 0.36837396025657654 -0.07523269206285477 1.8269115686416626 
v 0.3653357923030853 -0.07276365160942078 1.8366771936416626 
v 0.36837396025657654 -0.07523269206285477 1.8269115686416626 
v 0.3638167083263397 -0.07892022281885147 1.829298734664917 
v 0.1891220659017563 0.043281394988298416 0.926528811454773 
v 0.18413078784942627 0.04017104208469391 0.9260948300361633 
v 0.1891220659017563 0.043281394988298416 -0.9265366196632385 
v 0.18304572999477386 0.04761023819446564 -0.9202432632446289 
v 0.3575233817100525 0.043281394988298416 -0.8755388259887695 
v 0.3590424656867981 0.04761023819446564 -0.8668583035469055 
v 0.3575233817100525 0.043281394988298416 -0.8755388259887695 
v 0.3614296019077301 0.04017104208469391 -0.8725006580352783 
v 0.1891220659017563 0.043281394988298416 -0.9265366196632385 
v 0.18413078784942627 0.04017104208469391 -0.9261025786399841 
v 0.36837396025657654 -0.07523269206285477 -1.826919436454773 
v 0.3653357923030853 -0.07276365160942078 -1.8366849422454834 
v 0.1891220659017563 0.043281394988298416 -0.9265366196632385 
v 0.18304572999477386 0.04761023819446564 -0.9202432632446289 
v 0.1891220659017563 0.043281394988298416 -0.9265366196632385 
v 0.18413078784942627 0.04017104208469391 -0.9261025786399841 
v 0.36837396025657654 -0.07523269206285477 -1.826919436454773 
v 0.3638167083263397 -0.07892022281885147 -1.8293066024780273 
v 0.7088658213615417 -0.07523269206285477 -1.7236217260360718 
v 0.716678261756897 -0.07276365160942078 -1.7301321029663086 
v 0.36837396025657654 -0.07523269206285477 -1.826919436454773 
v 0.3653357923030853 -0.07276365160942078 -1.8366849422454834 
v 0.36837396025657654 -0.07523269206285477 -1.826919436454773 
v 0.3638167083263397 -0.07892022281885147 -1.8293066024780273 
v 0.7088658213615417 -0.07523269206285477 -1.7236217260360718 
v 0.7138570547103882 -0.07892022281885147 -1.7231876850128174 
v 0.3575233817100525 0.043281394988298416 -0.8755388259887695 
v 0.3590424656867981 0.04761023819446564 -0.8668583035469055 
v 0.7088658213615417 -0.07523269206285477 -1.7236217260360718 
v 0.716678261756897 -0.07276365160942078 -1.7301321029663086 
v 0.7088658213615417 -0.07523269206285477 -1.7236217260360718 
v 0.7138570547103882 -0.07892022281885147 -1.7231876850128174 
v 0.3575233817100525 0.043281394988298416 -0.8755388259887695 
v 0.3614296019077301 0.04017104208469391 -0.8725006580352783 
v -0.6652541756629944 0.043281394988298416 -0.6719815731048584 
v -0.6635180711746216 0.04761023819446564 -0.6635180711746216 
v -0.5294046998023987 0.043281394988298416 -0.7835257053375244 
v -0.5211582183837891 0.04761023819446564 -0.7800535559654236 
v -0.5294046998023987 0.043281394988298416 -0.7835257053375244 
v -0.5246304273605347 0.04017104208469391 -0.7852618098258972 
v -0.6652541756629944 0.043281394988298416 -0.6719815731048584 
v -0.6676413416862488 0.04017104208469391 -0.6676413416862488 
v -1.314337134361267 -0.07523269206285477 -1.3212814331054688 
v -1.3241026401519775 -0.07276365160942078 -1.3241026401519775 
v -0.6652541756629944 0.043281394988298416 -0.6719815731048584 
v -0.6635180711746216 0.04761023819446564 -0.6635180711746216 
v -0.6652541756629944 0.043281394988298416 -0.6719815731048584 
v -0.6676413416862488 0.04017104208469391 -0.6676413416862488 
v -1.314337134361267 -0.07523269206285477 -1.3212814331054688 
v -1.318894386291504 -0.07892022281885147 -1.318894386291504 
v -1.039382815361023 -0.07523269206285477 -1.5469739437103271 
v -1.0404679775238037 -0.07276365160942078 -1.5569565296173096 
v -1.314337134361267 -0.07523269206285477 -1.3212814331054688 
v -1.3241026401519775 -0.07276365160942078 -1.3241026401519775 
v -1.314337134361267 -0.07523269206285477 -1.3212814331054688 
v -1.318894386291504 -0.07892022281885147 -1.318894386291504 
v -1.039382815361023 -0.07523269206285477 -1.5469739437103271 
v -1.0363446474075317 -0.07892022281885147 -1.5508801937103271 
v -0.5294046998023987 0.043281394988298416 -0.7835257053375244 
v -0.5211582183837891 0.04761023819446564 -0.7800535559654236 
v -1.039382815361023 -0.07523269206285477 -1.5469739437103271 
v -1.0404679775238037 -0.07276365160942078 -1.5569565296173096 
v -1.039382815361023 -0.07523269206285477 -1.5469739437103271 
v -1.0363446474075317 -0.07892022281885147 -1.5508801937103271 
v -0.5294046998023987 0.043281394988298416 -0.7835257053375244 
v -0.5246304273605347 0.04017104208469391 -0.7852618098258972 
v 0.17979054152965546 0.043281394988298416 0.9282649159431458 
v 0.18304572999477386 0.04761023819446564 0.9202355146408081 
v 0.004878872074186802 0.043281394988298416 0.945625901222229 
v 0.00010460799967404455 0.04761023819446564 0.9382475018501282 
v 0.004878872074186802 0.043281394988298416 0.945625901222229 
v 0.00010460799967404455 0.04017104208469391 0.9443238377571106 
v 0.17979054152965546 0.043281394988298416 0.9282649159431458 
v 0.18413078784942627 0.04017104208469391 0.9260948300361633 
v 0.3588254451751709 -0.07523269206285477 1.8288646936416626 
v 0.3653357923030853 -0.07276365160942078 1.8366771936416626 
v 0.17979054152965546 0.043281394988298416 0.9282649159431458 
v 0.18304572999477386 0.04761023819446564 0.9202355146408081 
v 0.17979054152965546 0.043281394988298416 0.9282649159431458 
v 0.18413078784942627 0.04017104208469391 0.9260948300361633 
v 0.3588254451751709 -0.07523269206285477 1.8288646936416626 
v 0.3638167083263397 -0.07892022281885147 1.829298734664917 
v 0.004878872074186802 -0.07523269206285477 1.863586664199829 
v 0.00010460799967404455 -0.07276365160942078 1.8727011680603027 
v 0.3588254451751709 -0.07523269206285477 1.8288646936416626 
v 0.3653357923030853 -0.07276365160942078 1.8366771936416626 
v 0.3588254451751709 -0.07523269206285477 1.8288646936416626 
v 0.3638167083263397 -0.07892022281885147 1.829298734664917 
v 0.004878872074186802 -0.07523269206285477 1.863586664199829 
v 0.00010460799967404455 -0.07892022281885147 1.8653227090835571 
v 0.004878872074186802 0.043281394988298416 0.945625901222229 
v 0.00010460799967404455 0.04761023819446564 0.9382475018501282 
v 0.004878872074186802 -0.07523269206285477 1.863586664199829 
v 0.00010460799967404455 -0.07276365160942078 1.8727011680603027 
v 0.004878872074186802 -0.07523269206285477 1.863586664199829 
v 0.00010460799967404455 -0.07892022281885147 1.8653227090835571 
v 0.004878872074186802 0.043281394988298416 0.945625901222229 
v 0.00010460799967404455 0.04017104208469391 0.9443238377571106 
v 0.36620384454727173 0.043281394988298416 -0.8718495965003967 
v 0.3590424656867981 0.04761023819446564 -0.8668583035469055 
v 0.5213674306869507 0.043281394988298416 -0.78895103931427 
v 0.5211504101753235 0.04761023819446564 -0.7800535559654236 
v 0.5213674306869507 0.043281394988298416 -0.78895103931427 
v 0.5246226191520691 0.04017104208469391 -0.7852618098258972 
v 0.36620384454727173 0.043281394988298416 -0.8718495965003967 
v 0.3614296019077301 0.04017104208469391 -0.8725006580352783 
v 0.717546284198761 -0.07523269206285477 -1.7199325561523438 
v 0.716678261756897 -0.07276365160942078 -1.7301321029663086 
v 0.36620384454727173 0.043281394988298416 -0.8718495965003967 
v 0.3590424656867981 0.04761023819446564 -0.8668583035469055 
v 0.36620384454727173 0.043281394988298416 -0.8718495965003967 
v 0.3614296019077301 0.04017104208469391 -0.8725006580352783 
v 0.717546284198761 -0.07523269206285477 -1.7199325561523438 
v 0.7138570547103882 -0.07892022281885147 -1.7231876850128174 
v 1.0313456058502197 -0.07523269206285477 -1.5521821975708008 
v 1.0404601097106934 -0.07276365160942078 -1.5569565296173096 
v 0.717546284198761 -0.07523269206285477 -1.7199325561523438 
v 0.716678261756897 -0.07276365160942078 -1.7301321029663086 
v 0.717546284198761 -0.07523269206285477 -1.7199325561523438 
v 0.7138570547103882 -0.07892022281885147 -1.7231876850128174 
v 1.0313456058502197 -0.07523269206285477 -1.5521821975708008 
v 1.036336898803711 -0.07892022281885147 -1.5508801937103271 
v 0.5213674306869507 0.043281394988298416 -0.78895103931427 
v 0.5211504101753235 0.04761023819446564 -0.7800535559654236 
v 1.0313456058502197 -0.07523269206285477 -1.5521821975708008 
v 1.0404601097106934 -0.07276365160942078 -1.5569565296173096 
v 1.0313456058502197 -0.07523269206285477 -1.5521821975708008 
v 1.036336898803711 -0.07892022281885147 -1.5508801937103271 
v 0.5213674306869507 0.043281394988298416 -0.78895103931427 
v 0.5246226191520691 0.04017104208469391 -0.7852618098258972 
v -0.5213752388954163 0.043281394988298416 -0.78895103931427 
v -0.5211582183837891 0.04761023819446564 -0.7800535559654236 
v -0.3662116527557373 0.043281394988298416 -0.8718495965003967 
v -0.3590502440929413 0.04761023819446564 -0.8668583035469055 
v -0.3662116527557373 0.043281394988298416 -0.8718495965003967 
v -0.3614373803138733 0.04017104208469391 -0.8725006580352783 
v -0.5213752388954163 0.043281394988298416 -0.78895103931427 
v -0.5246304273605347 0.04017104208469391 -0.7852618098258972 
v -1.03135347366333 -0.07523269206285477 -1.5521821975708008 
v -1.0404679775238037 -0.07276365160942078 -1.5569565296173096 
v -0.5213752388954163 0.043281394988298416 -0.78895103931427 
v -0.5211582183837891 0.04761023819446564 -0.7800535559654236 
v -0.5213752388954163 0.043281394988298416 -0.78895103931427 
v -0.5246304273605347 0.04017104208469391 -0.7852618098258972 
v -1.03135347366333 -0.07523269206285477 -1.5521821975708008 
v -1.0363446474075317 -0.07892022281885147 -1.5508801937103271 
v -0.7175540924072266 -0.07523269206285477 -1.7199325561523438 
v -0.7166860103607178 -0.07276365160942078 -1.7301321029663086 
v -1.03135347366333 -0.07523269206285477 -1.5521821975708008 
v -1.0404679775238037 -0.07276365160942078 -1.5569565296173096 
v -1.03135347366333 -0.07523269206285477 -1.5521821975708008 
v -1.0363446474075317 -0.07892022281885147 -1.5508801937103271 
v -0.7175540924072266 -0.07523269206285477 -1.7199325561523438 
v -0.7138648629188538 -0.07892022281885147 -1.7231876850128174 
v -0.3662116527557373 0.043281394988298416 -0.8718495965003967 
v -0.3590502440929413 0.04761023819446564 -0.8668583035469055 
v -0.7175540924072266 -0.07523269206285477 -1.7199325561523438 
v -0.7166860103607178 -0.07276365160942078 -1.7301321029663086 
v -0.7175540924072266 -0.07523269206285477 -1.7199325561523438 
v -0.7138648629188538 -0.07892022281885147 -1.7231876850128174 
v -0.3662116527557373 0.043281394988298416 -0.8718495965003967 
v -0.3614373803138733 0.04017104208469391 -0.8725006580352783 
v -0.004886668175458908 0.043281394988298416 0.945625901222229 
v 0.00010460799967404455 0.04761023819446564 0.9382475018501282 
v -0.17979833483695984 0.043281394988298416 0.9282649159431458 
v -0.18305352330207825 0.04761023819446564 0.9202355146408081 
v -0.17979833483695984 0.043281394988298416 0.9282649159431458 
v -0.18413858115673065 0.04017104208469391 0.9260948300361633 
v -0.004886668175458908 0.043281394988298416 0.945625901222229 
v 0.00010460799967404455 0.04017104208469391 0.9443238377571106 
v -0.004886668175458908 -0.07523269206285477 1.863586664199829 
v 0.00010460799967404455 -0.07276365160942078 1.8727011680603027 
v -0.004886668175458908 0.043281394988298416 0.945625901222229 
v 0.00010460799967404455 0.04761023819446564 0.9382475018501282 
v -0.004886668175458908 0.043281394988298416 0.945625901222229 
v 0.00010460799967404455 0.04017104208469391 0.9443238377571106 
v -0.004886668175458908 -0.07523269206285477 1.863586664199829 
v 0.00010460799967404455 -0.07892022281885147 1.8653227090835571 
v -0.3588332533836365 -0.07523269206285477 1.8288646936416626 
v -0.3653436005115509 -0.07276365160942078 1.8366771936416626 
v -0.004886668175458908 -0.07523269206285477 1.863586664199829 
v 0.00010460799967404455 -0.07276365160942078 1.8727011680603027 
v -0.004886668175458908 -0.07523269206285477 1.863586664199829 
v 0.00010460799967404455 -0.07892022281885147 1.8653227090835571 
v -0.3588332533836365 -0.07523269206285477 1.8288646936416626 
v -0.3638245165348053 -0.07892022281885147 1.829298734664917 
v -0.17979833483695984 0.043281394988298416 0.9282649159431458 
v -0.18305352330207825 0.04761023819446564 0.9202355146408081 
v -0.3588332533836365 -0.07523269206285477 1.8288646936416626 
v -0.3653436005115509 -0.07276365160942078 1.8366771936416626 
v -0.3588332533836365 -0.07523269206285477 1.8288646936416626 
v -0.3638245165348053 -0.07892022281885147 1.829298734664917 
v -0.17979833483695984 0.043281394988298416 0.9282649159431458 
v -0.18413858115673065 0.04017104208469391 0.9260948300361633 
v 0.5293968915939331 0.043281394988298416 -0.7835257053375244 
v 0.5211504101753235 0.04761023819446564 -0.7800535559654236 
v 0.6652463674545288 0.043281394988298416 -0.6719815731048584 
v 0.663510262966156 0.04761023819446564 -0.6635180711746216 
v 0.6652463674545288 0.043281394988298416 -0.6719815731048584 
v 0.6676335334777832 0.04017104208469391 -0.6676413416862488 
v 0.5293968915939331 0.043281394988298416 -0.7835257053375244 
v 0.5246226191520691 0.04017104208469391 -0.7852618098258972 
v 1.0393750667572021 -0.07523269206285477 -1.5469739437103271 
v 1.0404601097106934 -0.07276365160942078 -1.5569565296173096 
v 0.5293968915939331 0.043281394988298416 -0.7835257053375244 
v 0.5211504101753235 0.04761023819446564 -0.7800535559654236 
v 0.5293968915939331 0.043281394988298416 -0.7835257053375244 
v 0.5246226191520691 0.04017104208469391 -0.7852618098258972 
v 1.0393750667572021 -0.07523269206285477 -1.5469739437103271 
v 1.036336898803711 -0.07892022281885147 -1.5508801937103271 
v 1.3143292665481567 -0.07523269206285477 -1.3212814331054688 
v 1.3240947723388672 -0.07276365160942078 -1.3241026401519775 
v 1.0393750667572021 -0.07523269206285477 -1.5469739437103271 
v 1.0404601097106934 -0.07276365160942078 -1.5569565296173096 
v 1.0393750667572021 -0.07523269206285477 -1.5469739437103271 
v 1.036336898803711 -0.07892022281885147 -1.5508801937103271 
v 1.3143292665481567 -0.07523269206285477 -1.3212814331054688 
v 1.3188865184783936 -0.07892022281885147 -1.318894386291504 
v 0.6652463674545288 0.043281394988298416 -0.6719815731048584 
v 0.663510262966156 0.04761023819446564 -0.6635180711746216 
v 1.3143292665481567 -0.07523269206285477 -1.3212814331054688 
v 1.3240947723388672 -0.07276365160942078 -1.3241026401519775 
v 1.3143292665481567 -0.07523269206285477 -1.3212814331054688 
v 1.3188865184783936 -0.07892022281885147 -1.318894386291504 
v 0.6652463674545288 0.043281394988298416 -0.6719815731048584 
v 0.6676335334777832 0.04017104208469391 -0.6676413416862488 
v -0.3575311601161957 0.043281394988298416 -0.8755388259887695 
v -0.3590502440929413 0.04761023819446564 -0.8668583035469055 
v -0.18912985920906067 0.043281394988298416 -0.9265366196632385 
v -0.18305352330207825 0.04761023819446564 -0.9202432632446289 
v -0.18912985920906067 0.043281394988298416 -0.9265366196632385 
v -0.18413858115673065 0.04017104208469391 -0.9261025786399841 
v -0.3575311601161957 0.043281394988298416 -0.8755388259887695 
v -0.3614373803138733 0.04017104208469391 -0.8725006580352783 
v -0.7088735699653625 -0.07523269206285477 -1.7236217260360718 
v -0.7166860103607178 -0.07276365160942078 -1.7301321029663086 
v -0.3575311601161957 0.043281394988298416 -0.8755388259887695 
v -0.3590502440929413 0.04761023819446564 -0.8668583035469055 
v -0.3575311601161957 0.043281394988298416 -0.8755388259887695 
v -0.3614373803138733 0.04017104208469391 -0.8725006580352783 
v -0.7088735699653625 -0.07523269206285477 -1.7236217260360718 
v -0.7138648629188538 -0.07892022281885147 -1.7231876850128174 
v -0.3683817684650421 -0.07523269206285477 -1.826919436454773 
v -0.3653436005115509 -0.07276365160942078 -1.8366849422454834 
v -0.7088735699653625 -0.07523269206285477 -1.7236217260360718 
v -0.7166860103607178 -0.07276365160942078 -1.7301321029663086 
v -0.7088735699653625 -0.07523269206285477 -1.7236217260360718 
v -0.7138648629188538 -0.07892022281885147 -1.7231876850128174 
v -0.3683817684650421 -0.07523269206285477 -1.826919436454773 
v -0.3638245165348053 -0.07892022281885147 -1.8293066024780273 
v -0.18912985920906067 0.043281394988298416 -0.9265366196632385 
v -0.18305352330207825 0.04761023819446564 -0.9202432632446289 
v -0.3683817684650421 -0.07523269206285477 -1.826919436454773 
v -0.3653436005115509 -0.07276365160942078 -1.8366849422454834 
v -0.3683817684650421 -0.07523269206285477 -1.826919436454773 
v -0.3638245165348053 -0.07892022281885147 -1.8293066024780273 
v -0.18912985920906067 0.043281394988298416 -0.9265366196632385 
v -0.18413858115673065 0.04017104208469391 -0.9261025786399841 
v -0.004886668175458908 -0.11492978036403656 -1.8683687448501587 
v 0.00010460799967404455 -0.12323474884033203 -1.8722748756408691 
v -0.3599182963371277 -0.11492978036403656 -1.8334298133850098 
v -0.3653436005115509 -0.12323474884033203 -1.836250901222229 
v -0.3599182963371277 -0.11492978036403656 -1.8334298133850098 
v -0.3640415370464325 -0.11624446511268616 -1.8297405242919922 
v -0.004886668175458908 -0.11492978036403656 -1.8683687448501587 
v 0.00010460799967404455 -0.11624446511268616 -1.86554753780365 
v -0.004886668175458908 -0.08065176010131836 -1.8683687448501587 
v 0.00010460799967404455 -0.07276365160942078 -1.8727089166641235 
v -0.004886668175458908 -0.11492978036403656 -1.8683687448501587 
v 0.00010460799967404455 -0.12323474884033203 -1.8722748756408691 
v -0.004886668175458908 -0.11492978036403656 -1.8683687448501587 
v 0.00010460799967404455 -0.11624446511268616 -1.86554753780365 
v -0.004886668175458908 -0.08065176010131836 -1.8683687448501587 
v 0.00010460799967404455 -0.07892022281885147 -1.8653305768966675 
v -0.3599182963371277 -0.08065176010131836 -1.8334298133850098 
v -0.3653436005115509 -0.07276365160942078 -1.8366849422454834 
v -0.004886668175458908 -0.08065176010131836 -1.8683687448501587 
v 0.00010460799967404455 -0.07276365160942078 -1.8727089166641235 
v -0.004886668175458908 -0.08065176010131836 -1.8683687448501587 
v 0.00010460799967404455 -0.07892022281885147 -1.8653305768966675 
v -0.3599182963371277 -0.08065176010131836 -1.8334298133850098 
v -0.3638245165348053 -0.07892022281885147 -1.8293066024780273 
v -0.3599182963371277 -0.11492978036403656 -1.8334298133850098 
v -0.3653436005115509 -0.12323474884033203 -1.836250901222229 
v -0.3599182963371277 -0.08065176010131836 -1.8334298133850098 
v -0.3653436005115509 -0.07276365160942078 -1.8366849422454834 
v -0.3599182963371277 -0.08065176010131836 -1.8334298133850098 
v -0.3638245165348053 -0.07892022281885147 -1.8293066024780273 
v -0.3599182963371277 -0.11492978036403656 -1.8334298133850098 
v -0.3640415370464325 -0.11624446511268616 -1.8297405242919922 
v -0.18826180696487427 0.004802796058356762 0.9217545986175537 
v -0.18305352330207825 -0.0032777099404484034 0.9198014736175537 
v -0.35557806491851807 0.004802796058356762 0.8709737658500671 
v -0.3588332533836365 -0.0032777099404484034 0.8664165139198303 
v -0.35557806491851807 0.004802796058356762 0.8709737658500671 
v -0.3616544008255005 0.00326365209184587 0.8729268908500671 
v -0.18826180696487427 0.004802796058356762 0.9217545986175537 
v -0.18435558676719666 0.00326365209184587 0.926528811454773 
v -0.18826180696487427 0.03908081725239754 0.9217545986175537 
v -0.18305352330207825 0.04761023819446564 0.9202355146408081 
v -0.18826180696487427 0.004802796058356762 0.9217545986175537 
v -0.18305352330207825 -0.0032777099404484034 0.9198014736175537 
v -0.18826180696487427 0.004802796058356762 0.9217545986175537 
v -0.18435558676719666 0.00326365209184587 0.926528811454773 
v -0.18826180696487427 0.03908081725239754 0.9217545986175537 
v -0.18413858115673065 0.04017104208469391 0.9260948300361633 
v -0.35557806491851807 0.03908081725239754 0.8709737658500671 
v -0.3590502440929413 0.04761023819446564 0.8668505549430847 
v -0.18826180696487427 0.03908081725239754 0.9217545986175537 
v -0.18305352330207825 0.04761023819446564 0.9202355146408081 
v -0.18826180696487427 0.03908081725239754 0.9217545986175537 
v -0.18413858115673065 0.04017104208469391 0.9260948300361633 
v -0.35557806491851807 0.03908081725239754 0.8709737658500671 
v -0.3614373803138733 0.04017104208469391 0.8724928498268127 
v -0.35557806491851807 0.004802796058356762 0.8709737658500671 
v -0.3588332533836365 -0.0032777099404484034 0.8664165139198303 
v -0.35557806491851807 0.03908081725239754 0.8709737658500671 
v -0.3590502440929413 0.04761023819446564 0.8668505549430847 
v -0.35557806491851807 0.03908081725239754 0.8709737658500671 
v -0.3614373803138733 0.04017104208469391 0.8724928498268127 
v -0.35557806491851807 0.004802796058356762 0.8709737658500671 
v -0.3616544008255005 0.00326365209184587 0.8729268908500671 
v -0.3599182963371277 -0.11492978036403656 1.8334219455718994 
v -0.3653436005115509 -0.12323474884033203 1.8362431526184082 
v -0.004886668175458908 -0.11492978036403656 1.8683608770370483 
v 0.00010460799967404455 -0.12323474884033203 1.8722671270370483 
v -0.004886668175458908 -0.11492978036403656 1.8683608770370483 
v 0.00010460799967404455 -0.11624446511268616 1.865539789199829 
v -0.3599182963371277 -0.11492978036403656 1.8334219455718994 
v -0.3640415370464325 -0.11624446511268616 1.8297327756881714 
v -0.3599182963371277 -0.08065176010131836 1.8334219455718994 
v -0.3653436005115509 -0.07276365160942078 1.8366771936416626 
v -0.3599182963371277 -0.11492978036403656 1.8334219455718994 
v -0.3653436005115509 -0.12323474884033203 1.8362431526184082 
v -0.3599182963371277 -0.11492978036403656 1.8334219455718994 
v -0.3640415370464325 -0.11624446511268616 1.8297327756881714 
v -0.3599182963371277 -0.08065176010131836 1.8334219455718994 
v -0.3638245165348053 -0.07892022281885147 1.829298734664917 
v -0.004886668175458908 -0.08065176010131836 1.8683608770370483 
v 0.00010460799967404455 -0.07276365160942078 1.8727011680603027 
v -0.3599182963371277 -0.08065176010131836 1.8334219455718994 
v -0.3653436005115509 -0.07276365160942078 1.8366771936416626 
v -0.3599182963371277 -0.08065176010131836 1.8334219455718994 
v -0.3638245165348053 -0.07892022281885147 1.829298734664917 
v -0.004886668175458908 -0.08065176010131836 1.8683608770370483 
v 0.00010460799967404455 -0.07892022281885147 1.8653227090835571 
v -0.004886668175458908 -0.11492978036403656 1.8683608770370483 
v 0.00010460799967404455 -0.12323474884033203 1.8722671270370483 
v -0.004886668175458908 -0.08065176010131836 1.8683608770370483 
v 0.00010460799967404455 -0.07276365160942078 1.8727011680603027 
v -0.004886668175458908 -0.08065176010131836 1.8683608770370483 
v 0.00010460799967404455 -0.07892022281885147 1.8653227090835571 
v -0.004886668175458908 -0.11492978036403656 1.8683608770370483 
v 0.00010460799967404455 -0.11624446511268616 1.865539789199829 
v -1.0341745615005493 -0.11492978036403656 1.5562976598739624 
v -1.0402508974075317 -0.12323474884033203 1.5567317008972168 
v -0.7195071578025818 -0.11492978036403656 1.7244819402694702 
v -0.7164689898490906 -0.12323474884033203 1.7296901941299438 
v -0.7195071578025818 -0.11492978036403656 1.7244819402694702 
v -0.7138648629188538 -0.11624446511268616 1.7236138582229614 
v -1.0341745615005493 -0.11492978036403656 1.5562976598739624 
v -1.0365617275238037 -0.11624446511268616 1.5513063669204712 
v -1.0341745615005493 -0.08065176010131836 1.5562976598739624 
v -1.0404679775238037 -0.07276365160942078 1.5569486618041992 
v -1.0341745615005493 -0.11492978036403656 1.5562976598739624 
v -1.0402508974075317 -0.12323474884033203 1.5567317008972168 
v -1.0341745615005493 -0.11492978036403656 1.5562976598739624 
v -1.0365617275238037 -0.11624446511268616 1.5513063669204712 
v -1.0341745615005493 -0.08065176010131836 1.5562976598739624 
v -1.0363446474075317 -0.07892022281885147 1.5508723258972168 
v -0.7195071578025818 -0.08065176010131836 1.7244819402694702 
v -0.7166860103607178 -0.07276365160942078 1.7301242351531982 
v -1.0341745615005493 -0.08065176010131836 1.5562976598739624 
v -1.0404679775238037 -0.07276365160942078 1.5569486618041992 
v -1.0341745615005493 -0.08065176010131836 1.5562976598739624 
v -1.0363446474075317 -0.07892022281885147 1.5508723258972168 
v -0.7195071578025818 -0.08065176010131836 1.7244819402694702 
v -0.7138648629188538 -0.07892022281885147 1.7231799364089966 
v -0.7195071578025818 -0.11492978036403656 1.7244819402694702 
v -0.7164689898490906 -0.12323474884033203 1.7296901941299438 
v -0.7195071578025818 -0.08065176010131836 1.7244819402694702 
v -0.7166860103607178 -0.07276365160942078 1.7301242351531982 
v -0.7195071578025818 -0.08065176010131836 1.7244819402694702 
v -0.7138648629188538 -0.07892022281885147 1.7231799364089966 
v -0.7195071578025818 -0.11492978036403656 1.7244819402694702 
v -0.7138648629188538 -0.11624446511268616 1.7236138582229614 
v -0.004886668175458908 0.004802796058356762 0.940851628780365 
v 0.00010460799967404455 -0.0032777099404484034 0.9378134608268738 
v -0.17893029749393463 0.004802796058356762 0.9237076640129089 
v -0.18305352330207825 -0.0032777099404484034 0.9198014736175537 
v -0.17893029749393463 0.004802796058356762 0.9237076640129089 
v -0.18435558676719666 0.00326365209184587 0.926528811454773 
v -0.004886668175458908 0.004802796058356762 0.940851628780365 
v 0.00010460799967404455 0.00326365209184587 0.9447578191757202 
v -0.004886668175458908 0.03908081725239754 0.940851628780365 
v 0.00010460799967404455 0.04761023819446564 0.9382475018501282 
v -0.004886668175458908 0.004802796058356762 0.940851628780365 
v 0.00010460799967404455 -0.0032777099404484034 0.9378134608268738 
v -0.004886668175458908 0.004802796058356762 0.940851628780365 
v 0.00010460799967404455 0.00326365209184587 0.9447578191757202 
v -0.004886668175458908 0.03908081725239754 0.940851628780365 
v 0.00010460799967404455 0.04017104208469391 0.9443238377571106 
v -0.17893029749393463 0.03908081725239754 0.9237076640129089 
v -0.18305352330207825 0.04761023819446564 0.9202355146408081 
v -0.004886668175458908 0.03908081725239754 0.940851628780365 
v 0.00010460799967404455 0.04761023819446564 0.9382475018501282 
v -0.004886668175458908 0.03908081725239754 0.940851628780365 
v 0.00010460799967404455 0.04017104208469391 0.9443238377571106 
v -0.17893029749393463 0.03908081725239754 0.9237076640129089 
v -0.18413858115673065 0.04017104208469391 0.9260948300361633 
v -0.17893029749393463 0.004802796058356762 0.9237076640129089 
v -0.18305352330207825 -0.0032777099404484034 0.9198014736175537 
v -0.17893029749393463 0.03908081725239754 0.9237076640129089 
v -0.18305352330207825 0.04761023819446564 0.9202355146408081 
v -0.17893029749393463 0.03908081725239754 0.9237076640129089 
v -0.18413858115673065 0.04017104208469391 0.9260948300361633 
v -0.17893029749393463 0.004802796058356762 0.9237076640129089 
v -0.18435558676719666 0.00326365209184587 0.926528811454773 
v 1.3178014755249023 -0.11492978036403656 -1.324536681175232 
v 1.3238778114318848 -0.12323474884033203 -1.3238855600357056 
v 1.041979193687439 -0.11492978036403656 -1.5508801937103271 
v 1.040243148803711 -0.12323474884033203 -1.5567394495010376 
v 1.041979193687439 -0.11492978036403656 -1.5508801937103271 
v 1.036553978919983 -0.11624446511268616 -1.5513142347335815 
v 1.3178014755249023 -0.11492978036403656 -1.324536681175232 
v 1.3191035985946655 -0.11624446511268616 -1.3191113471984863 
v 1.3178014755249023 -0.08065176010131836 -1.324536681175232 
v 1.3240947723388672 -0.07276365160942078 -1.3241026401519775 
v 1.3178014755249023 -0.11492978036403656 -1.324536681175232 
v 1.3238778114318848 -0.12323474884033203 -1.3238855600357056 
v 1.3178014755249023 -0.11492978036403656 -1.324536681175232 
v 1.3191035985946655 -0.11624446511268616 -1.3191113471984863 
v 1.3178014755249023 -0.08065176010131836 -1.324536681175232 
v 1.3188865184783936 -0.07892022281885147 -1.318894386291504 
v 1.041979193687439 -0.08065176010131836 -1.5508801937103271 
v 1.0404601097106934 -0.07276365160942078 -1.5569565296173096 
v 1.3178014755249023 -0.08065176010131836 -1.324536681175232 
v 1.3240947723388672 -0.07276365160942078 -1.3241026401519775 
v 1.3178014755249023 -0.08065176010131836 -1.324536681175232 
v 1.3188865184783936 -0.07892022281885147 -1.318894386291504 
v 1.041979193687439 -0.08065176010131836 -1.5508801937103271 
v 1.036336898803711 -0.07892022281885147 -1.5508801937103271 
v 1.041979193687439 -0.11492978036403656 -1.5508801937103271 
v 1.040243148803711 -0.12323474884033203 -1.5567394495010376 
v 1.041979193687439 -0.08065176010131836 -1.5508801937103271 
v 1.0404601097106934 -0.07276365160942078 -1.5569565296173096 
v 1.041979193687439 -0.08065176010131836 -1.5508801937103271 
v 1.036336898803711 -0.07892022281885147 -1.5508801937103271 
v 1.041979193687439 -0.11492978036403656 -1.5508801937103271 
v 1.036553978919983 -0.11624446511268616 -1.5513142347335815 
v 1.7244819402694702 -0.11492978036403656 -0.7195071578025818 
v 1.7296901941299438 -0.12323474884033203 -0.7164689898490906 
v 1.5562976598739624 -0.11492978036403656 -1.0341745615005493 
v 1.5567317008972168 -0.12323474884033203 -1.0402508974075317 
v 1.5562976598739624 -0.11492978036403656 -1.0341745615005493 
v 1.5513063669204712 -0.11624446511268616 -1.0365617275238037 
v 1.7244819402694702 -0.11492978036403656 -0.7195071578025818 
v 1.7236138582229614 -0.11624446511268616 -0.7138648629188538 
v 1.7244819402694702 -0.08065176010131836 -0.7195071578025818 
v 1.7301242351531982 -0.07276365160942078 -0.7166860103607178 
v 1.7244819402694702 -0.11492978036403656 -0.7195071578025818 
v 1.7296901941299438 -0.12323474884033203 -0.7164689898490906 
v 1.7244819402694702 -0.11492978036403656 -0.7195071578025818 
v 1.7236138582229614 -0.11624446511268616 -0.7138648629188538 
v 1.7244819402694702 -0.08065176010131836 -0.7195071578025818 
v 1.7231799364089966 -0.07892022281885147 -0.7138648629188538 
v 1.5562976598739624 -0.08065176010131836 -1.0341745615005493 
v 1.5569486618041992 -0.07276365160942078 -1.0404679775238037 
v 1.7244819402694702 -0.08065176010131836 -0.7195071578025818 
v 1.7301242351531982 -0.07276365160942078 -0.7166860103607178 
v 1.7244819402694702 -0.08065176010131836 -0.7195071578025818 
v 1.7231799364089966 -0.07892022281885147 -0.7138648629188538 
v 1.5562976598739624 -0.08065176010131836 -1.0341745615005493 
v 1.5508723258972168 -0.07892022281885147 -1.0363446474075317 
v 1.5562976598739624 -0.11492978036403656 -1.0341745615005493 
v 1.5567317008972168 -0.12323474884033203 -1.0402508974075317 
v 1.5562976598739624 -0.08065176010131836 -1.0341745615005493 
v 1.5569486618041992 -0.07276365160942078 -1.0404679775238037 
v 1.5562976598739624 -0.08065176010131836 -1.0341745615005493 
v 1.5508723258972168 -0.07892022281885147 -1.0363446474075317 
v 1.5562976598739624 -0.11492978036403656 -1.0341745615005493 
v 1.5513063669204712 -0.11624446511268616 -1.0365617275238037 
v 0.17892248928546906 0.004802796058356762 0.9237076640129089 
v 0.18304572999477386 -0.0032777099404484034 0.9198014736175537 
v 0.004878872074186802 0.004802796058356762 0.940851628780365 
v 0.00010460799967404455 -0.0032777099404484034 0.9378134608268738 
v 0.004878872074186802 0.004802796058356762 0.940851628780365 
v 0.00010460799967404455 0.00326365209184587 0.9447578191757202 
v 0.17892248928546906 0.004802796058356762 0.9237076640129089 
v 0.18434779345989227 0.00326365209184587 0.926528811454773 
v 0.17892248928546906 0.03908081725239754 0.9237076640129089 
v 0.18304572999477386 0.04761023819446564 0.9202355146408081 
v 0.17892248928546906 0.004802796058356762 0.9237076640129089 
v 0.18304572999477386 -0.0032777099404484034 0.9198014736175537 
v 0.17892248928546906 0.004802796058356762 0.9237076640129089 
v 0.18434779345989227 0.00326365209184587 0.926528811454773 
v 0.17892248928546906 0.03908081725239754 0.9237076640129089 
v 0.18413078784942627 0.04017104208469391 0.9260948300361633 
v 0.004878872074186802 0.03908081725239754 0.940851628780365 
v 0.00010460799967404455 0.04761023819446564 0.9382475018501282 
v 0.17892248928546906 0.03908081725239754 0.9237076640129089 
v 0.18304572999477386 0.04761023819446564 0.9202355146408081 
v 0.17892248928546906 0.03908081725239754 0.9237076640129089 
v 0.18413078784942627 0.04017104208469391 0.9260948300361633 
v 0.004878872074186802 0.03908081725239754 0.940851628780365 
v 0.00010460799967404455 0.04017104208469391 0.9443238377571106 
v 0.004878872074186802 0.004802796058356762 0.940851628780365 
v 0.00010460799967404455 -0.0032777099404484034 0.9378134608268738 
v 0.004878872074186802 0.03908081725239754 0.940851628780365 
v 0.00010460799967404455 0.04761023819446564 0.9382475018501282 
v 0.004878872074186802 0.03908081725239754 0.940851628780365 
v 0.00010460799967404455 0.04017104208469391 0.9443238377571106 
v 0.004878872074186802 0.004802796058356762 0.940851628780365 
v 0.00010460799967404455 0.00326365209184587 0.9447578191757202 
v -0.3692498207092285 -0.11492978036403656 -1.8316936492919922 
v -0.3653436005115509 -0.12323474884033203 -1.836250901222229 
v -0.7106096744537354 -0.11492978036403656 -1.7279618978500366 
v -0.7164689898490906 -0.12323474884033203 -1.7296980619430542 
v -0.7106096744537354 -0.11492978036403656 -1.7279618978500366 
v -0.7138648629188538 -0.11624446511268616 -1.7236217260360718 
v -0.3692498207092285 -0.11492978036403656 -1.8316936492919922 
v -0.3640415370464325 -0.11624446511268616 -1.8297405242919922 
v -0.3692498207092285 -0.08065176010131836 -1.8316936492919922 
v -0.3653436005115509 -0.07276365160942078 -1.8366849422454834 
v -0.3692498207092285 -0.11492978036403656 -1.8316936492919922 
v -0.3653436005115509 -0.12323474884033203 -1.836250901222229 
v -0.3692498207092285 -0.11492978036403656 -1.8316936492919922 
v -0.3640415370464325 -0.11624446511268616 -1.8297405242919922 
v -0.3692498207092285 -0.08065176010131836 -1.8316936492919922 
v -0.3638245165348053 -0.07892022281885147 -1.8293066024780273 
v -0.7106096744537354 -0.08065176010131836 -1.7279618978500366 
v -0.7166860103607178 -0.07276365160942078 -1.7301321029663086 
v -0.3692498207092285 -0.08065176010131836 -1.8316936492919922 
v -0.3653436005115509 -0.07276365160942078 -1.8366849422454834 
v -0.3692498207092285 -0.08065176010131836 -1.8316936492919922 
v -0.3638245165348053 -0.07892022281885147 -1.8293066024780273 
v -0.7106096744537354 -0.08065176010131836 -1.7279618978500366 
v -0.7138648629188538 -0.07892022281885147 -1.7231876850128174 
v -0.7106096744537354 -0.11492978036403656 -1.7279618978500366 
v -0.7164689898490906 -0.12323474884033203 -1.7296980619430542 
v -0.7106096744537354 -0.08065176010131836 -1.7279618978500366 
v -0.7166860103607178 -0.07276365160942078 -1.7301321029663086 
v -0.7106096744537354 -0.08065176010131836 -1.7279618978500366 
v -0.7138648629188538 -0.07892022281885147 -1.7231876850128174 
v -0.7106096744537354 -0.11492978036403656 -1.7279618978500366 
v -0.7138648629188538 -0.11624446511268616 -1.7236217260360718 
v -1.3178092241287231 -0.11492978036403656 1.3245288133621216 
v -1.3238855600357056 -0.12323474884033203 1.3238778114318848 
v -1.0419870615005493 -0.11492978036403656 1.5508723258972168 
v -1.0402508974075317 -0.12323474884033203 1.5567317008972168 
v -1.0419870615005493 -0.11492978036403656 1.5508723258972168 
v -1.0365617275238037 -0.11624446511268616 1.5513063669204712 
v -1.3178092241287231 -0.11492978036403656 1.3245288133621216 
v -1.3191113471984863 -0.11624446511268616 1.3191035985946655 
v -1.3178092241287231 -0.08065176010131836 1.3245288133621216 
v -1.3241026401519775 -0.07276365160942078 1.3240947723388672 
v -1.3178092241287231 -0.11492978036403656 1.3245288133621216 
v -1.3238855600357056 -0.12323474884033203 1.3238778114318848 
v -1.3178092241287231 -0.11492978036403656 1.3245288133621216 
v -1.3191113471984863 -0.11624446511268616 1.3191035985946655 
v -1.3178092241287231 -0.08065176010131836 1.3245288133621216 
v -1.318894386291504 -0.07892022281885147 1.3188865184783936 
v -1.0419870615005493 -0.08065176010131836 1.5508723258972168 
v -1.0404679775238037 -0.07276365160942078 1.5569486618041992 
v -1.3178092241287231 -0.08065176010131836 1.3245288133621216 
v -1.3241026401519775 -0.07276365160942078 1.3240947723388672 
v -1.3178092241287231 -0.08065176010131836 1.3245288133621216 
v -1.318894386291504 -0.07892022281885147 1.3188865184783936 
v -1.0419870615005493 -0.08065176010131836 1.5508723258972168 
v -1.0363446474075317 -0.07892022281885147 1.5508723258972168 
v -1.0419870615005493 -0.11492978036403656 1.5508723258972168 
v -1.0402508974075317 -0.12323474884033203 1.5567317008972168 
v -1.0419870615005493 -0.08065176010131836 1.5508723258972168 
v -1.0404679775238037 -0.07276365160942078 1.5569486618041992 
v -1.0419870615005493 -0.08065176010131836 1.5508723258972168 
v -1.0363446474075317 -0.07892022281885147 1.5508723258972168 
v -1.0419870615005493 -0.11492978036403656 1.5508723258972168 
v -1.0365617275238037 -0.11624446511268616 1.5513063669204712 
v 0.3555702567100525 0.004802796058356762 0.8709737658500671 
v 0.3588254451751709 -0.0032777099404484034 0.8664165139198303 
v 0.18825401365756989 0.004802796058356762 0.9217545986175537 
v 0.18304572999477386 -0.0032777099404484034 0.9198014736175537 
v 0.18825401365756989 0.004802796058356762 0.9217545986175537 
v 0.18434779345989227 0.00326365209184587 0.926528811454773 
v 0.3555702567100525 0.004802796058356762 0.8709737658500671 
v 0.3616465926170349 0.00326365209184587 0.8729268908500671 
v 0.3555702567100525 0.03908081725239754 0.8709737658500671 
v 0.3590424656867981 0.04761023819446564 0.8668505549430847 
v 0.3555702567100525 0.004802796058356762 0.8709737658500671 
v 0.3588254451751709 -0.0032777099404484034 0.8664165139198303 
v 0.3555702567100525 0.004802796058356762 0.8709737658500671 
v 0.3616465926170349 0.00326365209184587 0.8729268908500671 
v 0.3555702567100525 0.03908081725239754 0.8709737658500671 
v 0.3614296019077301 0.04017104208469391 0.8724928498268127 
v 0.18825401365756989 0.03908081725239754 0.9217545986175537 
v 0.18304572999477386 0.04761023819446564 0.9202355146408081 
v 0.3555702567100525 0.03908081725239754 0.8709737658500671 
v 0.3590424656867981 0.04761023819446564 0.8668505549430847 
v 0.3555702567100525 0.03908081725239754 0.8709737658500671 
v 0.3614296019077301 0.04017104208469391 0.8724928498268127 
v 0.18825401365756989 0.03908081725239754 0.9217545986175537 
v 0.18413078784942627 0.04017104208469391 0.9260948300361633 
v 0.18825401365756989 0.004802796058356762 0.9217545986175537 
v 0.18304572999477386 -0.0032777099404484034 0.9198014736175537 
v 0.18825401365756989 0.03908081725239754 0.9217545986175537 
v 0.18304572999477386 0.04761023819446564 0.9202355146408081 
v 0.18825401365756989 0.03908081725239754 0.9217545986175537 
v 0.18413078784942627 0.04017104208469391 0.9260948300361633 
v 0.18825401365756989 0.004802796058356762 0.9217545986175537 
v 0.18434779345989227 0.00326365209184587 0.926528811454773 
v 1.8316859006881714 -0.11492978036403656 -0.3692498207092285 
v 1.8362431526184082 -0.12323474884033203 -0.3653436005115509 
v 1.7279541492462158 -0.11492978036403656 -0.7106096744537354 
v 1.7296901941299438 -0.12323474884033203 -0.7164689898490906 
v 1.7279541492462158 -0.11492978036403656 -0.7106096744537354 
v 1.7236138582229614 -0.11624446511268616 -0.7138648629188538 
v 1.8316859006881714 -0.11492978036403656 -0.3692498207092285 
v 1.8297327756881714 -0.11624446511268616 -0.3640415370464325 
v 1.8316859006881714 -0.08065176010131836 -0.3692498207092285 
v 1.8366771936416626 -0.07276365160942078 -0.3653436005115509 
v 1.8316859006881714 -0.11492978036403656 -0.3692498207092285 
v 1.8362431526184082 -0.12323474884033203 -0.3653436005115509 
v 1.8316859006881714 -0.11492978036403656 -0.3692498207092285 
v 1.8297327756881714 -0.11624446511268616 -0.3640415370464325 
v 1.8316859006881714 -0.08065176010131836 -0.3692498207092285 
v 1.829298734664917 -0.07892022281885147 -0.3638245165348053 
v 1.7279541492462158 -0.08065176010131836 -0.7106096744537354 
v 1.7301242351531982 -0.07276365160942078 -0.7166860103607178 
v 1.8316859006881714 -0.08065176010131836 -0.3692498207092285 
v 1.8366771936416626 -0.07276365160942078 -0.3653436005115509 
v 1.8316859006881714 -0.08065176010131836 -0.3692498207092285 
v 1.829298734664917 -0.07892022281885147 -0.3638245165348053 
v 1.7279541492462158 -0.08065176010131836 -0.7106096744537354 
v 1.7231799364089966 -0.07892022281885147 -0.7138648629188538 
v 1.7279541492462158 -0.11492978036403656 -0.7106096744537354 
v 1.7296901941299438 -0.12323474884033203 -0.7164689898490906 
v 1.7279541492462158 -0.08065176010131836 -0.7106096744537354 
v 1.7301242351531982 -0.07276365160942078 -0.7166860103607178 
v 1.7279541492462158 -0.08065176010131836 -0.7106096744537354 
v 1.7231799364089966 -0.07892022281885147 -0.7138648629188538 
v 1.7279541492462158 -0.11492978036403656 -0.7106096744537354 
v 1.7236138582229614 -0.11624446511268616 -0.7138648629188538 
v 0.5187633037567139 0.004802796058356762 0.784820020198822 
v 0.5209333896636963 -0.0032777099404484034 0.7796117067337036 
v 0.3644677698612213 0.004802796058356762 0.8672845363616943 
v 0.3588254451751709 -0.0032777099404484034 0.8664165139198303 
v 0.3644677698612213 0.004802796058356762 0.8672845363616943 
v 0.3616465926170349 0.00326365209184587 0.8729268908500671 
v 0.5187633037567139 0.004802796058356762 0.784820020198822 
v 0.5248396396636963 0.00326365209184587 0.7854710221290588 
v 0.5187633037567139 0.03908081725239754 0.784820020198822 
v 0.5211504101753235 0.04761023819446564 0.780045747756958 
v 0.5187633037567139 0.004802796058356762 0.784820020198822 
v 0.5209333896636963 -0.0032777099404484034 0.7796117067337036 
v 0.5187633037567139 0.004802796058356762 0.784820020198822 
v 0.5248396396636963 0.00326365209184587 0.7854710221290588 
v 0.5187633037567139 0.03908081725239754 0.784820020198822 
v 0.5246226191520691 0.04017104208469391 0.7852540016174316 
v 0.3644677698612213 0.03908081725239754 0.8672845363616943 
v 0.3590424656867981 0.04761023819446564 0.8668505549430847 
v 0.5187633037567139 0.03908081725239754 0.784820020198822 
v 0.5211504101753235 0.04761023819446564 0.780045747756958 
v 0.5187633037567139 0.03908081725239754 0.784820020198822 
v 0.5246226191520691 0.04017104208469391 0.7852540016174316 
v 0.3644677698612213 0.03908081725239754 0.8672845363616943 
v 0.3614296019077301 0.04017104208469391 0.8724928498268127 
v 0.3644677698612213 0.004802796058356762 0.8672845363616943 
v 0.3588254451751709 -0.0032777099404484034 0.8664165139198303 
v 0.3644677698612213 0.03908081725239754 0.8672845363616943 
v 0.3590424656867981 0.04761023819446564 0.8668505549430847 
v 0.3644677698612213 0.03908081725239754 0.8672845363616943 
v 0.3614296019077301 0.04017104208469391 0.8724928498268127 
v 0.3644677698612213 0.004802796058356762 0.8672845363616943 
v 0.3616465926170349 0.00326365209184587 0.8729268908500671 
v -1.5508801937103271 -0.11492978036403656 1.041979193687439 
v -1.5567394495010376 -0.12323474884033203 1.040243148803711 
v -1.324536681175232 -0.11492978036403656 1.3178014755249023 
v -1.3238855600357056 -0.12323474884033203 1.3238778114318848 
v -1.324536681175232 -0.11492978036403656 1.3178014755249023 
v -1.3191113471984863 -0.11624446511268616 1.3191035985946655 
v -1.5508801937103271 -0.11492978036403656 1.041979193687439 
v -1.5513142347335815 -0.11624446511268616 1.036553978919983 
v -1.5508801937103271 -0.08065176010131836 1.041979193687439 
v -1.5569565296173096 -0.07276365160942078 1.0404601097106934 
v -1.5508801937103271 -0.11492978036403656 1.041979193687439 
v -1.5567394495010376 -0.12323474884033203 1.040243148803711 
v -1.5508801937103271 -0.11492978036403656 1.041979193687439 
v -1.5513142347335815 -0.11624446511268616 1.036553978919983 
v -1.5508801937103271 -0.08065176010131836 1.041979193687439 
v -1.5508801937103271 -0.07892022281885147 1.036336898803711 
v -1.324536681175232 -0.08065176010131836 1.3178014755249023 
v -1.3241026401519775 -0.07276365160942078 1.3240947723388672 
v -1.5508801937103271 -0.08065176010131836 1.041979193687439 
v -1.5569565296173096 -0.07276365160942078 1.0404601097106934 
v -1.5508801937103271 -0.08065176010131836 1.041979193687439 
v -1.5508801937103271 -0.07892022281885147 1.036336898803711 
v -1.324536681175232 -0.08065176010131836 1.3178014755249023 
v -1.318894386291504 -0.07892022281885147 1.3188865184783936 
v -1.324536681175232 -0.11492978036403656 1.3178014755249023 
v -1.3238855600357056 -0.12323474884033203 1.3238778114318848 
v -1.324536681175232 -0.08065176010131836 1.3178014755249023 
v -1.3241026401519775 -0.07276365160942078 1.3240947723388672 
v -1.324536681175232 -0.08065176010131836 1.3178014755249023 
v -1.318894386291504 -0.07892022281885147 1.3188865184783936 
v -1.324536681175232 -0.11492978036403656 1.3178014755249023 
v -1.3191113471984863 -0.11624446511268616 1.3191035985946655 
v 0.661774218082428 0.004802796058356762 0.6687185764312744 
v 0.6630762815475464 -0.0032777099404484034 0.6630762815475464 
v 0.5265757441520691 0.004802796058356762 0.7796117067337036 
v 0.5209333896636963 -0.0032777099404484034 0.7796117067337036 
v 0.5265757441520691 0.004802796058356762 0.7796117067337036 
v 0.5248396396636963 0.00326365209184587 0.7854710221290588 
v 0.661774218082428 0.004802796058356762 0.6687185764312744 
v 0.6680675148963928 0.00326365209184587 0.6680675148963928 
v 0.661774218082428 0.03908081725239754 0.6687185764312744 
v 0.663510262966156 0.04761023819446564 0.663510262966156 
v 0.661774218082428 0.004802796058356762 0.6687185764312744 
v 0.6630762815475464 -0.0032777099404484034 0.6630762815475464 
v 0.661774218082428 0.004802796058356762 0.6687185764312744 
v 0.6680675148963928 0.00326365209184587 0.6680675148963928 
v 0.661774218082428 0.03908081725239754 0.6687185764312744 
v 0.6676335334777832 0.04017104208469391 0.6676335334777832 
v 0.5265757441520691 0.03908081725239754 0.7796117067337036 
v 0.5211504101753235 0.04761023819446564 0.780045747756958 
v 0.661774218082428 0.03908081725239754 0.6687185764312744 
v 0.663510262966156 0.04761023819446564 0.663510262966156 
v 0.661774218082428 0.03908081725239754 0.6687185764312744 
v 0.6676335334777832 0.04017104208469391 0.6676335334777832 
v 0.5265757441520691 0.03908081725239754 0.7796117067337036 
v 0.5246226191520691 0.04017104208469391 0.7852540016174316 
v 0.5265757441520691 0.004802796058356762 0.7796117067337036 
v 0.5209333896636963 -0.0032777099404484034 0.7796117067337036 
v 0.5265757441520691 0.03908081725239754 0.7796117067337036 
v 0.5211504101753235 0.04761023819446564 0.780045747756958 
v 0.5265757441520691 0.03908081725239754 0.7796117067337036 
v 0.5246226191520691 0.04017104208469391 0.7852540016174316 
v 0.5265757441520691 0.004802796058356762 0.7796117067337036 
v 0.5248396396636963 0.00326365209184587 0.7854710221290588 
v 1.8683608770370483 -0.11492978036403656 -0.004886668175458908 
v 1.8722671270370483 -0.12323474884033203 -0.00011240399908274412 
v 1.8334219455718994 -0.11492978036403656 -0.3599182963371277 
v 1.8362431526184082 -0.12323474884033203 -0.3653436005115509 
v 1.8334219455718994 -0.11492978036403656 -0.3599182963371277 
v 1.8297327756881714 -0.11624446511268616 -0.3640415370464325 
v 1.8683608770370483 -0.11492978036403656 -0.004886668175458908 
v 1.865539789199829 -0.11624446511268616 -0.00011240399908274412 
v 1.8683608770370483 -0.08065176010131836 -0.004886668175458908 
v 1.8727011680603027 -0.07276365160942078 -0.00011240399908274412 
v 1.8683608770370483 -0.11492978036403656 -0.004886668175458908 
v 1.8722671270370483 -0.12323474884033203 -0.00011240399908274412 
v 1.8683608770370483 -0.11492978036403656 -0.004886668175458908 
v 1.865539789199829 -0.11624446511268616 -0.00011240399908274412 
v 1.8683608770370483 -0.08065176010131836 -0.004886668175458908 
v 1.8653227090835571 -0.07892022281885147 -0.00011240399908274412 
v 1.8334219455718994 -0.08065176010131836 -0.3599182963371277 
v 1.8366771936416626 -0.07276365160942078 -0.3653436005115509 
v 1.8683608770370483 -0.08065176010131836 -0.004886668175458908 
v 1.8727011680603027 -0.07276365160942078 -0.00011240399908274412 
v 1.8683608770370483 -0.08065176010131836 -0.004886668175458908 
v 1.8653227090835571 -0.07892022281885147 -0.00011240399908274412 
v 1.8334219455718994 -0.08065176010131836 -0.3599182963371277 
v 1.829298734664917 -0.07892022281885147 -0.3638245165348053 
v 1.8334219455718994 -0.11492978036403656 -0.3599182963371277 
v 1.8362431526184082 -0.12323474884033203 -0.3653436005115509 
v 1.8334219455718994 -0.08065176010131836 -0.3599182963371277 
v 1.8366771936416626 -0.07276365160942078 -0.3653436005115509 
v 1.8334219455718994 -0.08065176010131836 -0.3599182963371277 
v 1.829298734664917 -0.07892022281885147 -0.3638245165348053 
v 1.8334219455718994 -0.11492978036403656 -0.3599182963371277 
v 1.8297327756881714 -0.11624446511268616 -0.3640415370464325 
v 0.7796117067337036 0.004802796058356762 0.5265757441520691 
v 0.7798287272453308 -0.0032777099404484034 0.5209333896636963 
v 0.6687185764312744 0.004802796058356762 0.661774218082428 
v 0.6630762815475464 -0.0032777099404484034 0.6630762815475464 
v 0.6687185764312744 0.004802796058356762 0.661774218082428 
v 0.6680675148963928 0.00326365209184587 0.6680675148963928 
v 0.7796117067337036 0.004802796058356762 0.5265757441520691 
v 0.7854710221290588 0.00326365209184587 0.5248396396636963 
v 0.7796117067337036 0.03908081725239754 0.5265757441520691 
v 0.780045747756958 0.04761023819446564 0.5211504101753235 
v 0.7796117067337036 0.004802796058356762 0.5265757441520691 
v 0.7798287272453308 -0.0032777099404484034 0.5209333896636963 
v 0.7796117067337036 0.004802796058356762 0.5265757441520691 
v 0.7854710221290588 0.00326365209184587 0.5248396396636963 
v 0.7796117067337036 0.03908081725239754 0.5265757441520691 
v 0.7852540016174316 0.04017104208469391 0.5246226191520691 
v 0.6687185764312744 0.03908081725239754 0.661774218082428 
v 0.663510262966156 0.04761023819446564 0.663510262966156 
v 0.7796117067337036 0.03908081725239754 0.5265757441520691 
v 0.780045747756958 0.04761023819446564 0.5211504101753235 
v 0.7796117067337036 0.03908081725239754 0.5265757441520691 
v 0.7852540016174316 0.04017104208469391 0.5246226191520691 
v 0.6687185764312744 0.03908081725239754 0.661774218082428 
v 0.6676335334777832 0.04017104208469391 0.6676335334777832 
v 0.6687185764312744 0.004802796058356762 0.661774218082428 
v 0.6630762815475464 -0.0032777099404484034 0.6630762815475464 
v 0.6687185764312744 0.03908081725239754 0.661774218082428 
v 0.663510262966156 0.04761023819446564 0.663510262966156 
v 0.6687185764312744 0.03908081725239754 0.661774218082428 
v 0.6676335334777832 0.04017104208469391 0.6676335334777832 
v 0.6687185764312744 0.004802796058356762 0.661774218082428 
v 0.6680675148963928 0.00326365209184587 0.6680675148963928 
v -1.7244898080825806 -0.11492978036403656 0.719499409198761 
v -1.7296980619430542 -0.12323474884033203 0.7164612412452698 
v -1.5563054084777832 -0.11492978036403656 1.0341668128967285 
v -1.5567394495010376 -0.12323474884033203 1.040243148803711 
v -1.5563054084777832 -0.11492978036403656 1.0341668128967285 
v -1.5513142347335815 -0.11624446511268616 1.036553978919983 
v -1.7244898080825806 -0.11492978036403656 0.719499409198761 
v -1.7236217260360718 -0.11624446511268616 0.7138570547103882 
v -1.7244898080825806 -0.08065176010131836 0.719499409198761 
v -1.7301321029663086 -0.07276365160942078 0.716678261756897 
v -1.7244898080825806 -0.11492978036403656 0.719499409198761 
v -1.7296980619430542 -0.12323474884033203 0.7164612412452698 
v -1.7244898080825806 -0.11492978036403656 0.719499409198761 
v -1.7236217260360718 -0.11624446511268616 0.7138570547103882 
v -1.7244898080825806 -0.08065176010131836 0.719499409198761 
v -1.7231876850128174 -0.07892022281885147 0.7138570547103882 
v -1.5563054084777832 -0.08065176010131836 1.0341668128967285 
v -1.5569565296173096 -0.07276365160942078 1.0404601097106934 
v -1.7244898080825806 -0.08065176010131836 0.719499409198761 
v -1.7301321029663086 -0.07276365160942078 0.716678261756897 
v -1.7244898080825806 -0.08065176010131836 0.719499409198761 
v -1.7231876850128174 -0.07892022281885147 0.7138570547103882 
v -1.5563054084777832 -0.08065176010131836 1.0341668128967285 
v -1.5508801937103271 -0.07892022281885147 1.036336898803711 
v -1.5563054084777832 -0.11492978036403656 1.0341668128967285 
v -1.5567394495010376 -0.12323474884033203 1.040243148803711 
v -1.5563054084777832 -0.08065176010131836 1.0341668128967285 
v -1.5569565296173096 -0.07276365160942078 1.0404601097106934 
v -1.5563054084777832 -0.08065176010131836 1.0341668128967285 
v -1.5508801937103271 -0.07892022281885147 1.036336898803711 
v -1.5563054084777832 -0.11492978036403656 1.0341668128967285 
v -1.5513142347335815 -0.11624446511268616 1.036553978919983 
v 0.8672845363616943 0.004802796058356762 0.3644677698612213 
v 0.8664165139198303 -0.0032777099404484034 0.3588254451751709 
v 0.784820020198822 0.004802796058356762 0.5187633037567139 
v 0.7798287272453308 -0.0032777099404484034 0.5209333896636963 
v 0.784820020198822 0.004802796058356762 0.5187633037567139 
v 0.7854710221290588 0.00326365209184587 0.5248396396636963 
v 0.8672845363616943 0.004802796058356762 0.3644677698612213 
v 0.8729268908500671 0.00326365209184587 0.3616465926170349 
v 0.8672845363616943 0.03908081725239754 0.3644677698612213 
v 0.8668505549430847 0.04761023819446564 0.3590424656867981 
v 0.8672845363616943 0.004802796058356762 0.3644677698612213 
v 0.8664165139198303 -0.0032777099404484034 0.3588254451751709 
v 0.8672845363616943 0.004802796058356762 0.3644677698612213 
v 0.8729268908500671 0.00326365209184587 0.3616465926170349 
v 0.8672845363616943 0.03908081725239754 0.3644677698612213 
v 0.8724928498268127 0.04017104208469391 0.3614296019077301 
v 0.784820020198822 0.03908081725239754 0.5187633037567139 
v 0.780045747756958 0.04761023819446564 0.5211504101753235 
v 0.8672845363616943 0.03908081725239754 0.3644677698612213 
v 0.8668505549430847 0.04761023819446564 0.3590424656867981 
v 0.8672845363616943 0.03908081725239754 0.3644677698612213 
v 0.8724928498268127 0.04017104208469391 0.3614296019077301 
v 0.784820020198822 0.03908081725239754 0.5187633037567139 
v 0.7852540016174316 0.04017104208469391 0.5246226191520691 
v 0.784820020198822 0.004802796058356762 0.5187633037567139 
v 0.7798287272453308 -0.0032777099404484034 0.5209333896636963 
v 0.784820020198822 0.03908081725239754 0.5187633037567139 
v 0.780045747756958 0.04761023819446564 0.5211504101753235 
v 0.784820020198822 0.03908081725239754 0.5187633037567139 
v 0.7852540016174316 0.04017104208469391 0.5246226191520691 
v 0.784820020198822 0.004802796058356762 0.5187633037567139 
v 0.7854710221290588 0.00326365209184587 0.5248396396636963 
v 1.8334219455718994 -0.11492978036403656 0.3599105179309845 
v 1.8362431526184082 -0.12323474884033203 0.3653357923030853 
v 1.8683608770370483 -0.11492978036403656 0.004878872074186802 
v 1.8722671270370483 -0.12323474884033203 -0.00011240399908274412 
v 1.8683608770370483 -0.11492978036403656 0.004878872074186802 
v 1.865539789199829 -0.11624446511268616 -0.00011240399908274412 
v 1.8334219455718994 -0.11492978036403656 0.3599105179309845 
v 1.8297327756881714 -0.11624446511268616 0.3640337288379669 
v 1.8334219455718994 -0.08065176010131836 0.3599105179309845 
v 1.8366771936416626 -0.07276365160942078 0.3653357923030853 
v 1.8334219455718994 -0.11492978036403656 0.3599105179309845 
v 1.8362431526184082 -0.12323474884033203 0.3653357923030853 
v 1.8334219455718994 -0.11492978036403656 0.3599105179309845 
v 1.8297327756881714 -0.11624446511268616 0.3640337288379669 
v 1.8334219455718994 -0.08065176010131836 0.3599105179309845 
v 1.829298734664917 -0.07892022281885147 0.3638167083263397 
v 1.8683608770370483 -0.08065176010131836 0.004878872074186802 
v 1.8727011680603027 -0.07276365160942078 -0.00011240399908274412 
v 1.8334219455718994 -0.08065176010131836 0.3599105179309845 
v 1.8366771936416626 -0.07276365160942078 0.3653357923030853 
v 1.8334219455718994 -0.08065176010131836 0.3599105179309845 
v 1.829298734664917 -0.07892022281885147 0.3638167083263397 
v 1.8683608770370483 -0.08065176010131836 0.004878872074186802 
v 1.8653227090835571 -0.07892022281885147 -0.00011240399908274412 
v 1.8683608770370483 -0.11492978036403656 0.004878872074186802 
v 1.8722671270370483 -0.12323474884033203 -0.00011240399908274412 
v 1.8683608770370483 -0.08065176010131836 0.004878872074186802 
v 1.8727011680603027 -0.07276365160942078 -0.00011240399908274412 
v 1.8683608770370483 -0.08065176010131836 0.004878872074186802 
v 1.8653227090835571 -0.07892022281885147 -0.00011240399908274412 
v 1.8683608770370483 -0.11492978036403656 0.004878872074186802 
v 1.865539789199829 -0.11624446511268616 -0.00011240399908274412 
v 0.9217545986175537 0.004802796058356762 0.18825401365756989 
v 0.9198014736175537 -0.0032777099404484034 0.18304572999477386 
v 0.8709737658500671 0.004802796058356762 0.3555702567100525 
v 0.8664165139198303 -0.0032777099404484034 0.3588254451751709 
v 0.8709737658500671 0.004802796058356762 0.3555702567100525 
v 0.8729268908500671 0.00326365209184587 0.3616465926170349 
v 0.9217545986175537 0.004802796058356762 0.18825401365756989 
v 0.926528811454773 0.00326365209184587 0.18434779345989227 
v 0.9217545986175537 0.03908081725239754 0.18825401365756989 
v 0.9202355146408081 0.04761023819446564 0.18304572999477386 
v 0.9217545986175537 0.004802796058356762 0.18825401365756989 
v 0.9198014736175537 -0.0032777099404484034 0.18304572999477386 
v 0.9217545986175537 0.004802796058356762 0.18825401365756989 
v 0.926528811454773 0.00326365209184587 0.18434779345989227 
v 0.9217545986175537 0.03908081725239754 0.18825401365756989 
v 0.9260948300361633 0.04017104208469391 0.18413078784942627 
v 0.8709737658500671 0.03908081725239754 0.3555702567100525 
v 0.8668505549430847 0.04761023819446564 0.3590424656867981 
v 0.9217545986175537 0.03908081725239754 0.18825401365756989 
v 0.9202355146408081 0.04761023819446564 0.18304572999477386 
v 0.9217545986175537 0.03908081725239754 0.18825401365756989 
v 0.9260948300361633 0.04017104208469391 0.18413078784942627 
v 0.8709737658500671 0.03908081725239754 0.3555702567100525 
v 0.8724928498268127 0.04017104208469391 0.3614296019077301 
v 0.8709737658500671 0.004802796058356762 0.3555702567100525 
v 0.8664165139198303 -0.0032777099404484034 0.3588254451751709 
v 0.8709737658500671 0.03908081725239754 0.3555702567100525 
v 0.8668505549430847 0.04761023819446564 0.3590424656867981 
v 0.8709737658500671 0.03908081725239754 0.3555702567100525 
v 0.8724928498268127 0.04017104208469391 0.3614296019077301 
v 0.8709737658500671 0.004802796058356762 0.3555702567100525 
v 0.8729268908500671 0.00326365209184587 0.3616465926170349 
v -1.8316936492919922 -0.11492978036403656 0.36924201250076294 
v -1.836250901222229 -0.12323474884033203 0.3653357923030853 
v -1.7279618978500366 -0.11492978036403656 0.7106018662452698 
v -1.7296980619430542 -0.12323474884033203 0.7164612412452698 
v -1.7279618978500366 -0.11492978036403656 0.7106018662452698 
v -1.7236217260360718 -0.11624446511268616 0.7138570547103882 
v -1.8316936492919922 -0.11492978036403656 0.36924201250076294 
v -1.8297405242919922 -0.11624446511268616 0.3640337288379669 
v -1.8316936492919922 -0.08065176010131836 0.36924201250076294 
v -1.8366849422454834 -0.07276365160942078 0.3653357923030853 
v -1.8316936492919922 -0.11492978036403656 0.36924201250076294 
v -1.836250901222229 -0.12323474884033203 0.3653357923030853 
v -1.8316936492919922 -0.11492978036403656 0.36924201250076294 
v -1.8297405242919922 -0.11624446511268616 0.3640337288379669 
v -1.8316936492919922 -0.08065176010131836 0.36924201250076294 
v -1.8293066024780273 -0.07892022281885147 0.3638167083263397 
v -1.7279618978500366 -0.08065176010131836 0.7106018662452698 
v -1.7301321029663086 -0.07276365160942078 0.716678261756897 
v -1.8316936492919922 -0.08065176010131836 0.36924201250076294 
v -1.8366849422454834 -0.07276365160942078 0.3653357923030853 
v -1.8316936492919922 -0.08065176010131836 0.36924201250076294 
v -1.8293066024780273 -0.07892022281885147 0.3638167083263397 
v -1.7279618978500366 -0.08065176010131836 0.7106018662452698 
v -1.7231876850128174 -0.07892022281885147 0.7138570547103882 
v -1.7279618978500366 -0.11492978036403656 0.7106018662452698 
v -1.7296980619430542 -0.12323474884033203 0.7164612412452698 
v -1.7279618978500366 -0.08065176010131836 0.7106018662452698 
v -1.7301321029663086 -0.07276365160942078 0.716678261756897 
v -1.7279618978500366 -0.08065176010131836 0.7106018662452698 
v -1.7231876850128174 -0.07892022281885147 0.7138570547103882 
v -1.7279618978500366 -0.11492978036403656 0.7106018662452698 
v -1.7236217260360718 -0.11624446511268616 0.7138570547103882 
v 0.940851628780365 0.004802796058356762 0.004878872074186802 
v 0.9378134608268738 -0.0032777099404484034 -0.00011240399908274412 
v 0.9237076640129089 0.004802796058356762 0.17892248928546906 
v 0.9198014736175537 -0.0032777099404484034 0.18304572999477386 
v 0.9237076640129089 0.004802796058356762 0.17892248928546906 
v 0.926528811454773 0.00326365209184587 0.18434779345989227 
v 0.940851628780365 0.004802796058356762 0.004878872074186802 
v 0.9447578191757202 0.00326365209184587 -0.00011240399908274412 
v 0.940851628780365 0.03908081725239754 0.004878872074186802 
v 0.9382475018501282 0.04761023819446564 -0.00011240399908274412 
v 0.940851628780365 0.004802796058356762 0.004878872074186802 
v 0.9378134608268738 -0.0032777099404484034 -0.00011240399908274412 
v 0.940851628780365 0.004802796058356762 0.004878872074186802 
v 0.9447578191757202 0.00326365209184587 -0.00011240399908274412 
v 0.940851628780365 0.03908081725239754 0.004878872074186802 
v 0.9443238377571106 0.04017104208469391 -0.00011240399908274412 
v 0.9237076640129089 0.03908081725239754 0.17892248928546906 
v 0.9202355146408081 0.04761023819446564 0.18304572999477386 
v 0.940851628780365 0.03908081725239754 0.004878872074186802 
v 0.9382475018501282 0.04761023819446564 -0.00011240399908274412 
v 0.940851628780365 0.03908081725239754 0.004878872074186802 
v 0.9443238377571106 0.04017104208469391 -0.00011240399908274412 
v 0.9237076640129089 0.03908081725239754 0.17892248928546906 
v 0.9260948300361633 0.04017104208469391 0.18413078784942627 
v 0.9237076640129089 0.004802796058356762 0.17892248928546906 
v 0.9198014736175537 -0.0032777099404484034 0.18304572999477386 
v 0.9237076640129089 0.03908081725239754 0.17892248928546906 
v 0.9202355146408081 0.04761023819446564 0.18304572999477386 
v 0.9237076640129089 0.03908081725239754 0.17892248928546906 
v 0.9260948300361633 0.04017104208469391 0.18413078784942627 
v 0.9237076640129089 0.004802796058356762 0.17892248928546906 
v 0.926528811454773 0.00326365209184587 0.18434779345989227 
v 1.7279541492462158 -0.11492978036403656 0.7106018662452698 
v 1.7296901941299438 -0.12323474884033203 0.7164612412452698 
v 1.8316859006881714 -0.11492978036403656 0.36924201250076294 
v 1.8362431526184082 -0.12323474884033203 0.3653357923030853 
v 1.8316859006881714 -0.11492978036403656 0.36924201250076294 
v 1.8297327756881714 -0.11624446511268616 0.3640337288379669 
v 1.7279541492462158 -0.11492978036403656 0.7106018662452698 
v 1.7236138582229614 -0.11624446511268616 0.7138570547103882 
v 1.7279541492462158 -0.08065176010131836 0.7106018662452698 
v 1.7301242351531982 -0.07276365160942078 0.716678261756897 
v 1.7279541492462158 -0.11492978036403656 0.7106018662452698 
v 1.7296901941299438 -0.12323474884033203 0.7164612412452698 
v 1.7279541492462158 -0.11492978036403656 0.7106018662452698 
v 1.7236138582229614 -0.11624446511268616 0.7138570547103882 
v 1.7279541492462158 -0.08065176010131836 0.7106018662452698 
v 1.7231799364089966 -0.07892022281885147 0.7138570547103882 
v 1.8316859006881714 -0.08065176010131836 0.36924201250076294 
v 1.8366771936416626 -0.07276365160942078 0.3653357923030853 
v 1.7279541492462158 -0.08065176010131836 0.7106018662452698 
v 1.7301242351531982 -0.07276365160942078 0.716678261756897 
v 1.7279541492462158 -0.08065176010131836 0.7106018662452698 
v 1.7231799364089966 -0.07892022281885147 0.7138570547103882 
v 1.8316859006881714 -0.08065176010131836 0.36924201250076294 
v 1.829298734664917 -0.07892022281885147 0.3638167083263397 
v 1.8316859006881714 -0.11492978036403656 0.36924201250076294 
v 1.8362431526184082 -0.12323474884033203 0.3653357923030853 
v 1.8316859006881714 -0.08065176010131836 0.36924201250076294 
v 1.8366771936416626 -0.07276365160942078 0.3653357923030853 
v 1.8316859006881714 -0.08065176010131836 0.36924201250076294 
v 1.829298734664917 -0.07892022281885147 0.3638167083263397 
v 1.8316859006881714 -0.11492978036403656 0.36924201250076294 
v 1.8297327756881714 -0.11624446511268616 0.3640337288379669 
v 0.9237076640129089 0.004802796058356762 -0.17893029749393463 
v 0.9198014736175537 -0.0032777099404484034 -0.18305352330207825 
v 0.940851628780365 0.004802796058356762 -0.004886668175458908 
v 0.9378134608268738 -0.0032777099404484034 -0.00011240399908274412 
v 0.940851628780365 0.004802796058356762 -0.004886668175458908 
v 0.9447578191757202 0.00326365209184587 -0.00011240399908274412 
v 0.9237076640129089 0.004802796058356762 -0.17893029749393463 
v 0.926528811454773 0.00326365209184587 -0.18435558676719666 
v 0.9237076640129089 0.03908081725239754 -0.17893029749393463 
v 0.9202355146408081 0.04761023819446564 -0.18305352330207825 
v 0.9237076640129089 0.004802796058356762 -0.17893029749393463 
v 0.9198014736175537 -0.0032777099404484034 -0.18305352330207825 
v 0.9237076640129089 0.004802796058356762 -0.17893029749393463 
v 0.926528811454773 0.00326365209184587 -0.18435558676719666 
v 0.9237076640129089 0.03908081725239754 -0.17893029749393463 
v 0.9260948300361633 0.04017104208469391 -0.18413858115673065 
v 0.940851628780365 0.03908081725239754 -0.004886668175458908 
v 0.9382475018501282 0.04761023819446564 -0.00011240399908274412 
v 0.9237076640129089 0.03908081725239754 -0.17893029749393463 
v 0.9202355146408081 0.04761023819446564 -0.18305352330207825 
v 0.9237076640129089 0.03908081725239754 -0.17893029749393463 
v 0.9260948300361633 0.04017104208469391 -0.18413858115673065 
v 0.940851628780365 0.03908081725239754 -0.004886668175458908 
v 0.9443238377571106 0.04017104208469391 -0.00011240399908274412 
v 0.940851628780365 0.004802796058356762 -0.004886668175458908 
v 0.9378134608268738 -0.0032777099404484034 -0.00011240399908274412 
v 0.940851628780365 0.03908081725239754 -0.004886668175458908 
v 0.9382475018501282 0.04761023819446564 -0.00011240399908274412 
v 0.940851628780365 0.03908081725239754 -0.004886668175458908 
v 0.9443238377571106 0.04017104208469391 -0.00011240399908274412 
v 0.940851628780365 0.004802796058356762 -0.004886668175458908 
v 0.9447578191757202 0.00326365209184587 -0.00011240399908274412 
v -1.8683687448501587 -0.11492978036403656 0.004878872074186802 
v -1.8722748756408691 -0.12323474884033203 -0.00011240399908274412 
v -1.8334298133850098 -0.11492978036403656 0.3599105179309845 
v -1.836250901222229 -0.12323474884033203 0.3653357923030853 
v -1.8334298133850098 -0.11492978036403656 0.3599105179309845 
v -1.8297405242919922 -0.11624446511268616 0.3640337288379669 
v -1.8683687448501587 -0.11492978036403656 0.004878872074186802 
v -1.86554753780365 -0.11624446511268616 -0.00011240399908274412 
v -1.8683687448501587 -0.08065176010131836 0.004878872074186802 
v -1.8727089166641235 -0.07276365160942078 -0.00011240399908274412 
v -1.8683687448501587 -0.11492978036403656 0.004878872074186802 
v -1.8722748756408691 -0.12323474884033203 -0.00011240399908274412 
v -1.8683687448501587 -0.11492978036403656 0.004878872074186802 
v -1.86554753780365 -0.11624446511268616 -0.00011240399908274412 
v -1.8683687448501587 -0.08065176010131836 0.004878872074186802 
v -1.8653305768966675 -0.07892022281885147 -0.00011240399908274412 
v -1.8334298133850098 -0.08065176010131836 0.3599105179309845 
v -1.8366849422454834 -0.07276365160942078 0.3653357923030853 
v -1.8683687448501587 -0.08065176010131836 0.004878872074186802 
v -1.8727089166641235 -0.07276365160942078 -0.00011240399908274412 
v -1.8683687448501587 -0.08065176010131836 0.004878872074186802 
v -1.8653305768966675 -0.07892022281885147 -0.00011240399908274412 
v -1.8334298133850098 -0.08065176010131836 0.3599105179309845 
v -1.8293066024780273 -0.07892022281885147 0.3638167083263397 
v -1.8334298133850098 -0.11492978036403656 0.3599105179309845 
v -1.836250901222229 -0.12323474884033203 0.3653357923030853 
v -1.8334298133850098 -0.08065176010131836 0.3599105179309845 
v -1.8366849422454834 -0.07276365160942078 0.3653357923030853 
v -1.8334298133850098 -0.08065176010131836 0.3599105179309845 
v -1.8293066024780273 -0.07892022281885147 0.3638167083263397 
v -1.8334298133850098 -0.11492978036403656 0.3599105179309845 
v -1.8297405242919922 -0.11624446511268616 0.3640337288379669 
v 0.8709737658500671 0.004802796058356762 -0.35557806491851807 
v 0.8664165139198303 -0.0032777099404484034 -0.3588332533836365 
v 0.9217545986175537 0.004802796058356762 -0.18826180696487427 
v 0.9198014736175537 -0.0032777099404484034 -0.18305352330207825 
v 0.9217545986175537 0.004802796058356762 -0.18826180696487427 
v 0.926528811454773 0.00326365209184587 -0.18435558676719666 
v 0.8709737658500671 0.004802796058356762 -0.35557806491851807 
v 0.8729268908500671 0.00326365209184587 -0.3616544008255005 
v 0.8709737658500671 0.03908081725239754 -0.35557806491851807 
v 0.8668505549430847 0.04761023819446564 -0.3590502440929413 
v 0.8709737658500671 0.004802796058356762 -0.35557806491851807 
v 0.8664165139198303 -0.0032777099404484034 -0.3588332533836365 
v 0.8709737658500671 0.004802796058356762 -0.35557806491851807 
v 0.8729268908500671 0.00326365209184587 -0.3616544008255005 
v 0.8709737658500671 0.03908081725239754 -0.35557806491851807 
v 0.8724928498268127 0.04017104208469391 -0.3614373803138733 
v 0.9217545986175537 0.03908081725239754 -0.18826180696487427 
v 0.9202355146408081 0.04761023819446564 -0.18305352330207825 
v 0.8709737658500671 0.03908081725239754 -0.35557806491851807 
v 0.8668505549430847 0.04761023819446564 -0.3590502440929413 
v 0.8709737658500671 0.03908081725239754 -0.35557806491851807 
v 0.8724928498268127 0.04017104208469391 -0.3614373803138733 
v 0.9217545986175537 0.03908081725239754 -0.18826180696487427 
v 0.9260948300361633 0.04017104208469391 -0.18413858115673065 
v 0.9217545986175537 0.004802796058356762 -0.18826180696487427 
v 0.9198014736175537 -0.0032777099404484034 -0.18305352330207825 
v 0.9217545986175537 0.03908081725239754 -0.18826180696487427 
v 0.9202355146408081 0.04761023819446564 -0.18305352330207825 
v 0.9217545986175537 0.03908081725239754 -0.18826180696487427 
v 0.9260948300361633 0.04017104208469391 -0.18413858115673065 
v 0.9217545986175537 0.004802796058356762 -0.18826180696487427 
v 0.926528811454773 0.00326365209184587 -0.18435558676719666 
v 1.5562976598739624 -0.11492978036403656 1.0341668128967285 
v 1.5567317008972168 -0.12323474884033203 1.040243148803711 
v 1.7244819402694702 -0.11492978036403656 0.719499409198761 
v 1.7296901941299438 -0.12323474884033203 0.7164612412452698 
v 1.7244819402694702 -0.11492978036403656 0.719499409198761 
v 1.7236138582229614 -0.11624446511268616 0.7138570547103882 
v 1.5562976598739624 -0.11492978036403656 1.0341668128967285 
v 1.5513063669204712 -0.11624446511268616 1.036553978919983 
v 1.5562976598739624 -0.08065176010131836 1.0341668128967285 
v 1.5569486618041992 -0.07276365160942078 1.0404601097106934 
v 1.5562976598739624 -0.11492978036403656 1.0341668128967285 
v 1.5567317008972168 -0.12323474884033203 1.040243148803711 
v 1.5562976598739624 -0.11492978036403656 1.0341668128967285 
v 1.5513063669204712 -0.11624446511268616 1.036553978919983 
v 1.5562976598739624 -0.08065176010131836 1.0341668128967285 
v 1.5508723258972168 -0.07892022281885147 1.036336898803711 
v 1.7244819402694702 -0.08065176010131836 0.719499409198761 
v 1.7301242351531982 -0.07276365160942078 0.716678261756897 
v 1.5562976598739624 -0.08065176010131836 1.0341668128967285 
v 1.5569486618041992 -0.07276365160942078 1.0404601097106934 
v 1.5562976598739624 -0.08065176010131836 1.0341668128967285 
v 1.5508723258972168 -0.07892022281885147 1.036336898803711 
v 1.7244819402694702 -0.08065176010131836 0.719499409198761 
v 1.7231799364089966 -0.07892022281885147 0.7138570547103882 
v 1.7244819402694702 -0.11492978036403656 0.719499409198761 
v 1.7296901941299438 -0.12323474884033203 0.7164612412452698 
v 1.7244819402694702 -0.08065176010131836 0.719499409198761 
v 1.7301242351531982 -0.07276365160942078 0.716678261756897 
v 1.7244819402694702 -0.08065176010131836 0.719499409198761 
v 1.7231799364089966 -0.07892022281885147 0.7138570547103882 
v 1.7244819402694702 -0.11492978036403656 0.719499409198761 
v 1.7236138582229614 -0.11624446511268616 0.7138570547103882 
v 0.784820020198822 0.004802796058356762 -0.5187711119651794 
v 0.7796117067337036 -0.0032777099404484034 -0.5209411978721619 
v 0.8672845363616943 0.004802796058356762 -0.3644755482673645 
v 0.8664165139198303 -0.0032777099404484034 -0.3588332533836365 
v 0.8672845363616943 0.004802796058356762 -0.3644755482673645 
v 0.8729268908500671 0.00326365209184587 -0.3616544008255005 
v 0.784820020198822 0.004802796058356762 -0.5187711119651794 
v 0.7854710221290588 0.00326365209184587 -0.5248474478721619 
v 0.784820020198822 0.03908081725239754 -0.5187711119651794 
v 0.780045747756958 0.04761023819446564 -0.5211582183837891 
v 0.784820020198822 0.004802796058356762 -0.5187711119651794 
v 0.7796117067337036 -0.0032777099404484034 -0.5209411978721619 
v 0.784820020198822 0.004802796058356762 -0.5187711119651794 
v 0.7854710221290588 0.00326365209184587 -0.5248474478721619 
v 0.784820020198822 0.03908081725239754 -0.5187711119651794 
v 0.7852540016174316 0.04017104208469391 -0.5246304273605347 
v 0.8672845363616943 0.03908081725239754 -0.3644755482673645 
v 0.8668505549430847 0.04761023819446564 -0.3590502440929413 
v 0.784820020198822 0.03908081725239754 -0.5187711119651794 
v 0.780045747756958 0.04761023819446564 -0.5211582183837891 
v 0.784820020198822 0.03908081725239754 -0.5187711119651794 
v 0.7852540016174316 0.04017104208469391 -0.5246304273605347 
v 0.8672845363616943 0.03908081725239754 -0.3644755482673645 
v 0.8724928498268127 0.04017104208469391 -0.3614373803138733 
v 0.8672845363616943 0.004802796058356762 -0.3644755482673645 
v 0.8664165139198303 -0.0032777099404484034 -0.3588332533836365 
v 0.8672845363616943 0.03908081725239754 -0.3644755482673645 
v 0.8668505549430847 0.04761023819446564 -0.3590502440929413 
v 0.8672845363616943 0.03908081725239754 -0.3644755482673645 
v 0.8724928498268127 0.04017104208469391 -0.3614373803138733 
v 0.8672845363616943 0.004802796058356762 -0.3644755482673645 
v 0.8729268908500671 0.00326365209184587 -0.3616544008255005 
v -0.17893029749393463 0.004802796058356762 -0.9237154722213745 
v -0.18305352330207825 -0.0032777099404484034 -0.9198092818260193 
v -0.004886668175458908 0.004802796058356762 -0.9408594369888306 
v 0.00010460799967404455 -0.0032777099404484034 -0.9378212690353394 
v -0.004886668175458908 0.004802796058356762 -0.9408594369888306 
v 0.00010460799967404455 0.00326365209184587 -0.9447656273841858 
v -0.17893029749393463 0.004802796058356762 -0.9237154722213745 
v -0.18435558676719666 0.00326365209184587 -0.9265366196632385 
v -0.17893029749393463 0.03908081725239754 -0.9237154722213745 
v -0.18305352330207825 0.04761023819446564 -0.9202432632446289 
v -0.17893029749393463 0.004802796058356762 -0.9237154722213745 
v -0.18305352330207825 -0.0032777099404484034 -0.9198092818260193 
v -0.17893029749393463 0.004802796058356762 -0.9237154722213745 
v -0.18435558676719666 0.00326365209184587 -0.9265366196632385 
v -0.17893029749393463 0.03908081725239754 -0.9237154722213745 
v -0.18413858115673065 0.04017104208469391 -0.9261025786399841 
v -0.004886668175458908 0.03908081725239754 -0.9408594369888306 
v 0.00010460799967404455 0.04761023819446564 -0.938255250453949 
v -0.17893029749393463 0.03908081725239754 -0.9237154722213745 
v -0.18305352330207825 0.04761023819446564 -0.9202432632446289 
v -0.17893029749393463 0.03908081725239754 -0.9237154722213745 
v -0.18413858115673065 0.04017104208469391 -0.9261025786399841 
v -0.004886668175458908 0.03908081725239754 -0.9408594369888306 
v 0.00010460799967404455 0.04017104208469391 -0.9443315863609314 
v -0.004886668175458908 0.004802796058356762 -0.9408594369888306 
v 0.00010460799967404455 -0.0032777099404484034 -0.9378212690353394 
v -0.004886668175458908 0.03908081725239754 -0.9408594369888306 
v 0.00010460799967404455 0.04761023819446564 -0.938255250453949 
v -0.004886668175458908 0.03908081725239754 -0.9408594369888306 
v 0.00010460799967404455 0.04017104208469391 -0.9443315863609314 
v -0.004886668175458908 0.004802796058356762 -0.9408594369888306 
v 0.00010460799967404455 0.00326365209184587 -0.9447656273841858 
v -1.8334298133850098 -0.11492978036403656 -0.3599182963371277 
v -1.836250901222229 -0.12323474884033203 -0.3653436005115509 
v -1.8683687448501587 -0.11492978036403656 -0.004886668175458908 
v -1.8722748756408691 -0.12323474884033203 -0.00011240399908274412 
v -1.8683687448501587 -0.11492978036403656 -0.004886668175458908 
v -1.86554753780365 -0.11624446511268616 -0.00011240399908274412 
v -1.8334298133850098 -0.11492978036403656 -0.3599182963371277 
v -1.8297405242919922 -0.11624446511268616 -0.3640415370464325 
v -1.8334298133850098 -0.08065176010131836 -0.3599182963371277 
v -1.8366849422454834 -0.07276365160942078 -0.3653436005115509 
v -1.8334298133850098 -0.11492978036403656 -0.3599182963371277 
v -1.836250901222229 -0.12323474884033203 -0.3653436005115509 
v -1.8334298133850098 -0.11492978036403656 -0.3599182963371277 
v -1.8297405242919922 -0.11624446511268616 -0.3640415370464325 
v -1.8334298133850098 -0.08065176010131836 -0.3599182963371277 
v -1.8293066024780273 -0.07892022281885147 -0.3638245165348053 
v -1.8683687448501587 -0.08065176010131836 -0.004886668175458908 
v -1.8727089166641235 -0.07276365160942078 -0.00011240399908274412 
v -1.8334298133850098 -0.08065176010131836 -0.3599182963371277 
v -1.8366849422454834 -0.07276365160942078 -0.3653436005115509 
v -1.8334298133850098 -0.08065176010131836 -0.3599182963371277 
v -1.8293066024780273 -0.07892022281885147 -0.3638245165348053 
v -1.8683687448501587 -0.08065176010131836 -0.004886668175458908 
v -1.8653305768966675 -0.07892022281885147 -0.00011240399908274412 
v -1.8683687448501587 -0.11492978036403656 -0.004886668175458908 
v -1.8722748756408691 -0.12323474884033203 -0.00011240399908274412 
v -1.8683687448501587 -0.08065176010131836 -0.004886668175458908 
v -1.8727089166641235 -0.07276365160942078 -0.00011240399908274412 
v -1.8683687448501587 -0.08065176010131836 -0.004886668175458908 
v -1.8653305768966675 -0.07892022281885147 -0.00011240399908274412 
v -1.8683687448501587 -0.11492978036403656 -0.004886668175458908 
v -1.86554753780365 -0.11624446511268616 -0.00011240399908274412 
v 0.6687185764312744 0.004802796058356762 -0.6617819666862488 
v 0.6630762815475464 -0.0032777099404484034 -0.663084089756012 
v 0.7796117067337036 0.004802796058356762 -0.5265834927558899 
v 0.7796117067337036 -0.0032777099404484034 -0.5209411978721619 
v 0.7796117067337036 0.004802796058356762 -0.5265834927558899 
v 0.7854710221290588 0.00326365209184587 -0.5248474478721619 
v 0.6687185764312744 0.004802796058356762 -0.6617819666862488 
v 0.6680675148963928 0.00326365209184587 -0.6680753231048584 
v 0.6687185764312744 0.03908081725239754 -0.6617819666862488 
v 0.663510262966156 0.04761023819446564 -0.6635180711746216 
v 0.6687185764312744 0.004802796058356762 -0.6617819666862488 
v 0.6630762815475464 -0.0032777099404484034 -0.663084089756012 
v 0.6687185764312744 0.004802796058356762 -0.6617819666862488 
v 0.6680675148963928 0.00326365209184587 -0.6680753231048584 
v 0.6687185764312744 0.03908081725239754 -0.6617819666862488 
v 0.6676335334777832 0.04017104208469391 -0.6676413416862488 
v 0.7796117067337036 0.03908081725239754 -0.5265834927558899 
v 0.780045747756958 0.04761023819446564 -0.5211582183837891 
v 0.6687185764312744 0.03908081725239754 -0.6617819666862488 
v 0.663510262966156 0.04761023819446564 -0.6635180711746216 
v 0.6687185764312744 0.03908081725239754 -0.6617819666862488 
v 0.6676335334777832 0.04017104208469391 -0.6676413416862488 
v 0.7796117067337036 0.03908081725239754 -0.5265834927558899 
v 0.7852540016174316 0.04017104208469391 -0.5246304273605347 
v 0.7796117067337036 0.004802796058356762 -0.5265834927558899 
v 0.7796117067337036 -0.0032777099404484034 -0.5209411978721619 
v 0.7796117067337036 0.03908081725239754 -0.5265834927558899 
v 0.780045747756958 0.04761023819446564 -0.5211582183837891 
v 0.7796117067337036 0.03908081725239754 -0.5265834927558899 
v 0.7852540016174316 0.04017104208469391 -0.5246304273605347 
v 0.7796117067337036 0.004802796058356762 -0.5265834927558899 
v 0.7854710221290588 0.00326365209184587 -0.5248474478721619 
v -0.35557806491851807 0.004802796058356762 -0.8709815740585327 
v -0.3588332533836365 -0.0032777099404484034 -0.8664243221282959 
v -0.18826180696487427 0.004802796058356762 -0.9217623472213745 
v -0.18305352330207825 -0.0032777099404484034 -0.9198092818260193 
v -0.18826180696487427 0.004802796058356762 -0.9217623472213745 
v -0.18435558676719666 0.00326365209184587 -0.9265366196632385 
v -0.35557806491851807 0.004802796058356762 -0.8709815740585327 
v -0.3616544008255005 0.00326365209184587 -0.8729346394538879 
v -0.35557806491851807 0.03908081725239754 -0.8709815740585327 
v -0.3590502440929413 0.04761023819446564 -0.8668583035469055 
v -0.35557806491851807 0.004802796058356762 -0.8709815740585327 
v -0.3588332533836365 -0.0032777099404484034 -0.8664243221282959 
v -0.35557806491851807 0.004802796058356762 -0.8709815740585327 
v -0.3616544008255005 0.00326365209184587 -0.8729346394538879 
v -0.35557806491851807 0.03908081725239754 -0.8709815740585327 
v -0.3614373803138733 0.04017104208469391 -0.8725006580352783 
v -0.18826180696487427 0.03908081725239754 -0.9217623472213745 
v -0.18305352330207825 0.04761023819446564 -0.9202432632446289 
v -0.35557806491851807 0.03908081725239754 -0.8709815740585327 
v -0.3590502440929413 0.04761023819446564 -0.8668583035469055 
v -0.35557806491851807 0.03908081725239754 -0.8709815740585327 
v -0.3614373803138733 0.04017104208469391 -0.8725006580352783 
v -0.18826180696487427 0.03908081725239754 -0.9217623472213745 
v -0.18413858115673065 0.04017104208469391 -0.9261025786399841 
v -0.18826180696487427 0.004802796058356762 -0.9217623472213745 
v -0.18305352330207825 -0.0032777099404484034 -0.9198092818260193 
v -0.18826180696487427 0.03908081725239754 -0.9217623472213745 
v -0.18305352330207825 0.04761023819446564 -0.9202432632446289 
v -0.18826180696487427 0.03908081725239754 -0.9217623472213745 
v -0.18413858115673065 0.04017104208469391 -0.9261025786399841 
v -0.18826180696487427 0.004802796058356762 -0.9217623472213745 
v -0.18435558676719666 0.00326365209184587 -0.9265366196632385 
v 1.3245288133621216 -0.11492978036403656 1.3178014755249023 
v 1.3238778114318848 -0.12323474884033203 1.3238778114318848 
v 1.5508723258972168 -0.11492978036403656 1.041979193687439 
v 1.5567317008972168 -0.12323474884033203 1.040243148803711 
v 1.5508723258972168 -0.11492978036403656 1.041979193687439 
v 1.5513063669204712 -0.11624446511268616 1.036553978919983 
v 1.3245288133621216 -0.11492978036403656 1.3178014755249023 
v 1.3191035985946655 -0.11624446511268616 1.3191035985946655 
v 1.3245288133621216 -0.08065176010131836 1.3178014755249023 
v 1.3240947723388672 -0.07276365160942078 1.3240947723388672 
v 1.3245288133621216 -0.11492978036403656 1.3178014755249023 
v 1.3238778114318848 -0.12323474884033203 1.3238778114318848 
v 1.3245288133621216 -0.11492978036403656 1.3178014755249023 
v 1.3191035985946655 -0.11624446511268616 1.3191035985946655 
v 1.3245288133621216 -0.08065176010131836 1.3178014755249023 
v 1.3188865184783936 -0.07892022281885147 1.3188865184783936 
v 1.5508723258972168 -0.08065176010131836 1.041979193687439 
v 1.5569486618041992 -0.07276365160942078 1.0404601097106934 
v 1.3245288133621216 -0.08065176010131836 1.3178014755249023 
v 1.3240947723388672 -0.07276365160942078 1.3240947723388672 
v 1.3245288133621216 -0.08065176010131836 1.3178014755249023 
v 1.3188865184783936 -0.07892022281885147 1.3188865184783936 
v 1.5508723258972168 -0.08065176010131836 1.041979193687439 
v 1.5508723258972168 -0.07892022281885147 1.036336898803711 
v 1.5508723258972168 -0.11492978036403656 1.041979193687439 
v 1.5567317008972168 -0.12323474884033203 1.040243148803711 
v 1.5508723258972168 -0.08065176010131836 1.041979193687439 
v 1.5569486618041992 -0.07276365160942078 1.0404601097106934 
v 1.5508723258972168 -0.08065176010131836 1.041979193687439 
v 1.5508723258972168 -0.07892022281885147 1.036336898803711 
v 1.5508723258972168 -0.11492978036403656 1.041979193687439 
v 1.5513063669204712 -0.11624446511268616 1.036553978919983 
v 0.5265757441520691 0.004802796058356762 -0.7796195149421692 
v 0.5209333896636963 -0.0032777099404484034 -0.7798365354537964 
v 0.661774218082428 0.004802796058356762 -0.66872638463974 
v 0.6630762815475464 -0.0032777099404484034 -0.663084089756012 
v 0.661774218082428 0.004802796058356762 -0.66872638463974 
v 0.6680675148963928 0.00326365209184587 -0.6680753231048584 
v 0.5265757441520691 0.004802796058356762 -0.7796195149421692 
v 0.5248396396636963 0.00326365209184587 -0.7854788303375244 
v 0.5265757441520691 0.03908081725239754 -0.7796195149421692 
v 0.5211504101753235 0.04761023819446564 -0.7800535559654236 
v 0.5265757441520691 0.004802796058356762 -0.7796195149421692 
v 0.5209333896636963 -0.0032777099404484034 -0.7798365354537964 
v 0.5265757441520691 0.004802796058356762 -0.7796195149421692 
v 0.5248396396636963 0.00326365209184587 -0.7854788303375244 
v 0.5265757441520691 0.03908081725239754 -0.7796195149421692 
v 0.5246226191520691 0.04017104208469391 -0.7852618098258972 
v 0.661774218082428 0.03908081725239754 -0.66872638463974 
v 0.663510262966156 0.04761023819446564 -0.6635180711746216 
v 0.5265757441520691 0.03908081725239754 -0.7796195149421692 
v 0.5211504101753235 0.04761023819446564 -0.7800535559654236 
v 0.5265757441520691 0.03908081725239754 -0.7796195149421692 
v 0.5246226191520691 0.04017104208469391 -0.7852618098258972 
v 0.661774218082428 0.03908081725239754 -0.66872638463974 
v 0.6676335334777832 0.04017104208469391 -0.6676413416862488 
v 0.661774218082428 0.004802796058356762 -0.66872638463974 
v 0.6630762815475464 -0.0032777099404484034 -0.663084089756012 
v 0.661774218082428 0.03908081725239754 -0.66872638463974 
v 0.663510262966156 0.04761023819446564 -0.6635180711746216 
v 0.661774218082428 0.03908081725239754 -0.66872638463974 
v 0.6676335334777832 0.04017104208469391 -0.6676413416862488 
v 0.661774218082428 0.004802796058356762 -0.66872638463974 
v 0.6680675148963928 0.00326365209184587 -0.6680753231048584 
v -0.5187711119651794 0.004802796058356762 -0.7848277688026428 
v -0.5209411978721619 -0.0032777099404484034 -0.7798365354537964 
v -0.3644755482673645 0.004802796058356762 -0.8672923445701599 
v -0.3588332533836365 -0.0032777099404484034 -0.8664243221282959 
v -0.3644755482673645 0.004802796058356762 -0.8672923445701599 
v -0.3616544008255005 0.00326365209184587 -0.8729346394538879 
v -0.5187711119651794 0.004802796058356762 -0.7848277688026428 
v -0.5248474478721619 0.00326365209184587 -0.7854788303375244 
v -0.5187711119651794 0.03908081725239754 -0.7848277688026428 
v -0.5211582183837891 0.04761023819446564 -0.7800535559654236 
v -0.5187711119651794 0.004802796058356762 -0.7848277688026428 
v -0.5209411978721619 -0.0032777099404484034 -0.7798365354537964 
v -0.5187711119651794 0.004802796058356762 -0.7848277688026428 
v -0.5248474478721619 0.00326365209184587 -0.7854788303375244 
v -0.5187711119651794 0.03908081725239754 -0.7848277688026428 
v -0.5246304273605347 0.04017104208469391 -0.7852618098258972 
v -0.3644755482673645 0.03908081725239754 -0.8672923445701599 
v -0.3590502440929413 0.04761023819446564 -0.8668583035469055 
v -0.5187711119651794 0.03908081725239754 -0.7848277688026428 
v -0.5211582183837891 0.04761023819446564 -0.7800535559654236 
v -0.5187711119651794 0.03908081725239754 -0.7848277688026428 
v -0.5246304273605347 0.04017104208469391 -0.7852618098258972 
v -0.3644755482673645 0.03908081725239754 -0.8672923445701599 
v -0.3614373803138733 0.04017104208469391 -0.8725006580352783 
v -0.3644755482673645 0.004802796058356762 -0.8672923445701599 
v -0.3588332533836365 -0.0032777099404484034 -0.8664243221282959 
v -0.3644755482673645 0.03908081725239754 -0.8672923445701599 
v -0.3590502440929413 0.04761023819446564 -0.8668583035469055 
v -0.3644755482673645 0.03908081725239754 -0.8672923445701599 
v -0.3614373803138733 0.04017104208469391 -0.8725006580352783 
v -0.3644755482673645 0.004802796058356762 -0.8672923445701599 
v -0.3616544008255005 0.00326365209184587 -0.8729346394538879 
v -1.7279618978500366 -0.11492978036403656 -0.7106096744537354 
v -1.7296980619430542 -0.12323474884033203 -0.7164689898490906 
v -1.8316936492919922 -0.11492978036403656 -0.3692498207092285 
v -1.836250901222229 -0.12323474884033203 -0.3653436005115509 
v -1.8316936492919922 -0.11492978036403656 -0.3692498207092285 
v -1.8297405242919922 -0.11624446511268616 -0.3640415370464325 
v -1.7279618978500366 -0.11492978036403656 -0.7106096744537354 
v -1.7236217260360718 -0.11624446511268616 -0.7138648629188538 
v -1.7279618978500366 -0.08065176010131836 -0.7106096744537354 
v -1.7301321029663086 -0.07276365160942078 -0.7166860103607178 
v -1.7279618978500366 -0.11492978036403656 -0.7106096744537354 
v -1.7296980619430542 -0.12323474884033203 -0.7164689898490906 
v -1.7279618978500366 -0.11492978036403656 -0.7106096744537354 
v -1.7236217260360718 -0.11624446511268616 -0.7138648629188538 
v -1.7279618978500366 -0.08065176010131836 -0.7106096744537354 
v -1.7231876850128174 -0.07892022281885147 -0.7138648629188538 
v -1.8316936492919922 -0.08065176010131836 -0.3692498207092285 
v -1.8366849422454834 -0.07276365160942078 -0.3653436005115509 
v -1.7279618978500366 -0.08065176010131836 -0.7106096744537354 
v -1.7301321029663086 -0.07276365160942078 -0.7166860103607178 
v -1.7279618978500366 -0.08065176010131836 -0.7106096744537354 
v -1.7231876850128174 -0.07892022281885147 -0.7138648629188538 
v -1.8316936492919922 -0.08065176010131836 -0.3692498207092285 
v -1.8293066024780273 -0.07892022281885147 -0.3638245165348053 
v -1.8316936492919922 -0.11492978036403656 -0.3692498207092285 
v -1.836250901222229 -0.12323474884033203 -0.3653436005115509 
v -1.8316936492919922 -0.08065176010131836 -0.3692498207092285 
v -1.8366849422454834 -0.07276365160942078 -0.3653436005115509 
v -1.8316936492919922 -0.08065176010131836 -0.3692498207092285 
v -1.8293066024780273 -0.07892022281885147 -0.3638245165348053 
v -1.8316936492919922 -0.11492978036403656 -0.3692498207092285 
v -1.8297405242919922 -0.11624446511268616 -0.3640415370464325 
v 0.3644677698612213 0.004802796058356762 -0.8672923445701599 
v 0.3588254451751709 -0.0032777099404484034 -0.8664243221282959 
v 0.5187633037567139 0.004802796058356762 -0.7848277688026428 
v 0.5209333896636963 -0.0032777099404484034 -0.7798365354537964 
v 0.5187633037567139 0.004802796058356762 -0.7848277688026428 
v 0.5248396396636963 0.00326365209184587 -0.7854788303375244 
v 0.3644677698612213 0.004802796058356762 -0.8672923445701599 
v 0.3616465926170349 0.00326365209184587 -0.8729346394538879 
v 0.3644677698612213 0.03908081725239754 -0.8672923445701599 
v 0.3590424656867981 0.04761023819446564 -0.8668583035469055 
v 0.3644677698612213 0.004802796058356762 -0.8672923445701599 
v 0.3588254451751709 -0.0032777099404484034 -0.8664243221282959 
v 0.3644677698612213 0.004802796058356762 -0.8672923445701599 
v 0.3616465926170349 0.00326365209184587 -0.8729346394538879 
v 0.3644677698612213 0.03908081725239754 -0.8672923445701599 
v 0.3614296019077301 0.04017104208469391 -0.8725006580352783 
v 0.5187633037567139 0.03908081725239754 -0.7848277688026428 
v 0.5211504101753235 0.04761023819446564 -0.7800535559654236 
v 0.3644677698612213 0.03908081725239754 -0.8672923445701599 
v 0.3590424656867981 0.04761023819446564 -0.8668583035469055 
v 0.3644677698612213 0.03908081725239754 -0.8672923445701599 
v 0.3614296019077301 0.04017104208469391 -0.8725006580352783 
v 0.5187633037567139 0.03908081725239754 -0.7848277688026428 
v 0.5246226191520691 0.04017104208469391 -0.7852618098258972 
v 0.5187633037567139 0.004802796058356762 -0.7848277688026428 
v 0.5209333896636963 -0.0032777099404484034 -0.7798365354537964 
v 0.5187633037567139 0.03908081725239754 -0.7848277688026428 
v 0.5211504101753235 0.04761023819446564 -0.7800535559654236 
v 0.5187633037567139 0.03908081725239754 -0.7848277688026428 
v 0.5246226191520691 0.04017104208469391 -0.7852618098258972 
v 0.5187633037567139 0.004802796058356762 -0.7848277688026428 
v 0.5248396396636963 0.00326365209184587 -0.7854788303375244 
v -0.6617819666862488 0.004802796058356762 -0.66872638463974 
v -0.663084089756012 -0.0032777099404484034 -0.663084089756012 
v -0.5265834927558899 0.004802796058356762 -0.7796195149421692 
v -0.5209411978721619 -0.0032777099404484034 -0.7798365354537964 
v -0.5265834927558899 0.004802796058356762 -0.7796195149421692 
v -0.5248474478721619 0.00326365209184587 -0.7854788303375244 
v -0.6617819666862488 0.004802796058356762 -0.66872638463974 
v -0.6680753231048584 0.00326365209184587 -0.6680753231048584 
v -0.6617819666862488 0.03908081725239754 -0.66872638463974 
v -0.6635180711746216 0.04761023819446564 -0.6635180711746216 
v -0.6617819666862488 0.004802796058356762 -0.66872638463974 
v -0.663084089756012 -0.0032777099404484034 -0.663084089756012 
v -0.6617819666862488 0.004802796058356762 -0.66872638463974 
v -0.6680753231048584 0.00326365209184587 -0.6680753231048584 
v -0.6617819666862488 0.03908081725239754 -0.66872638463974 
v -0.6676413416862488 0.04017104208469391 -0.6676413416862488 
v -0.5265834927558899 0.03908081725239754 -0.7796195149421692 
v -0.5211582183837891 0.04761023819446564 -0.7800535559654236 
v -0.6617819666862488 0.03908081725239754 -0.66872638463974 
v -0.6635180711746216 0.04761023819446564 -0.6635180711746216 
v -0.6617819666862488 0.03908081725239754 -0.66872638463974 
v -0.6676413416862488 0.04017104208469391 -0.6676413416862488 
v -0.5265834927558899 0.03908081725239754 -0.7796195149421692 
v -0.5246304273605347 0.04017104208469391 -0.7852618098258972 
v -0.5265834927558899 0.004802796058356762 -0.7796195149421692 
v -0.5209411978721619 -0.0032777099404484034 -0.7798365354537964 
v -0.5265834927558899 0.03908081725239754 -0.7796195149421692 
v -0.5211582183837891 0.04761023819446564 -0.7800535559654236 
v -0.5265834927558899 0.03908081725239754 -0.7796195149421692 
v -0.5246304273605347 0.04017104208469391 -0.7852618098258972 
v -0.5265834927558899 0.004802796058356762 -0.7796195149421692 
v -0.5248474478721619 0.00326365209184587 -0.7854788303375244 
v 1.041979193687439 -0.11492978036403656 1.5508723258972168 
v 1.040243148803711 -0.12323474884033203 1.5567317008972168 
v 1.3178014755249023 -0.11492978036403656 1.3245288133621216 
v 1.3238778114318848 -0.12323474884033203 1.3238778114318848 
v 1.3178014755249023 -0.11492978036403656 1.3245288133621216 
v 1.3191035985946655 -0.11624446511268616 1.3191035985946655 
v 1.041979193687439 -0.11492978036403656 1.5508723258972168 
v 1.036553978919983 -0.11624446511268616 1.5513063669204712 
v 1.041979193687439 -0.08065176010131836 1.5508723258972168 
v 1.0404601097106934 -0.07276365160942078 1.5569486618041992 
v 1.041979193687439 -0.11492978036403656 1.5508723258972168 
v 1.040243148803711 -0.12323474884033203 1.5567317008972168 
v 1.041979193687439 -0.11492978036403656 1.5508723258972168 
v 1.036553978919983 -0.11624446511268616 1.5513063669204712 
v 1.041979193687439 -0.08065176010131836 1.5508723258972168 
v 1.036336898803711 -0.07892022281885147 1.5508723258972168 
v 1.3178014755249023 -0.08065176010131836 1.3245288133621216 
v 1.3240947723388672 -0.07276365160942078 1.3240947723388672 
v 1.041979193687439 -0.08065176010131836 1.5508723258972168 
v 1.0404601097106934 -0.07276365160942078 1.5569486618041992 
v 1.041979193687439 -0.08065176010131836 1.5508723258972168 
v 1.036336898803711 -0.07892022281885147 1.5508723258972168 
v 1.3178014755249023 -0.08065176010131836 1.3245288133621216 
v 1.3188865184783936 -0.07892022281885147 1.3188865184783936 
v 1.3178014755249023 -0.11492978036403656 1.3245288133621216 
v 1.3238778114318848 -0.12323474884033203 1.3238778114318848 
v 1.3178014755249023 -0.08065176010131836 1.3245288133621216 
v 1.3240947723388672 -0.07276365160942078 1.3240947723388672 
v 1.3178014755249023 -0.08065176010131836 1.3245288133621216 
v 1.3188865184783936 -0.07892022281885147 1.3188865184783936 
v 1.3178014755249023 -0.11492978036403656 1.3245288133621216 
v 1.3191035985946655 -0.11624446511268616 1.3191035985946655 
v 0.18825401365756989 0.004802796058356762 -0.9217623472213745 
v 0.18304572999477386 -0.0032777099404484034 -0.9198092818260193 
v 0.3555702567100525 0.004802796058356762 -0.8709815740585327 
v 0.3588254451751709 -0.0032777099404484034 -0.8664243221282959 
v 0.3555702567100525 0.004802796058356762 -0.8709815740585327 
v 0.3616465926170349 0.00326365209184587 -0.8729346394538879 
v 0.18825401365756989 0.004802796058356762 -0.9217623472213745 
v 0.18434779345989227 0.00326365209184587 -0.9265366196632385 
v 0.18825401365756989 0.03908081725239754 -0.9217623472213745 
v 0.18304572999477386 0.04761023819446564 -0.9202432632446289 
v 0.18825401365756989 0.004802796058356762 -0.9217623472213745 
v 0.18304572999477386 -0.0032777099404484034 -0.9198092818260193 
v 0.18825401365756989 0.004802796058356762 -0.9217623472213745 
v 0.18434779345989227 0.00326365209184587 -0.9265366196632385 
v 0.18825401365756989 0.03908081725239754 -0.9217623472213745 
v 0.18413078784942627 0.04017104208469391 -0.9261025786399841 
v 0.3555702567100525 0.03908081725239754 -0.8709815740585327 
v 0.3590424656867981 0.04761023819446564 -0.8668583035469055 
v 0.18825401365756989 0.03908081725239754 -0.9217623472213745 
v 0.18304572999477386 0.04761023819446564 -0.9202432632446289 
v 0.18825401365756989 0.03908081725239754 -0.9217623472213745 
v 0.18413078784942627 0.04017104208469391 -0.9261025786399841 
v 0.3555702567100525 0.03908081725239754 -0.8709815740585327 
v 0.3614296019077301 0.04017104208469391 -0.8725006580352783 
v 0.3555702567100525 0.004802796058356762 -0.8709815740585327 
v 0.3588254451751709 -0.0032777099404484034 -0.8664243221282959 
v 0.3555702567100525 0.03908081725239754 -0.8709815740585327 
v 0.3590424656867981 0.04761023819446564 -0.8668583035469055 
v 0.3555702567100525 0.03908081725239754 -0.8709815740585327 
v 0.3614296019077301 0.04017104208469391 -0.8725006580352783 
v 0.3555702567100525 0.004802796058356762 -0.8709815740585327 
v 0.3616465926170349 0.00326365209184587 -0.8729346394538879 
v -0.7796195149421692 0.004802796058356762 -0.5265834927558899 
v -0.7796195149421692 -0.0032777099404484034 -0.5209411978721619 
v -0.66872638463974 0.004802796058356762 -0.6617819666862488 
v -0.663084089756012 -0.0032777099404484034 -0.663084089756012 
v -0.66872638463974 0.004802796058356762 -0.6617819666862488 
v -0.6680753231048584 0.00326365209184587 -0.6680753231048584 
v -0.7796195149421692 0.004802796058356762 -0.5265834927558899 
v -0.7854788303375244 0.00326365209184587 -0.5248474478721619 
v -0.7796195149421692 0.03908081725239754 -0.5265834927558899 
v -0.7800535559654236 0.04761023819446564 -0.5211582183837891 
v -0.7796195149421692 0.004802796058356762 -0.5265834927558899 
v -0.7796195149421692 -0.0032777099404484034 -0.5209411978721619 
v -0.7796195149421692 0.004802796058356762 -0.5265834927558899 
v -0.7854788303375244 0.00326365209184587 -0.5248474478721619 
v -0.7796195149421692 0.03908081725239754 -0.5265834927558899 
v -0.7852618098258972 0.04017104208469391 -0.5246304273605347 
v -0.66872638463974 0.03908081725239754 -0.6617819666862488 
v -0.6635180711746216 0.04761023819446564 -0.6635180711746216 
v -0.7796195149421692 0.03908081725239754 -0.5265834927558899 
v -0.7800535559654236 0.04761023819446564 -0.5211582183837891 
v -0.7796195149421692 0.03908081725239754 -0.5265834927558899 
v -0.7852618098258972 0.04017104208469391 -0.5246304273605347 
v -0.66872638463974 0.03908081725239754 -0.6617819666862488 
v -0.6676413416862488 0.04017104208469391 -0.6676413416862488 
v -0.66872638463974 0.004802796058356762 -0.6617819666862488 
v -0.663084089756012 -0.0032777099404484034 -0.663084089756012 
v -0.66872638463974 0.03908081725239754 -0.6617819666862488 
v -0.6635180711746216 0.04761023819446564 -0.6635180711746216 
v -0.66872638463974 0.03908081725239754 -0.6617819666862488 
v -0.6676413416862488 0.04017104208469391 -0.6676413416862488 
v -0.66872638463974 0.004802796058356762 -0.6617819666862488 
v -0.6680753231048584 0.00326365209184587 -0.6680753231048584 
v -1.5563054084777832 -0.11492978036403656 -1.0341745615005493 
v -1.5567394495010376 -0.12323474884033203 -1.0402508974075317 
v -1.7244898080825806 -0.11492978036403656 -0.7195071578025818 
v -1.7296980619430542 -0.12323474884033203 -0.7164689898490906 
v -1.7244898080825806 -0.11492978036403656 -0.7195071578025818 
v -1.7236217260360718 -0.11624446511268616 -0.7138648629188538 
v -1.5563054084777832 -0.11492978036403656 -1.0341745615005493 
v -1.5513142347335815 -0.11624446511268616 -1.0365617275238037 
v -1.5563054084777832 -0.08065176010131836 -1.0341745615005493 
v -1.5569565296173096 -0.07276365160942078 -1.0404679775238037 
v -1.5563054084777832 -0.11492978036403656 -1.0341745615005493 
v -1.5567394495010376 -0.12323474884033203 -1.0402508974075317 
v -1.5563054084777832 -0.11492978036403656 -1.0341745615005493 
v -1.5513142347335815 -0.11624446511268616 -1.0365617275238037 
v -1.5563054084777832 -0.08065176010131836 -1.0341745615005493 
v -1.5508801937103271 -0.07892022281885147 -1.0363446474075317 
v -1.7244898080825806 -0.08065176010131836 -0.7195071578025818 
v -1.7301321029663086 -0.07276365160942078 -0.7166860103607178 
v -1.5563054084777832 -0.08065176010131836 -1.0341745615005493 
v -1.5569565296173096 -0.07276365160942078 -1.0404679775238037 
v -1.5563054084777832 -0.08065176010131836 -1.0341745615005493 
v -1.5508801937103271 -0.07892022281885147 -1.0363446474075317 
v -1.7244898080825806 -0.08065176010131836 -0.7195071578025818 
v -1.7231876850128174 -0.07892022281885147 -0.7138648629188538 
v -1.7244898080825806 -0.11492978036403656 -0.7195071578025818 
v -1.7296980619430542 -0.12323474884033203 -0.7164689898490906 
v -1.7244898080825806 -0.08065176010131836 -0.7195071578025818 
v -1.7301321029663086 -0.07276365160942078 -0.7166860103607178 
v -1.7244898080825806 -0.08065176010131836 -0.7195071578025818 
v -1.7231876850128174 -0.07892022281885147 -0.7138648629188538 
v -1.7244898080825806 -0.11492978036403656 -0.7195071578025818 
v -1.7236217260360718 -0.11624446511268616 -0.7138648629188538 
v 0.004878872074186802 0.004802796058356762 -0.9408594369888306 
v 0.00010460799967404455 -0.0032777099404484034 -0.9378212690353394 
v 0.17892248928546906 0.004802796058356762 -0.9237154722213745 
v 0.18304572999477386 -0.0032777099404484034 -0.9198092818260193 
v 0.17892248928546906 0.004802796058356762 -0.9237154722213745 
v 0.18434779345989227 0.00326365209184587 -0.9265366196632385 
v 0.004878872074186802 0.004802796058356762 -0.9408594369888306 
v 0.00010460799967404455 0.00326365209184587 -0.9447656273841858 
v 0.004878872074186802 0.03908081725239754 -0.9408594369888306 
v 0.00010460799967404455 0.04761023819446564 -0.938255250453949 
v 0.004878872074186802 0.004802796058356762 -0.9408594369888306 
v 0.00010460799967404455 -0.0032777099404484034 -0.9378212690353394 
v 0.004878872074186802 0.004802796058356762 -0.9408594369888306 
v 0.00010460799967404455 0.00326365209184587 -0.9447656273841858 
v 0.004878872074186802 0.03908081725239754 -0.9408594369888306 
v 0.00010460799967404455 0.04017104208469391 -0.9443315863609314 
v 0.17892248928546906 0.03908081725239754 -0.9237154722213745 
v 0.18304572999477386 0.04761023819446564 -0.9202432632446289 
v 0.004878872074186802 0.03908081725239754 -0.9408594369888306 
v 0.00010460799967404455 0.04761023819446564 -0.938255250453949 
v 0.004878872074186802 0.03908081725239754 -0.9408594369888306 
v 0.00010460799967404455 0.04017104208469391 -0.9443315863609314 
v 0.17892248928546906 0.03908081725239754 -0.9237154722213745 
v 0.18413078784942627 0.04017104208469391 -0.9261025786399841 
v 0.17892248928546906 0.004802796058356762 -0.9237154722213745 
v 0.18304572999477386 -0.0032777099404484034 -0.9198092818260193 
v 0.17892248928546906 0.03908081725239754 -0.9237154722213745 
v 0.18304572999477386 0.04761023819446564 -0.9202432632446289 
v 0.17892248928546906 0.03908081725239754 -0.9237154722213745 
v 0.18413078784942627 0.04017104208469391 -0.9261025786399841 
v 0.17892248928546906 0.004802796058356762 -0.9237154722213745 
v 0.18434779345989227 0.00326365209184587 -0.9265366196632385 
v -0.8672923445701599 0.004802796058356762 -0.3644755482673645 
v -0.8664243221282959 -0.0032777099404484034 -0.3588332533836365 
v -0.7848277688026428 0.004802796058356762 -0.5187711119651794 
v -0.7796195149421692 -0.0032777099404484034 -0.5209411978721619 
v -0.7848277688026428 0.004802796058356762 -0.5187711119651794 
v -0.7854788303375244 0.00326365209184587 -0.5248474478721619 
v -0.8672923445701599 0.004802796058356762 -0.3644755482673645 
v -0.8729346394538879 0.00326365209184587 -0.3616544008255005 
v -0.8672923445701599 0.03908081725239754 -0.3644755482673645 
v -0.8668583035469055 0.04761023819446564 -0.3590502440929413 
v -0.8672923445701599 0.004802796058356762 -0.3644755482673645 
v -0.8664243221282959 -0.0032777099404484034 -0.3588332533836365 
v -0.8672923445701599 0.004802796058356762 -0.3644755482673645 
v -0.8729346394538879 0.00326365209184587 -0.3616544008255005 
v -0.8672923445701599 0.03908081725239754 -0.3644755482673645 
v -0.8725006580352783 0.04017104208469391 -0.3614373803138733 
v -0.7848277688026428 0.03908081725239754 -0.5187711119651794 
v -0.7800535559654236 0.04761023819446564 -0.5211582183837891 
v -0.8672923445701599 0.03908081725239754 -0.3644755482673645 
v -0.8668583035469055 0.04761023819446564 -0.3590502440929413 
v -0.8672923445701599 0.03908081725239754 -0.3644755482673645 
v -0.8725006580352783 0.04017104208469391 -0.3614373803138733 
v -0.7848277688026428 0.03908081725239754 -0.5187711119651794 
v -0.7852618098258972 0.04017104208469391 -0.5246304273605347 
v -0.7848277688026428 0.004802796058356762 -0.5187711119651794 
v -0.7796195149421692 -0.0032777099404484034 -0.5209411978721619 
v -0.7848277688026428 0.03908081725239754 -0.5187711119651794 
v -0.7800535559654236 0.04761023819446564 -0.5211582183837891 
v -0.7848277688026428 0.03908081725239754 -0.5187711119651794 
v -0.7852618098258972 0.04017104208469391 -0.5246304273605347 
v -0.7848277688026428 0.004802796058356762 -0.5187711119651794 
v -0.7854788303375244 0.00326365209184587 -0.5248474478721619 
v 0.719499409198761 -0.11492978036403656 1.7244819402694702 
v 0.7164612412452698 -0.12323474884033203 1.7296901941299438 
v 1.0341668128967285 -0.11492978036403656 1.5562976598739624 
v 1.040243148803711 -0.12323474884033203 1.5567317008972168 
v 1.0341668128967285 -0.11492978036403656 1.5562976598739624 
v 1.036553978919983 -0.11624446511268616 1.5513063669204712 
v 0.719499409198761 -0.11492978036403656 1.7244819402694702 
v 0.7138570547103882 -0.11624446511268616 1.7236138582229614 
v 0.719499409198761 -0.08065176010131836 1.7244819402694702 
v 0.716678261756897 -0.07276365160942078 1.7301242351531982 
v 0.719499409198761 -0.11492978036403656 1.7244819402694702 
v 0.7164612412452698 -0.12323474884033203 1.7296901941299438 
v 0.719499409198761 -0.11492978036403656 1.7244819402694702 
v 0.7138570547103882 -0.11624446511268616 1.7236138582229614 
v 0.719499409198761 -0.08065176010131836 1.7244819402694702 
v 0.7138570547103882 -0.07892022281885147 1.7231799364089966 
v 1.0341668128967285 -0.08065176010131836 1.5562976598739624 
v 1.0404601097106934 -0.07276365160942078 1.5569486618041992 
v 0.719499409198761 -0.08065176010131836 1.7244819402694702 
v 0.716678261756897 -0.07276365160942078 1.7301242351531982 
v 0.719499409198761 -0.08065176010131836 1.7244819402694702 
v 0.7138570547103882 -0.07892022281885147 1.7231799364089966 
v 1.0341668128967285 -0.08065176010131836 1.5562976598739624 
v 1.036336898803711 -0.07892022281885147 1.5508723258972168 
v 1.0341668128967285 -0.11492978036403656 1.5562976598739624 
v 1.040243148803711 -0.12323474884033203 1.5567317008972168 
v 1.0341668128967285 -0.08065176010131836 1.5562976598739624 
v 1.0404601097106934 -0.07276365160942078 1.5569486618041992 
v 1.0341668128967285 -0.08065176010131836 1.5562976598739624 
v 1.036336898803711 -0.07892022281885147 1.5508723258972168 
v 1.0341668128967285 -0.11492978036403656 1.5562976598739624 
v 1.036553978919983 -0.11624446511268616 1.5513063669204712 
v -0.9217623472213745 0.004802796058356762 -0.18826180696487427 
v -0.9198092818260193 -0.0032777099404484034 -0.18305352330207825 
v -0.8709815740585327 0.004802796058356762 -0.35557806491851807 
v -0.8664243221282959 -0.0032777099404484034 -0.3588332533836365 
v -0.8709815740585327 0.004802796058356762 -0.35557806491851807 
v -0.8729346394538879 0.00326365209184587 -0.3616544008255005 
v -0.9217623472213745 0.004802796058356762 -0.18826180696487427 
v -0.9265366196632385 0.00326365209184587 -0.18435558676719666 
v -0.9217623472213745 0.03908081725239754 -0.18826180696487427 
v -0.9202432632446289 0.04761023819446564 -0.18305352330207825 
v -0.9217623472213745 0.004802796058356762 -0.18826180696487427 
v -0.9198092818260193 -0.0032777099404484034 -0.18305352330207825 
v -0.9217623472213745 0.004802796058356762 -0.18826180696487427 
v -0.9265366196632385 0.00326365209184587 -0.18435558676719666 
v -0.9217623472213745 0.03908081725239754 -0.18826180696487427 
v -0.9261025786399841 0.04017104208469391 -0.18413858115673065 
v -0.8709815740585327 0.03908081725239754 -0.35557806491851807 
v -0.8668583035469055 0.04761023819446564 -0.3590502440929413 
v -0.9217623472213745 0.03908081725239754 -0.18826180696487427 
v -0.9202432632446289 0.04761023819446564 -0.18305352330207825 
v -0.9217623472213745 0.03908081725239754 -0.18826180696487427 
v -0.9261025786399841 0.04017104208469391 -0.18413858115673065 
v -0.8709815740585327 0.03908081725239754 -0.35557806491851807 
v -0.8725006580352783 0.04017104208469391 -0.3614373803138733 
v -0.8709815740585327 0.004802796058356762 -0.35557806491851807 
v -0.8664243221282959 -0.0032777099404484034 -0.3588332533836365 
v -0.8709815740585327 0.03908081725239754 -0.35557806491851807 
v -0.8668583035469055 0.04761023819446564 -0.3590502440929413 
v -0.8709815740585327 0.03908081725239754 -0.35557806491851807 
v -0.8725006580352783 0.04017104208469391 -0.3614373803138733 
v -0.8709815740585327 0.004802796058356762 -0.35557806491851807 
v -0.8729346394538879 0.00326365209184587 -0.3616544008255005 
v 0.3599105179309845 -0.11492978036403656 -1.8334298133850098 
v 0.3653357923030853 -0.12323474884033203 -1.836250901222229 
v 0.004878872074186802 -0.11492978036403656 -1.8683687448501587 
v 0.00010460799967404455 -0.12323474884033203 -1.8722748756408691 
v 0.004878872074186802 -0.11492978036403656 -1.8683687448501587 
v 0.00010460799967404455 -0.11624446511268616 -1.86554753780365 
v 0.3599105179309845 -0.11492978036403656 -1.8334298133850098 
v 0.3640337288379669 -0.11624446511268616 -1.8297405242919922 
v 0.3599105179309845 -0.08065176010131836 -1.8334298133850098 
v 0.3653357923030853 -0.07276365160942078 -1.8366849422454834 
v 0.3599105179309845 -0.11492978036403656 -1.8334298133850098 
v 0.3653357923030853 -0.12323474884033203 -1.836250901222229 
v 0.3599105179309845 -0.11492978036403656 -1.8334298133850098 
v 0.3640337288379669 -0.11624446511268616 -1.8297405242919922 
v 0.3599105179309845 -0.08065176010131836 -1.8334298133850098 
v 0.3638167083263397 -0.07892022281885147 -1.8293066024780273 
v 0.004878872074186802 -0.08065176010131836 -1.8683687448501587 
v 0.00010460799967404455 -0.07276365160942078 -1.8727089166641235 
v 0.3599105179309845 -0.08065176010131836 -1.8334298133850098 
v 0.3653357923030853 -0.07276365160942078 -1.8366849422454834 
v 0.3599105179309845 -0.08065176010131836 -1.8334298133850098 
v 0.3638167083263397 -0.07892022281885147 -1.8293066024780273 
v 0.004878872074186802 -0.08065176010131836 -1.8683687448501587 
v 0.00010460799967404455 -0.07892022281885147 -1.8653305768966675 
v 0.004878872074186802 -0.11492978036403656 -1.8683687448501587 
v 0.00010460799967404455 -0.12323474884033203 -1.8722748756408691 
v 0.004878872074186802 -0.08065176010131836 -1.8683687448501587 
v 0.00010460799967404455 -0.07276365160942078 -1.8727089166641235 
v 0.004878872074186802 -0.08065176010131836 -1.8683687448501587 
v 0.00010460799967404455 -0.07892022281885147 -1.8653305768966675 
v 0.004878872074186802 -0.11492978036403656 -1.8683687448501587 
v 0.00010460799967404455 -0.11624446511268616 -1.86554753780365 
v -0.9408594369888306 0.004802796058356762 -0.004886668175458908 
v -0.9378212690353394 -0.0032777099404484034 -0.00011240399908274412 
v -0.9237154722213745 0.004802796058356762 -0.17893029749393463 
v -0.9198092818260193 -0.0032777099404484034 -0.18305352330207825 
v -0.9237154722213745 0.004802796058356762 -0.17893029749393463 
v -0.9265366196632385 0.00326365209184587 -0.18435558676719666 
v -0.9408594369888306 0.004802796058356762 -0.004886668175458908 
v -0.9447656273841858 0.00326365209184587 -0.00011240399908274412 
v -0.9408594369888306 0.03908081725239754 -0.004886668175458908 
v -0.938255250453949 0.04761023819446564 -0.00011240399908274412 
v -0.9408594369888306 0.004802796058356762 -0.004886668175458908 
v -0.9378212690353394 -0.0032777099404484034 -0.00011240399908274412 
v -0.9408594369888306 0.004802796058356762 -0.004886668175458908 
v -0.9447656273841858 0.00326365209184587 -0.00011240399908274412 
v -0.9408594369888306 0.03908081725239754 -0.004886668175458908 
v -0.9443315863609314 0.04017104208469391 -0.00011240399908274412 
v -0.9237154722213745 0.03908081725239754 -0.17893029749393463 
v -0.9202432632446289 0.04761023819446564 -0.18305352330207825 
v -0.9408594369888306 0.03908081725239754 -0.004886668175458908 
v -0.938255250453949 0.04761023819446564 -0.00011240399908274412 
v -0.9408594369888306 0.03908081725239754 -0.004886668175458908 
v -0.9443315863609314 0.04017104208469391 -0.00011240399908274412 
v -0.9237154722213745 0.03908081725239754 -0.17893029749393463 
v -0.9261025786399841 0.04017104208469391 -0.18413858115673065 
v -0.9237154722213745 0.004802796058356762 -0.17893029749393463 
v -0.9198092818260193 -0.0032777099404484034 -0.18305352330207825 
v -0.9237154722213745 0.03908081725239754 -0.17893029749393463 
v -0.9202432632446289 0.04761023819446564 -0.18305352330207825 
v -0.9237154722213745 0.03908081725239754 -0.17893029749393463 
v -0.9261025786399841 0.04017104208469391 -0.18413858115673065 
v -0.9237154722213745 0.004802796058356762 -0.17893029749393463 
v -0.9265366196632385 0.00326365209184587 -0.18435558676719666 
v -1.324536681175232 -0.11492978036403656 -1.3178092241287231 
v -1.3238855600357056 -0.12323474884033203 -1.3238855600357056 
v -1.5508801937103271 -0.11492978036403656 -1.0419870615005493 
v -1.5567394495010376 -0.12323474884033203 -1.0402508974075317 
v -1.5508801937103271 -0.11492978036403656 -1.0419870615005493 
v -1.5513142347335815 -0.11624446511268616 -1.0365617275238037 
v -1.324536681175232 -0.11492978036403656 -1.3178092241287231 
v -1.3191113471984863 -0.11624446511268616 -1.3191113471984863 
v -1.324536681175232 -0.08065176010131836 -1.3178092241287231 
v -1.3241026401519775 -0.07276365160942078 -1.3241026401519775 
v -1.324536681175232 -0.11492978036403656 -1.3178092241287231 
v -1.3238855600357056 -0.12323474884033203 -1.3238855600357056 
v -1.324536681175232 -0.11492978036403656 -1.3178092241287231 
v -1.3191113471984863 -0.11624446511268616 -1.3191113471984863 
v -1.324536681175232 -0.08065176010131836 -1.3178092241287231 
v -1.318894386291504 -0.07892022281885147 -1.318894386291504 
v -1.5508801937103271 -0.08065176010131836 -1.0419870615005493 
v -1.5569565296173096 -0.07276365160942078 -1.0404679775238037 
v -1.324536681175232 -0.08065176010131836 -1.3178092241287231 
v -1.3241026401519775 -0.07276365160942078 -1.3241026401519775 
v -1.324536681175232 -0.08065176010131836 -1.3178092241287231 
v -1.318894386291504 -0.07892022281885147 -1.318894386291504 
v -1.5508801937103271 -0.08065176010131836 -1.0419870615005493 
v -1.5508801937103271 -0.07892022281885147 -1.0363446474075317 
v -1.5508801937103271 -0.11492978036403656 -1.0419870615005493 
v -1.5567394495010376 -0.12323474884033203 -1.0402508974075317 
v -1.5508801937103271 -0.08065176010131836 -1.0419870615005493 
v -1.5569565296173096 -0.07276365160942078 -1.0404679775238037 
v -1.5508801937103271 -0.08065176010131836 -1.0419870615005493 
v -1.5508801937103271 -0.07892022281885147 -1.0363446474075317 
v -1.5508801937103271 -0.11492978036403656 -1.0419870615005493 
v -1.5513142347335815 -0.11624446511268616 -1.0365617275238037 
v -0.9237154722213745 0.004802796058356762 0.17892248928546906 
v -0.9198092818260193 -0.0032777099404484034 0.18304572999477386 
v -0.9408594369888306 0.004802796058356762 0.004878872074186802 
v -0.9378212690353394 -0.0032777099404484034 -0.00011240399908274412 
v -0.9408594369888306 0.004802796058356762 0.004878872074186802 
v -0.9447656273841858 0.00326365209184587 -0.00011240399908274412 
v -0.9237154722213745 0.004802796058356762 0.17892248928546906 
v -0.9265366196632385 0.00326365209184587 0.18434779345989227 
v -0.9237154722213745 0.03908081725239754 0.17892248928546906 
v -0.9202432632446289 0.04761023819446564 0.18304572999477386 
v -0.9237154722213745 0.004802796058356762 0.17892248928546906 
v -0.9198092818260193 -0.0032777099404484034 0.18304572999477386 
v -0.9237154722213745 0.004802796058356762 0.17892248928546906 
v -0.9265366196632385 0.00326365209184587 0.18434779345989227 
v -0.9237154722213745 0.03908081725239754 0.17892248928546906 
v -0.9261025786399841 0.04017104208469391 0.18413078784942627 
v -0.9408594369888306 0.03908081725239754 0.004878872074186802 
v -0.938255250453949 0.04761023819446564 -0.00011240399908274412 
v -0.9237154722213745 0.03908081725239754 0.17892248928546906 
v -0.9202432632446289 0.04761023819446564 0.18304572999477386 
v -0.9237154722213745 0.03908081725239754 0.17892248928546906 
v -0.9261025786399841 0.04017104208469391 0.18413078784942627 
v -0.9408594369888306 0.03908081725239754 0.004878872074186802 
v -0.9443315863609314 0.04017104208469391 -0.00011240399908274412 
v -0.9408594369888306 0.004802796058356762 0.004878872074186802 
v -0.9378212690353394 -0.0032777099404484034 -0.00011240399908274412 
v -0.9408594369888306 0.03908081725239754 0.004878872074186802 
v -0.938255250453949 0.04761023819446564 -0.00011240399908274412 
v -0.9408594369888306 0.03908081725239754 0.004878872074186802 
v -0.9443315863609314 0.04017104208469391 -0.00011240399908274412 
v -0.9408594369888306 0.004802796058356762 0.004878872074186802 
v -0.9447656273841858 0.00326365209184587 -0.00011240399908274412 
v 0.36924201250076294 -0.11492978036403656 1.8316859006881714 
v 0.3653357923030853 -0.12323474884033203 1.8362431526184082 
v 0.7106018662452698 -0.11492978036403656 1.7279541492462158 
v 0.7164612412452698 -0.12323474884033203 1.7296901941299438 
v 0.7106018662452698 -0.11492978036403656 1.7279541492462158 
v 0.7138570547103882 -0.11624446511268616 1.7236138582229614 
v 0.36924201250076294 -0.11492978036403656 1.8316859006881714 
v 0.3640337288379669 -0.11624446511268616 1.8297327756881714 
v 0.36924201250076294 -0.08065176010131836 1.8316859006881714 
v 0.3653357923030853 -0.07276365160942078 1.8366771936416626 
v 0.36924201250076294 -0.11492978036403656 1.8316859006881714 
v 0.3653357923030853 -0.12323474884033203 1.8362431526184082 
v 0.36924201250076294 -0.11492978036403656 1.8316859006881714 
v 0.3640337288379669 -0.11624446511268616 1.8297327756881714 
v 0.36924201250076294 -0.08065176010131836 1.8316859006881714 
v 0.3638167083263397 -0.07892022281885147 1.829298734664917 
v 0.7106018662452698 -0.08065176010131836 1.7279541492462158 
v 0.716678261756897 -0.07276365160942078 1.7301242351531982 
v 0.36924201250076294 -0.08065176010131836 1.8316859006881714 
v 0.3653357923030853 -0.07276365160942078 1.8366771936416626 
v 0.36924201250076294 -0.08065176010131836 1.8316859006881714 
v 0.3638167083263397 -0.07892022281885147 1.829298734664917 
v 0.7106018662452698 -0.08065176010131836 1.7279541492462158 
v 0.7138570547103882 -0.07892022281885147 1.7231799364089966 
v 0.7106018662452698 -0.11492978036403656 1.7279541492462158 
v 0.7164612412452698 -0.12323474884033203 1.7296901941299438 
v 0.7106018662452698 -0.08065176010131836 1.7279541492462158 
v 0.716678261756897 -0.07276365160942078 1.7301242351531982 
v 0.7106018662452698 -0.08065176010131836 1.7279541492462158 
v 0.7138570547103882 -0.07892022281885147 1.7231799364089966 
v 0.7106018662452698 -0.11492978036403656 1.7279541492462158 
v 0.7138570547103882 -0.11624446511268616 1.7236138582229614 
v -0.8709815740585327 0.004802796058356762 0.3555702567100525 
v -0.8664243221282959 -0.0032777099404484034 0.3588254451751709 
v -0.9217623472213745 0.004802796058356762 0.18825401365756989 
v -0.9198092818260193 -0.0032777099404484034 0.18304572999477386 
v -0.9217623472213745 0.004802796058356762 0.18825401365756989 
v -0.9265366196632385 0.00326365209184587 0.18434779345989227 
v -0.8709815740585327 0.004802796058356762 0.3555702567100525 
v -0.8729346394538879 0.00326365209184587 0.3616465926170349 
v -0.8709815740585327 0.03908081725239754 0.3555702567100525 
v -0.8668583035469055 0.04761023819446564 0.3590424656867981 
v -0.8709815740585327 0.004802796058356762 0.3555702567100525 
v -0.8664243221282959 -0.0032777099404484034 0.3588254451751709 
v -0.8709815740585327 0.004802796058356762 0.3555702567100525 
v -0.8729346394538879 0.00326365209184587 0.3616465926170349 
v -0.8709815740585327 0.03908081725239754 0.3555702567100525 
v -0.8725006580352783 0.04017104208469391 0.3614296019077301 
v -0.9217623472213745 0.03908081725239754 0.18825401365756989 
v -0.9202432632446289 0.04761023819446564 0.18304572999477386 
v -0.8709815740585327 0.03908081725239754 0.3555702567100525 
v -0.8668583035469055 0.04761023819446564 0.3590424656867981 
v -0.8709815740585327 0.03908081725239754 0.3555702567100525 
v -0.8725006580352783 0.04017104208469391 0.3614296019077301 
v -0.9217623472213745 0.03908081725239754 0.18825401365756989 
v -0.9261025786399841 0.04017104208469391 0.18413078784942627 
v -0.9217623472213745 0.004802796058356762 0.18825401365756989 
v -0.9198092818260193 -0.0032777099404484034 0.18304572999477386 
v -0.9217623472213745 0.03908081725239754 0.18825401365756989 
v -0.9202432632446289 0.04761023819446564 0.18304572999477386 
v -0.9217623472213745 0.03908081725239754 0.18825401365756989 
v -0.9261025786399841 0.04017104208469391 0.18413078784942627 
v -0.9217623472213745 0.004802796058356762 0.18825401365756989 
v -0.9265366196632385 0.00326365209184587 0.18434779345989227 
v 0.7106018662452698 -0.11492978036403656 -1.7279618978500366 
v 0.7164612412452698 -0.12323474884033203 -1.7296980619430542 
v 0.36924201250076294 -0.11492978036403656 -1.8316936492919922 
v 0.3653357923030853 -0.12323474884033203 -1.836250901222229 
v 0.36924201250076294 -0.11492978036403656 -1.8316936492919922 
v 0.3640337288379669 -0.11624446511268616 -1.8297405242919922 
v 0.7106018662452698 -0.11492978036403656 -1.7279618978500366 
v 0.7138570547103882 -0.11624446511268616 -1.7236217260360718 
v 0.7106018662452698 -0.08065176010131836 -1.7279618978500366 
v 0.716678261756897 -0.07276365160942078 -1.7301321029663086 
v 0.7106018662452698 -0.11492978036403656 -1.7279618978500366 
v 0.7164612412452698 -0.12323474884033203 -1.7296980619430542 
v 0.7106018662452698 -0.11492978036403656 -1.7279618978500366 
v 0.7138570547103882 -0.11624446511268616 -1.7236217260360718 
v 0.7106018662452698 -0.08065176010131836 -1.7279618978500366 
v 0.7138570547103882 -0.07892022281885147 -1.7231876850128174 
v 0.36924201250076294 -0.08065176010131836 -1.8316936492919922 
v 0.3653357923030853 -0.07276365160942078 -1.8366849422454834 
v 0.7106018662452698 -0.08065176010131836 -1.7279618978500366 
v 0.716678261756897 -0.07276365160942078 -1.7301321029663086 
v 0.7106018662452698 -0.08065176010131836 -1.7279618978500366 
v 0.7138570547103882 -0.07892022281885147 -1.7231876850128174 
v 0.36924201250076294 -0.08065176010131836 -1.8316936492919922 
v 0.3638167083263397 -0.07892022281885147 -1.8293066024780273 
v 0.36924201250076294 -0.11492978036403656 -1.8316936492919922 
v 0.3653357923030853 -0.12323474884033203 -1.836250901222229 
v 0.36924201250076294 -0.08065176010131836 -1.8316936492919922 
v 0.3653357923030853 -0.07276365160942078 -1.8366849422454834 
v 0.36924201250076294 -0.08065176010131836 -1.8316936492919922 
v 0.3638167083263397 -0.07892022281885147 -1.8293066024780273 
v 0.36924201250076294 -0.11492978036403656 -1.8316936492919922 
v 0.3640337288379669 -0.11624446511268616 -1.8297405242919922 
v -0.7848277688026428 0.004802796058356762 0.5187633037567139 
v -0.7796195149421692 -0.0032777099404484034 0.5209333896636963 
v -0.8672923445701599 0.004802796058356762 0.3644677698612213 
v -0.8664243221282959 -0.0032777099404484034 0.3588254451751709 
v -0.8672923445701599 0.004802796058356762 0.3644677698612213 
v -0.8729346394538879 0.00326365209184587 0.3616465926170349 
v -0.7848277688026428 0.004802796058356762 0.5187633037567139 
v -0.7854788303375244 0.00326365209184587 0.5248396396636963 
v -0.7848277688026428 0.03908081725239754 0.5187633037567139 
v -0.7800535559654236 0.04761023819446564 0.5211504101753235 
v -0.7848277688026428 0.004802796058356762 0.5187633037567139 
v -0.7796195149421692 -0.0032777099404484034 0.5209333896636963 
v -0.7848277688026428 0.004802796058356762 0.5187633037567139 
v -0.7854788303375244 0.00326365209184587 0.5248396396636963 
v -0.7848277688026428 0.03908081725239754 0.5187633037567139 
v -0.7852618098258972 0.04017104208469391 0.5246226191520691 
v -0.8672923445701599 0.03908081725239754 0.3644677698612213 
v -0.8668583035469055 0.04761023819446564 0.3590424656867981 
v -0.7848277688026428 0.03908081725239754 0.5187633037567139 
v -0.7800535559654236 0.04761023819446564 0.5211504101753235 
v -0.7848277688026428 0.03908081725239754 0.5187633037567139 
v -0.7852618098258972 0.04017104208469391 0.5246226191520691 
v -0.8672923445701599 0.03908081725239754 0.3644677698612213 
v -0.8725006580352783 0.04017104208469391 0.3614296019077301 
v -0.8672923445701599 0.004802796058356762 0.3644677698612213 
v -0.8664243221282959 -0.0032777099404484034 0.3588254451751709 
v -0.8672923445701599 0.03908081725239754 0.3644677698612213 
v -0.8668583035469055 0.04761023819446564 0.3590424656867981 
v -0.8672923445701599 0.03908081725239754 0.3644677698612213 
v -0.8725006580352783 0.04017104208469391 0.3614296019077301 
v -0.8672923445701599 0.004802796058356762 0.3644677698612213 
v -0.8729346394538879 0.00326365209184587 0.3616465926170349 
v -1.0419870615005493 -0.11492978036403656 -1.5508801937103271 
v -1.0402508974075317 -0.12323474884033203 -1.5567394495010376 
v -1.3178092241287231 -0.11492978036403656 -1.324536681175232 
v -1.3238855600357056 -0.12323474884033203 -1.3238855600357056 
v -1.3178092241287231 -0.11492978036403656 -1.324536681175232 
v -1.3191113471984863 -0.11624446511268616 -1.3191113471984863 
v -1.0419870615005493 -0.11492978036403656 -1.5508801937103271 
v -1.0365617275238037 -0.11624446511268616 -1.5513142347335815 
v -1.0419870615005493 -0.08065176010131836 -1.5508801937103271 
v -1.0404679775238037 -0.07276365160942078 -1.5569565296173096 
v -1.0419870615005493 -0.11492978036403656 -1.5508801937103271 
v -1.0402508974075317 -0.12323474884033203 -1.5567394495010376 
v -1.0419870615005493 -0.11492978036403656 -1.5508801937103271 
v -1.0365617275238037 -0.11624446511268616 -1.5513142347335815 
v -1.0419870615005493 -0.08065176010131836 -1.5508801937103271 
v -1.0363446474075317 -0.07892022281885147 -1.5508801937103271 
v -1.3178092241287231 -0.08065176010131836 -1.324536681175232 
v -1.3241026401519775 -0.07276365160942078 -1.3241026401519775 
v -1.0419870615005493 -0.08065176010131836 -1.5508801937103271 
v -1.0404679775238037 -0.07276365160942078 -1.5569565296173096 
v -1.0419870615005493 -0.08065176010131836 -1.5508801937103271 
v -1.0363446474075317 -0.07892022281885147 -1.5508801937103271 
v -1.3178092241287231 -0.08065176010131836 -1.324536681175232 
v -1.318894386291504 -0.07892022281885147 -1.318894386291504 
v -1.3178092241287231 -0.11492978036403656 -1.324536681175232 
v -1.3238855600357056 -0.12323474884033203 -1.3238855600357056 
v -1.3178092241287231 -0.08065176010131836 -1.324536681175232 
v -1.3241026401519775 -0.07276365160942078 -1.3241026401519775 
v -1.3178092241287231 -0.08065176010131836 -1.324536681175232 
v -1.318894386291504 -0.07892022281885147 -1.318894386291504 
v -1.3178092241287231 -0.11492978036403656 -1.324536681175232 
v -1.3191113471984863 -0.11624446511268616 -1.3191113471984863 
v -0.66872638463974 0.004802796058356762 0.661774218082428 
v -0.663084089756012 -0.0032777099404484034 0.6630762815475464 
v -0.7796195149421692 0.004802796058356762 0.5265757441520691 
v -0.7796195149421692 -0.0032777099404484034 0.5209333896636963 
v -0.7796195149421692 0.004802796058356762 0.5265757441520691 
v -0.7854788303375244 0.00326365209184587 0.5248396396636963 
v -0.66872638463974 0.004802796058356762 0.661774218082428 
v -0.6680753231048584 0.00326365209184587 0.6680675148963928 
v -0.66872638463974 0.03908081725239754 0.661774218082428 
v -0.6635180711746216 0.04761023819446564 0.663510262966156 
v -0.66872638463974 0.004802796058356762 0.661774218082428 
v -0.663084089756012 -0.0032777099404484034 0.6630762815475464 
v -0.66872638463974 0.004802796058356762 0.661774218082428 
v -0.6680753231048584 0.00326365209184587 0.6680675148963928 
v -0.66872638463974 0.03908081725239754 0.661774218082428 
v -0.6676413416862488 0.04017104208469391 0.6676335334777832 
v -0.7796195149421692 0.03908081725239754 0.5265757441520691 
v -0.7800535559654236 0.04761023819446564 0.5211504101753235 
v -0.66872638463974 0.03908081725239754 0.661774218082428 
v -0.6635180711746216 0.04761023819446564 0.663510262966156 
v -0.66872638463974 0.03908081725239754 0.661774218082428 
v -0.6676413416862488 0.04017104208469391 0.6676335334777832 
v -0.7796195149421692 0.03908081725239754 0.5265757441520691 
v -0.7852618098258972 0.04017104208469391 0.5246226191520691 
v -0.7796195149421692 0.004802796058356762 0.5265757441520691 
v -0.7796195149421692 -0.0032777099404484034 0.5209333896636963 
v -0.7796195149421692 0.03908081725239754 0.5265757441520691 
v -0.7800535559654236 0.04761023819446564 0.5211504101753235 
v -0.7796195149421692 0.03908081725239754 0.5265757441520691 
v -0.7852618098258972 0.04017104208469391 0.5246226191520691 
v -0.7796195149421692 0.004802796058356762 0.5265757441520691 
v -0.7854788303375244 0.00326365209184587 0.5248396396636963 
v 0.004878872074186802 -0.11492978036403656 1.8683608770370483 
v 0.00010460799967404455 -0.12323474884033203 1.8722671270370483 
v 0.3599105179309845 -0.11492978036403656 1.8334219455718994 
v 0.3653357923030853 -0.12323474884033203 1.8362431526184082 
v 0.3599105179309845 -0.11492978036403656 1.8334219455718994 
v 0.3640337288379669 -0.11624446511268616 1.8297327756881714 
v 0.004878872074186802 -0.11492978036403656 1.8683608770370483 
v 0.00010460799967404455 -0.11624446511268616 1.865539789199829 
v 0.004878872074186802 -0.08065176010131836 1.8683608770370483 
v 0.00010460799967404455 -0.07276365160942078 1.8727011680603027 
v 0.004878872074186802 -0.11492978036403656 1.8683608770370483 
v 0.00010460799967404455 -0.12323474884033203 1.8722671270370483 
v 0.004878872074186802 -0.11492978036403656 1.8683608770370483 
v 0.00010460799967404455 -0.11624446511268616 1.865539789199829 
v 0.004878872074186802 -0.08065176010131836 1.8683608770370483 
v 0.00010460799967404455 -0.07892022281885147 1.8653227090835571 
v 0.3599105179309845 -0.08065176010131836 1.8334219455718994 
v 0.3653357923030853 -0.07276365160942078 1.8366771936416626 
v 0.004878872074186802 -0.08065176010131836 1.8683608770370483 
v 0.00010460799967404455 -0.07276365160942078 1.8727011680603027 
v 0.004878872074186802 -0.08065176010131836 1.8683608770370483 
v 0.00010460799967404455 -0.07892022281885147 1.8653227090835571 
v 0.3599105179309845 -0.08065176010131836 1.8334219455718994 
v 0.3638167083263397 -0.07892022281885147 1.829298734664917 
v 0.3599105179309845 -0.11492978036403656 1.8334219455718994 
v 0.3653357923030853 -0.12323474884033203 1.8362431526184082 
v 0.3599105179309845 -0.08065176010131836 1.8334219455718994 
v 0.3653357923030853 -0.07276365160942078 1.8366771936416626 
v 0.3599105179309845 -0.08065176010131836 1.8334219455718994 
v 0.3638167083263397 -0.07892022281885147 1.829298734664917 
v 0.3599105179309845 -0.11492978036403656 1.8334219455718994 
v 0.3640337288379669 -0.11624446511268616 1.8297327756881714 
v -0.7106096744537354 -0.11492978036403656 1.7279541492462158 
v -0.7164689898490906 -0.12323474884033203 1.7296901941299438 
v -0.3692498207092285 -0.11492978036403656 1.8316859006881714 
v -0.3653436005115509 -0.12323474884033203 1.8362431526184082 
v -0.3692498207092285 -0.11492978036403656 1.8316859006881714 
v -0.3640415370464325 -0.11624446511268616 1.8297327756881714 
v -0.7106096744537354 -0.11492978036403656 1.7279541492462158 
v -0.7138648629188538 -0.11624446511268616 1.7236138582229614 
v -0.7106096744537354 -0.08065176010131836 1.7279541492462158 
v -0.7166860103607178 -0.07276365160942078 1.7301242351531982 
v -0.7106096744537354 -0.11492978036403656 1.7279541492462158 
v -0.7164689898490906 -0.12323474884033203 1.7296901941299438 
v -0.7106096744537354 -0.11492978036403656 1.7279541492462158 
v -0.7138648629188538 -0.11624446511268616 1.7236138582229614 
v -0.7106096744537354 -0.08065176010131836 1.7279541492462158 
v -0.7138648629188538 -0.07892022281885147 1.7231799364089966 
v -0.3692498207092285 -0.08065176010131836 1.8316859006881714 
v -0.3653436005115509 -0.07276365160942078 1.8366771936416626 
v -0.7106096744537354 -0.08065176010131836 1.7279541492462158 
v -0.7166860103607178 -0.07276365160942078 1.7301242351531982 
v -0.7106096744537354 -0.08065176010131836 1.7279541492462158 
v -0.7138648629188538 -0.07892022281885147 1.7231799364089966 
v -0.3692498207092285 -0.08065176010131836 1.8316859006881714 
v -0.3638245165348053 -0.07892022281885147 1.829298734664917 
v -0.3692498207092285 -0.11492978036403656 1.8316859006881714 
v -0.3653436005115509 -0.12323474884033203 1.8362431526184082 
v -0.3692498207092285 -0.08065176010131836 1.8316859006881714 
v -0.3653436005115509 -0.07276365160942078 1.8366771936416626 
v -0.3692498207092285 -0.08065176010131836 1.8316859006881714 
v -0.3638245165348053 -0.07892022281885147 1.829298734664917 
v -0.3692498207092285 -0.11492978036403656 1.8316859006881714 
v -0.3640415370464325 -0.11624446511268616 1.8297327756881714 
v -0.5265834927558899 0.004802796058356762 0.7796117067337036 
v -0.5209411978721619 -0.0032777099404484034 0.7796117067337036 
v -0.6617819666862488 0.004802796058356762 0.6687185764312744 
v -0.663084089756012 -0.0032777099404484034 0.6630762815475464 
v -0.6617819666862488 0.004802796058356762 0.6687185764312744 
v -0.6680753231048584 0.00326365209184587 0.6680675148963928 
v -0.5265834927558899 0.004802796058356762 0.7796117067337036 
v -0.5248474478721619 0.00326365209184587 0.7854710221290588 
v -0.5265834927558899 0.03908081725239754 0.7796117067337036 
v -0.5211582183837891 0.04761023819446564 0.780045747756958 
v -0.5265834927558899 0.004802796058356762 0.7796117067337036 
v -0.5209411978721619 -0.0032777099404484034 0.7796117067337036 
v -0.5265834927558899 0.004802796058356762 0.7796117067337036 
v -0.5248474478721619 0.00326365209184587 0.7854710221290588 
v -0.5265834927558899 0.03908081725239754 0.7796117067337036 
v -0.5246304273605347 0.04017104208469391 0.7852540016174316 
v -0.6617819666862488 0.03908081725239754 0.6687185764312744 
v -0.6635180711746216 0.04761023819446564 0.663510262966156 
v -0.5265834927558899 0.03908081725239754 0.7796117067337036 
v -0.5211582183837891 0.04761023819446564 0.780045747756958 
v -0.5265834927558899 0.03908081725239754 0.7796117067337036 
v -0.5246304273605347 0.04017104208469391 0.7852540016174316 
v -0.6617819666862488 0.03908081725239754 0.6687185764312744 
v -0.6676413416862488 0.04017104208469391 0.6676335334777832 
v -0.6617819666862488 0.004802796058356762 0.6687185764312744 
v -0.663084089756012 -0.0032777099404484034 0.6630762815475464 
v -0.6617819666862488 0.03908081725239754 0.6687185764312744 
v -0.6635180711746216 0.04761023819446564 0.663510262966156 
v -0.6617819666862488 0.03908081725239754 0.6687185764312744 
v -0.6676413416862488 0.04017104208469391 0.6676335334777832 
v -0.6617819666862488 0.004802796058356762 0.6687185764312744 
v -0.6680753231048584 0.00326365209184587 0.6680675148963928 
v 1.0341668128967285 -0.11492978036403656 -1.5563054084777832 
v 1.040243148803711 -0.12323474884033203 -1.5567394495010376 
v 0.719499409198761 -0.11492978036403656 -1.7244898080825806 
v 0.7164612412452698 -0.12323474884033203 -1.7296980619430542 
v 0.719499409198761 -0.11492978036403656 -1.7244898080825806 
v 0.7138570547103882 -0.11624446511268616 -1.7236217260360718 
v 1.0341668128967285 -0.11492978036403656 -1.5563054084777832 
v 1.036553978919983 -0.11624446511268616 -1.5513142347335815 
v 1.0341668128967285 -0.08065176010131836 -1.5563054084777832 
v 1.0404601097106934 -0.07276365160942078 -1.5569565296173096 
v 1.0341668128967285 -0.11492978036403656 -1.5563054084777832 
v 1.040243148803711 -0.12323474884033203 -1.5567394495010376 
v 1.0341668128967285 -0.11492978036403656 -1.5563054084777832 
v 1.036553978919983 -0.11624446511268616 -1.5513142347335815 
v 1.0341668128967285 -0.08065176010131836 -1.5563054084777832 
v 1.036336898803711 -0.07892022281885147 -1.5508801937103271 
v 0.719499409198761 -0.08065176010131836 -1.7244898080825806 
v 0.716678261756897 -0.07276365160942078 -1.7301321029663086 
v 1.0341668128967285 -0.08065176010131836 -1.5563054084777832 
v 1.0404601097106934 -0.07276365160942078 -1.5569565296173096 
v 1.0341668128967285 -0.08065176010131836 -1.5563054084777832 
v 1.036336898803711 -0.07892022281885147 -1.5508801937103271 
v 0.719499409198761 -0.08065176010131836 -1.7244898080825806 
v 0.7138570547103882 -0.07892022281885147 -1.7231876850128174 
v 0.719499409198761 -0.11492978036403656 -1.7244898080825806 
v 0.7164612412452698 -0.12323474884033203 -1.7296980619430542 
v 0.719499409198761 -0.08065176010131836 -1.7244898080825806 
v 0.716678261756897 -0.07276365160942078 -1.7301321029663086 
v 0.719499409198761 -0.08065176010131836 -1.7244898080825806 
v 0.7138570547103882 -0.07892022281885147 -1.7231876850128174 
v 0.719499409198761 -0.11492978036403656 -1.7244898080825806 
v 0.7138570547103882 -0.11624446511268616 -1.7236217260360718 
v 1.5508723258972168 -0.11492978036403656 -1.0419870615005493 
v 1.5567317008972168 -0.12323474884033203 -1.0402508974075317 
v 1.3245288133621216 -0.11492978036403656 -1.3178092241287231 
v 1.3238778114318848 -0.12323474884033203 -1.3238855600357056 
v 1.3245288133621216 -0.11492978036403656 -1.3178092241287231 
v 1.3191035985946655 -0.11624446511268616 -1.3191113471984863 
v 1.5508723258972168 -0.11492978036403656 -1.0419870615005493 
v 1.5513063669204712 -0.11624446511268616 -1.0365617275238037 
v 1.5508723258972168 -0.08065176010131836 -1.0419870615005493 
v 1.5569486618041992 -0.07276365160942078 -1.0404679775238037 
v 1.5508723258972168 -0.11492978036403656 -1.0419870615005493 
v 1.5567317008972168 -0.12323474884033203 -1.0402508974075317 
v 1.5508723258972168 -0.11492978036403656 -1.0419870615005493 
v 1.5513063669204712 -0.11624446511268616 -1.0365617275238037 
v 1.5508723258972168 -0.08065176010131836 -1.0419870615005493 
v 1.5508723258972168 -0.07892022281885147 -1.0363446474075317 
v 1.3245288133621216 -0.08065176010131836 -1.3178092241287231 
v 1.3240947723388672 -0.07276365160942078 -1.3241026401519775 
v 1.5508723258972168 -0.08065176010131836 -1.0419870615005493 
v 1.5569486618041992 -0.07276365160942078 -1.0404679775238037 
v 1.5508723258972168 -0.08065176010131836 -1.0419870615005493 
v 1.5508723258972168 -0.07892022281885147 -1.0363446474075317 
v 1.3245288133621216 -0.08065176010131836 -1.3178092241287231 
v 1.3188865184783936 -0.07892022281885147 -1.318894386291504 
v 1.3245288133621216 -0.11492978036403656 -1.3178092241287231 
v 1.3238778114318848 -0.12323474884033203 -1.3238855600357056 
v 1.3245288133621216 -0.08065176010131836 -1.3178092241287231 
v 1.3240947723388672 -0.07276365160942078 -1.3241026401519775 
v 1.3245288133621216 -0.08065176010131836 -1.3178092241287231 
v 1.3188865184783936 -0.07892022281885147 -1.318894386291504 
v 1.3245288133621216 -0.11492978036403656 -1.3178092241287231 
v 1.3191035985946655 -0.11624446511268616 -1.3191113471984863 
v -0.3644755482673645 0.004802796058356762 0.8672845363616943 
v -0.3588332533836365 -0.0032777099404484034 0.8664165139198303 
v -0.5187711119651794 0.004802796058356762 0.784820020198822 
v -0.5209411978721619 -0.0032777099404484034 0.7796117067337036 
v -0.5187711119651794 0.004802796058356762 0.784820020198822 
v -0.5248474478721619 0.00326365209184587 0.7854710221290588 
v -0.3644755482673645 0.004802796058356762 0.8672845363616943 
v -0.3616544008255005 0.00326365209184587 0.8729268908500671 
v -0.3644755482673645 0.03908081725239754 0.8672845363616943 
v -0.3590502440929413 0.04761023819446564 0.8668505549430847 
v -0.3644755482673645 0.004802796058356762 0.8672845363616943 
v -0.3588332533836365 -0.0032777099404484034 0.8664165139198303 
v -0.3644755482673645 0.004802796058356762 0.8672845363616943 
v -0.3616544008255005 0.00326365209184587 0.8729268908500671 
v -0.3644755482673645 0.03908081725239754 0.8672845363616943 
v -0.3614373803138733 0.04017104208469391 0.8724928498268127 
v -0.5187711119651794 0.03908081725239754 0.784820020198822 
v -0.5211582183837891 0.04761023819446564 0.780045747756958 
v -0.3644755482673645 0.03908081725239754 0.8672845363616943 
v -0.3590502440929413 0.04761023819446564 0.8668505549430847 
v -0.3644755482673645 0.03908081725239754 0.8672845363616943 
v -0.3614373803138733 0.04017104208469391 0.8724928498268127 
v -0.5187711119651794 0.03908081725239754 0.784820020198822 
v -0.5246304273605347 0.04017104208469391 0.7852540016174316 
v -0.5187711119651794 0.004802796058356762 0.784820020198822 
v -0.5209411978721619 -0.0032777099404484034 0.7796117067337036 
v -0.5187711119651794 0.03908081725239754 0.784820020198822 
v -0.5211582183837891 0.04761023819446564 0.780045747756958 
v -0.5187711119651794 0.03908081725239754 0.784820020198822 
v -0.5246304273605347 0.04017104208469391 0.7852540016174316 
v -0.5187711119651794 0.004802796058356762 0.784820020198822 
v -0.5248474478721619 0.00326365209184587 0.7854710221290588 
v -0.7195071578025818 -0.11492978036403656 -1.7244898080825806 
v -0.7164689898490906 -0.12323474884033203 -1.7296980619430542 
v -1.0341745615005493 -0.11492978036403656 -1.5563054084777832 
v -1.0402508974075317 -0.12323474884033203 -1.5567394495010376 
v -1.0341745615005493 -0.11492978036403656 -1.5563054084777832 
v -1.0365617275238037 -0.11624446511268616 -1.5513142347335815 
v -0.7195071578025818 -0.11492978036403656 -1.7244898080825806 
v -0.7138648629188538 -0.11624446511268616 -1.7236217260360718 
v -0.7195071578025818 -0.08065176010131836 -1.7244898080825806 
v -0.7166860103607178 -0.07276365160942078 -1.7301321029663086 
v -0.7195071578025818 -0.11492978036403656 -1.7244898080825806 
v -0.7164689898490906 -0.12323474884033203 -1.7296980619430542 
v -0.7195071578025818 -0.11492978036403656 -1.7244898080825806 
v -0.7138648629188538 -0.11624446511268616 -1.7236217260360718 
v -0.7195071578025818 -0.08065176010131836 -1.7244898080825806 
v -0.7138648629188538 -0.07892022281885147 -1.7231876850128174 
v -1.0341745615005493 -0.08065176010131836 -1.5563054084777832 
v -1.0404679775238037 -0.07276365160942078 -1.5569565296173096 
v -0.7195071578025818 -0.08065176010131836 -1.7244898080825806 
v -0.7166860103607178 -0.07276365160942078 -1.7301321029663086 
v -0.7195071578025818 -0.08065176010131836 -1.7244898080825806 
v -0.7138648629188538 -0.07892022281885147 -1.7231876850128174 
v -1.0341745615005493 -0.08065176010131836 -1.5563054084777832 
v -1.0363446474075317 -0.07892022281885147 -1.5508801937103271 
v -1.0341745615005493 -0.11492978036403656 -1.5563054084777832 
v -1.0402508974075317 -0.12323474884033203 -1.5567394495010376 
v -1.0341745615005493 -0.08065176010131836 -1.5563054084777832 
v -1.0404679775238037 -0.07276365160942078 -1.5569565296173096 
v -1.0341745615005493 -0.08065176010131836 -1.5563054084777832 
v -1.0363446474075317 -0.07892022281885147 -1.5508801937103271 
v -1.0341745615005493 -0.11492978036403656 -1.5563054084777832 
v -1.0365617275238037 -0.11624446511268616 -1.5513142347335815 
vn -1.0341130485562108e-13 0.999997615814209 0.002184694167226553 
vn -1.0341130485562108e-13 0.999997615814209 0.002184694167226553 
vn -1.0341130485562108e-13 0.999997615814209 0.002184694167226553 
vn -1.0341130485562108e-13 0.999997615814209 0.002184694167226553 
vn -1.0341130485562108e-13 0.999997615814209 0.002184694167226553 
vn -1.0341130485562108e-13 0.999997615814209 0.002184694167226553 
vn -1.0341130485562108e-13 0.999997615814209 0.002184694167226553 
vn -1.0341130485562108e-13 0.999997615814209 0.002184694167226553 
vn -1.0341130485562108e-13 0.999997615814209 0.002184694167226553 
vn -1.0341130485562108e-13 0.999997615814209 0.002184694167226553 
vn -1.0341130485562108e-13 0.999997615814209 0.002184694167226553 
vn -1.0341130485562108e-13 0.999997615814209 0.002184694167226553 
vn -1.0341130485562108e-13 0.999997615814209 0.002184694167226553 
vn -1.0341130485562108e-13 0.999997615814209 0.002184694167226553 
vn -1.0341130485562108e-13 0.999997615814209 0.002184694167226553 
vn -1.0341130485562108e-13 0.999997615814209 0.002184694167226553 
vn -1.0341130485562108e-13 0.999997615814209 0.002184694167226553 
vn -1.0341130485562108e-13 0.999997615814209 0.002184694167226553 
vn -1.0341130485562108e-13 0.999997615814209 0.002184694167226553 
vn -1.0341130485562108e-13 0.999997615814209 0.002184694167226553 
vn -1.0341130485562108e-13 0.999997615814209 0.002184694167226553 
vn -1.0341130485562108e-13 0.999997615814209 0.002184694167226553 
vn -1.0341130485562108e-13 0.999997615814209 0.002184694167226553 
vn -1.0341130485562108e-13 0.999997615814209 0.002184694167226553 
vn -1.0341130485562108e-13 0.999997615814209 0.002184694167226553 
vn -1.0341130485562108e-13 0.999997615814209 0.002184694167226553 
vn -1.0341130485562108e-13 0.999997615814209 0.002184694167226553 
vn -1.0341130485562108e-13 0.999997615814209 0.002184694167226553 
vn -1.0341130485562108e-13 0.999997615814209 0.002184694167226553 
vn -1.0341130485562108e-13 0.999997615814209 0.002184694167226553 
vn -1.0341130485562108e-13 0.999997615814209 0.002184694167226553 
vn -1.0341130485562108e-13 0.999997615814209 0.002184694167226553 
vn 0.5644468069076538 -0.8167197704315186 0.11986933648586273 
vn 0.5644468069076538 -0.8167197704315186 0.11986933648586273 
vn 0.5644468069076538 -0.8167197704315186 0.11986933648586273 
vn 0.5644468069076538 -0.8167197704315186 0.11986933648586273 
vn 0.4964257776737213 0.8070245385169983 0.3198012113571167 
vn 0.4964257776737213 0.8070245385169983 0.3198012113571167 
vn 0.4964257776737213 0.8070245385169983 0.3198012113571167 
vn 0.4964257776737213 0.8070245385169983 0.3198012113571167 
vn 0.1354825496673584 -0.8892120122909546 -0.43697428703308105 
vn 0.1354825496673584 -0.8892120122909546 -0.43697428703308105 
vn 0.1354825496673584 -0.8892120122909546 -0.43697428703308105 
vn 0.1354825496673584 -0.8892120122909546 -0.43697428703308105 
vn 0.25686225295066833 0.4600140154361725 -0.8499464392662048 
vn 0.25686225295066833 0.4600140154361725 -0.8499464392662048 
vn 0.25686225295066833 0.4600140154361725 -0.8499464392662048 
vn 0.25686225295066833 0.4600140154361725 -0.8499464392662048 
vn -0.5333732962608337 -0.8182045221328735 -0.21460255980491638 
vn -0.5333732962608337 -0.8182045221328735 -0.21460255980491638 
vn -0.5333732962608337 -0.8182045221328735 -0.21460255980491638 
vn -0.5333732962608337 -0.8182045221328735 -0.21460255980491638 
vn -0.5926268100738525 0.8054030537605286 -0.010923261754214764 
vn -0.5926268100738525 0.8054030537605286 -0.010923261754214764 
vn -0.5926268100738525 0.8054030537605286 -0.010923261754214764 
vn -0.5926268100738525 0.8054030537605286 -0.010923261754214764 
vn -0.09037499129772186 -0.9512587189674377 0.2948545813560486 
vn -0.09037499129772186 -0.9512587189674377 0.2948545813560486 
vn -0.09037499129772186 -0.9512587189674377 0.2948545813560486 
vn -0.09037499129772186 -0.9512587189674377 0.2948545813560486 
vn -0.27653977274894714 0.30975040793418884 0.9097144603729248 
vn -0.27653977274894714 0.30975040793418884 0.9097144603729248 
vn -0.27653977274894714 0.30975040793418884 0.9097144603729248 
vn -0.27653977274894714 0.30975040793418884 0.9097144603729248 
vn -0.40430739521980286 -0.8159432411193848 -0.41324591636657715 
vn -0.40430739521980286 -0.8159432411193848 -0.41324591636657715 
vn -0.40430739521980286 -0.8159432411193848 -0.41324591636657715 
vn -0.40430739521980286 -0.8159432411193848 -0.41324591636657715 
vn -0.23847748339176178 0.8073034882545471 -0.5398051738739014 
vn -0.23847748339176178 0.8073034882545471 -0.5398051738739014 
vn -0.23847748339176178 0.8073034882545471 -0.5398051738739014 
vn -0.23847748339176178 0.8073034882545471 -0.5398051738739014 
vn -0.35173842310905457 -0.8898242115974426 0.29067665338516235 
vn -0.35173842310905457 -0.8898242115974426 0.29067665338516235 
vn -0.35173842310905457 -0.8898242115974426 0.29067665338516235 
vn -0.35173842310905457 -0.8898242115974426 0.29067665338516235 
vn -0.685476541519165 0.45887142419815063 0.5652954578399658 
vn -0.685476541519165 0.45887142419815063 0.5652954578399658 
vn -0.685476541519165 0.45887142419815063 0.5652954578399658 
vn -0.685476541519165 0.45887142419815063 0.5652954578399658 
vn 0.3243374824523926 -0.8175423741340637 0.4758462607860565 
vn 0.3243374824523926 -0.8175423741340637 0.4758462607860565 
vn 0.3243374824523926 -0.8175423741340637 0.4758462607860565 
vn 0.3243374824523926 -0.8175423741340637 0.4758462607860565 
vn 0.4881966710090637 0.8053314685821533 0.3363112509250641 
vn 0.4881966710090637 0.8053314685821533 0.3363112509250641 
vn 0.4881966710090637 0.8053314685821533 0.3363112509250641 
vn 0.4881966710090637 0.8053314685821533 0.3363112509250641 
vn 0.23931750655174255 -0.9515224695205688 -0.19321508705615997 
vn 0.23931750655174255 -0.9515224695205688 -0.19321508705615997 
vn 0.23931750655174255 -0.9515224695205688 -0.19321508705615997 
vn 0.23931750655174255 -0.9515224695205688 -0.19321508705615997 
vn 0.7344895601272583 0.30883288383483887 -0.6042742133140564 
vn 0.7344895601272583 0.30883288383483887 -0.6042742133140564 
vn 0.7344895601272583 0.30883288383483887 -0.6042742133140564 
vn 0.7344895601272583 0.30883288383483887 -0.6042742133140564 
vn -0.5671987533569336 -0.8166208267211914 0.10684575140476227 
vn -0.5671987533569336 -0.8166208267211914 0.10684575140476227 
vn -0.5671987533569336 -0.8166208267211914 0.10684575140476227 
vn -0.5671987533569336 -0.8166208267211914 0.10684575140476227 
vn -0.5797931551933289 0.8082904815673828 -0.10250037163496017 
vn -0.5797931551933289 0.8082904815673828 -0.10250037163496017 
vn -0.5797931551933289 0.8082904815673828 -0.10250037163496017 
vn -0.5797931551933289 0.8082904815673828 -0.10250037163496017 
vn 0.0433417446911335 -0.8906458020210266 0.45262736082077026 
vn 0.0433417446911335 -0.8906458020210266 0.45262736082077026 
vn 0.0433417446911335 -0.8906458020210266 0.45262736082077026 
vn 0.0433417446911335 -0.8906458020210266 0.45262736082077026 
vn 0.08425045758485794 0.45853477716445923 0.8846737742424011 
vn 0.08425045758485794 0.45853477716445923 0.8846737742424011 
vn 0.08425045758485794 0.45853477716445923 0.8846737742424011 
vn 0.08425045758485794 0.45853477716445923 0.8846737742424011 
vn 0.5742512345314026 -0.818652868270874 -0.006554040592163801 
vn 0.5742512345314026 -0.818652868270874 -0.006554040592163801 
vn 0.5742512345314026 -0.818652868270874 -0.006554040592163801 
vn 0.5742512345314026 -0.818652868270874 -0.006554040592163801 
vn 0.5490813255310059 0.8077471852302551 -0.21460255980491638 
vn 0.5490813255310059 0.8077471852302551 -0.21460255980491638 
vn 0.5490813255310059 0.8077471852302551 -0.21460255980491638 
vn 0.5490813255310059 0.8077471852302551 -0.21460255980491638 
vn -0.02830965630710125 -0.9525083899497986 -0.30319350957870483 
vn -0.02830965630710125 -0.9525083899497986 -0.30319350957870483 
vn -0.02830965630710125 -0.9525083899497986 -0.30319350957870483 
vn -0.02830965630710125 -0.9525083899497986 -0.30319350957870483 
vn -0.09150691330432892 0.30858880281448364 -0.946783721446991 
vn -0.09150691330432892 0.30858880281448364 -0.946783721446991 
vn -0.09150691330432892 0.30858880281448364 -0.946783721446991 
vn -0.09150691330432892 0.30858880281448364 -0.946783721446991 
vn 0.5329530239105225 -0.8150193095207214 0.22738653421401978 
vn 0.5329530239105225 -0.8150193095207214 0.22738653421401978 
vn 0.5329530239105225 -0.8150193095207214 0.22738653421401978 
vn 0.5329530239105225 -0.8150193095207214 0.22738653421401978 
vn 0.42761334776878357 0.8060089945793152 0.40926313400268555 
vn 0.42761334776878357 0.8060089945793152 0.40926313400268555 
vn 0.42761334776878357 0.8060089945793152 0.40926313400268555 
vn 0.42761334776878357 0.8060089945793152 0.40926313400268555 
vn 0.21327529847621918 -0.8907820582389832 -0.401274174451828 
vn 0.21327529847621918 -0.8907820582389832 -0.401274174451828 
vn 0.21327529847621918 -0.8907820582389832 -0.401274174451828 
vn 0.21327529847621918 -0.8907820582389832 -0.401274174451828 
vn 0.4184751510620117 0.4572296142578125 -0.7847417593002319 
vn 0.4184751510620117 0.4572296142578125 -0.7847417593002319 
vn 0.4184751510620117 0.4572296142578125 -0.7847417593002319 
vn 0.4184751510620117 0.4572296142578125 -0.7847417593002319 
vn -0.48096534609794617 -0.8179438710212708 -0.31565824151039124 
vn -0.48096534609794617 -0.8179438710212708 -0.31565824151039124 
vn -0.48096534609794617 -0.8179438710212708 -0.31565824151039124 
vn -0.48096534609794617 -0.8179438710212708 -0.31565824151039124 
vn -0.5764963626861572 0.8076043128967285 -0.1242060661315918 
vn -0.5764963626861572 0.8076043128967285 -0.1242060661315918 
vn -0.5764963626861572 0.8076043128967285 -0.1242060661315918 
vn -0.5764963626861572 0.8076043128967285 -0.1242060661315918 
vn -0.1465379148721695 -0.9517277479171753 0.26970529556274414 
vn -0.1465379148721695 -0.9517277479171753 0.26970529556274414 
vn -0.1465379148721695 -0.9517277479171753 0.26970529556274414 
vn -0.1465379148721695 -0.9517277479171753 0.26970529556274414 
vn -0.44984865188598633 0.30822059512138367 0.838234007358551 
vn -0.44984865188598633 0.30822059512138367 0.838234007358551 
vn -0.44984865188598633 0.30822059512138367 0.838234007358551 
vn -0.44984865188598633 0.30822059512138367 0.838234007358551 
vn -0.3174508810043335 -0.8157445192337036 -0.4835140109062195 
vn -0.3174508810043335 -0.8157445192337036 -0.4835140109062195 
vn -0.3174508810043335 -0.8157445192337036 -0.4835140109062195 
vn -0.3174508810043335 -0.8157445192337036 -0.4835140109062195 
vn -0.12787076830863953 0.8073441982269287 -0.5760593414306641 
vn -0.12787076830863953 0.8073441982269287 -0.5760593414306641 
vn -0.12787076830863953 0.8073441982269287 -0.5760593414306641 
vn -0.12787076830863953 0.8073441982269287 -0.5760593414306641 
vn -0.40104934573173523 -0.890564501285553 0.21460255980491638 
vn -0.40104934573173523 -0.890564501285553 0.21460255980491638 
vn -0.40104934573173523 -0.890564501285553 0.21460255980491638 
vn -0.40104934573173523 -0.890564501285553 0.21460255980491638 
vn -0.7854721546173096 0.45712175965309143 0.417220801115036 
vn -0.7854721546173096 0.45712175965309143 0.417220801115036 
vn -0.7854721546173096 0.45712175965309143 0.417220801115036 
vn -0.7854721546173096 0.45712175965309143 0.417220801115036 
vn 0.22908064723014832 -0.8172956705093384 0.528724730014801 
vn 0.22908064723014832 -0.8172956705093384 0.528724730014801 
vn 0.22908064723014832 -0.8172956705093384 0.528724730014801 
vn 0.22908064723014832 -0.8172956705093384 0.528724730014801 
vn 0.4105818569660187 0.8066429495811462 0.42514660954475403 
vn 0.4105818569660187 0.8066429495811462 0.42514660954475403 
vn 0.4105818569660187 0.8066429495811462 0.42514660954475403 
vn 0.4105818569660187 0.8066429495811462 0.42514660954475403 
vn 0.2666744887828827 -0.952686607837677 -0.1458524912595749 
vn 0.2666744887828827 -0.952686607837677 -0.1458524912595749 
vn 0.2666744887828827 -0.952686607837677 -0.1458524912595749 
vn 0.2666744887828827 -0.952686607837677 -0.1458524912595749 
vn 0.837891697883606 0.3107759654521942 -0.4487268626689911 
vn 0.837891697883606 0.3107759654521942 -0.4487268626689911 
vn 0.837891697883606 0.3107759654521942 -0.4487268626689911 
vn 0.837891697883606 0.3107759654521942 -0.4487268626689911 
vn 0.4734150767326355 -0.8174650073051453 0.3280687630176544 
vn 0.4734150767326355 -0.8174650073051453 0.3280687630176544 
vn 0.4734150767326355 -0.8174650073051453 0.3280687630176544 
vn 0.4734150767326355 -0.8174650073051453 0.3280687630176544 
vn 0.3397628962993622 0.8067064881324768 0.4835140109062195 
vn 0.3397628962993622 0.8067064881324768 0.4835140109062195 
vn 0.3397628962993622 0.8067064881324768 0.4835140109062195 
vn 0.3397628962993622 0.8067064881324768 0.4835140109062195 
vn 0.28627994656562805 -0.8908610343933105 -0.3527185618877411 
vn 0.28627994656562805 -0.8908610343933105 -0.3527185618877411 
vn 0.28627994656562805 -0.8908610343933105 -0.3527185618877411 
vn 0.28627994656562805 -0.8908610343933105 -0.3527185618877411 
vn 0.5616216063499451 0.4603002071380615 -0.6875353455543518 
vn 0.5616216063499451 0.4603002071380615 -0.6875353455543518 
vn 0.5616216063499451 0.4603002071380615 -0.6875353455543518 
vn 0.5616216063499451 0.4603002071380615 -0.6875353455543518 
vn -0.4114561080932617 -0.8183415532112122 -0.401274174451828 
vn -0.4114561080932617 -0.8183415532112122 -0.401274174451828 
vn -0.4114561080932617 -0.8183415532112122 -0.401274174451828 
vn -0.4114561080932617 -0.8183415532112122 -0.401274174451828 
vn -0.5393037796020508 0.8083987236022949 -0.23588760197162628 
vn -0.5393037796020508 0.8083987236022949 -0.23588760197162628 
vn -0.5393037796020508 0.8083987236022949 -0.23588760197162628 
vn -0.5393037796020508 0.8083987236022949 -0.23588760197162628 
vn -0.19305355846881866 -0.9524113535881042 0.23588760197162628 
vn -0.19305355846881866 -0.9524113535881042 0.23588760197162628 
vn -0.19305355846881866 -0.9524113535881042 0.23588760197162628 
vn -0.19305355846881866 -0.9524113535881042 0.23588760197162628 
vn -0.6002198457717896 0.3117468059062958 0.736579954624176 
vn -0.6002198457717896 0.3117468059062958 0.736579954624176 
vn -0.6002198457717896 0.3117468059062958 0.736579954624176 
vn -0.6002198457717896 0.3117468059062958 0.736579954624176 
vn -0.2130013108253479 -0.8168253898620605 -0.5361219048500061 
vn -0.2130013108253479 -0.8168253898620605 -0.5361219048500061 
vn -0.2130013108253479 -0.8168253898620605 -0.5361219048500061 
vn -0.2130013108253479 -0.8168253898620605 -0.5361219048500061 
vn -0.009448152966797352 0.8071601390838623 -0.590256929397583 
vn -0.009448152966797352 0.8071601390838623 -0.590256929397583 
vn -0.009448152966797352 0.8071601390838623 -0.590256929397583 
vn -0.009448152966797352 0.8071601390838623 -0.590256929397583 
vn -0.43561458587646484 -0.8902723789215088 0.1328723281621933 
vn -0.43561458587646484 -0.8902723789215088 0.1328723281621933 
vn -0.43561458587646484 -0.8902723789215088 0.1328723281621933 
vn -0.43561458587646484 -0.8902723789215088 0.1328723281621933 
vn -0.85010826587677 0.4596042037010193 0.25706008076667786 
vn -0.85010826587677 0.4596042037010193 0.25706008076667786 
vn -0.85010826587677 0.4596042037010193 0.25706008076667786 
vn -0.85010826587677 0.4596042037010193 0.25706008076667786 
vn 0.1184120774269104 -0.8163452744483948 0.5652954578399658 
vn 0.1184120774269104 -0.8163452744483948 0.5652954578399658 
vn 0.1184120774269104 -0.8163452744483948 0.5652954578399658 
vn 0.1184120774269104 -0.8163452744483948 0.5652954578399658 
vn 0.32033494114875793 0.8053854703903198 0.4987381398677826 
vn 0.32033494114875793 0.8053854703903198 0.4987381398677826 
vn 0.32033494114875793 0.8053854703903198 0.4987381398677826 
vn 0.32033494114875793 0.8053854703903198 0.4987381398677826 
vn 0.29194146394729614 -0.9522438645362854 -0.08945280313491821 
vn 0.29194146394729614 -0.9522438645362854 -0.08945280313491821 
vn 0.29194146394729614 -0.9522438645362854 -0.08945280313491821 
vn 0.29194146394729614 -0.9522438645362854 -0.08945280313491821 
vn 0.9086330533027649 0.3115138113498688 -0.2781098484992981 
vn 0.9086330533027649 0.3115138113498688 -0.2781098484992981 
vn 0.9086330533027649 0.3115138113498688 -0.2781098484992981 
vn 0.9086330533027649 0.3115138113498688 -0.2781098484992981 
vn 0.40430739521980286 -0.8159432411193848 0.41324591636657715 
vn 0.40430739521980286 -0.8159432411193848 0.41324591636657715 
vn 0.40430739521980286 -0.8159432411193848 0.41324591636657715 
vn 0.40430739521980286 -0.8159432411193848 0.41324591636657715 
vn 0.23995529115200043 0.8068654537200928 0.5398051738739014 
vn 0.23995529115200043 0.8068654537200928 0.5398051738739014 
vn 0.23995529115200043 0.8068654537200928 0.5398051738739014 
vn 0.23995529115200043 0.8068654537200928 0.5398051738739014 
vn 0.35391414165496826 -0.888961136341095 -0.29067665338516235 
vn 0.35391414165496826 -0.888961136341095 -0.29067665338516235 
vn 0.35391414165496826 -0.888961136341095 -0.29067665338516235 
vn 0.35391414165496826 -0.888961136341095 -0.29067665338516235 
vn 0.6871786713600159 0.4563184976577759 -0.5652954578399658 
vn 0.6871786713600159 0.4563184976577759 -0.5652954578399658 
vn 0.6871786713600159 0.4563184976577759 -0.5652954578399658 
vn 0.6871786713600159 0.4563184976577759 -0.5652954578399658 
vn -0.3243374824523926 -0.8175423741340637 -0.4758462607860565 
vn -0.3243374824523926 -0.8175423741340637 -0.4758462607860565 
vn -0.3243374824523926 -0.8175423741340637 -0.4758462607860565 
vn -0.3243374824523926 -0.8175423741340637 -0.4758462607860565 
vn -0.4881966710090637 0.8053314685821533 -0.3363112509250641 
vn -0.4881966710090637 0.8053314685821533 -0.3363112509250641 
vn -0.4881966710090637 0.8053314685821533 -0.3363112509250641 
vn -0.4881966710090637 0.8053314685821533 -0.3363112509250641 
vn -0.2372005134820938 -0.9520524144172668 0.19321508705615997 
vn -0.2372005134820938 -0.9520524144172668 0.19321508705615997 
vn -0.2372005134820938 -0.9520524144172668 0.19321508705615997 
vn -0.2372005134820938 -0.9520524144172668 0.19321508705615997 
vn -0.7346745729446411 0.30839255452156067 0.6042742133140564 
vn -0.7346745729446411 0.30839255452156067 0.6042742133140564 
vn -0.7346745729446411 0.30839255452156067 0.6042742133140564 
vn -0.7346745729446411 0.30839255452156067 0.6042742133140564 
vn -0.1054733544588089 -0.815619170665741 -0.5688942670822144 
vn -0.1054733544588089 -0.815619170665741 -0.5688942670822144 
vn -0.1054733544588089 -0.815619170665741 -0.5688942670822144 
vn -0.1054733544588089 -0.815619170665741 -0.5688942670822144 
vn 0.10540813952684402 0.8054748773574829 -0.5831804275512695 
vn 0.10540813952684402 0.8054748773574829 -0.5831804275512695 
vn 0.10540813952684402 0.8054748773574829 -0.5831804275512695 
vn 0.10540813952684402 0.8054748773574829 -0.5831804275512695 
vn -0.4530079960823059 -0.8903260231018066 0.04586252197623253 
vn -0.4530079960823059 -0.8903260231018066 0.04586252197623253 
vn -0.4530079960823059 -0.8903260231018066 0.04586252197623253 
vn -0.4530079960823059 -0.8903260231018066 0.04586252197623253 
vn -0.8831869959831238 0.4612361192703247 0.08510008454322815 
vn -0.8831869959831238 0.4612361192703247 0.08510008454322815 
vn -0.8831869959831238 0.4612361192703247 0.08510008454322815 
vn -0.8831869959831238 0.4612361192703247 0.08510008454322815 
vn 0.009426966309547424 -0.8173534870147705 0.5760593414306641 
vn 0.009426966309547424 -0.8173534870147705 0.5760593414306641 
vn 0.009426966309547424 -0.8173534870147705 0.5760593414306641 
vn 0.009426966309547424 -0.8173534870147705 0.5760593414306641 
vn 0.21450242400169373 0.806607723236084 0.5507928133010864 
vn 0.21450242400169373 0.806607723236084 0.5507928133010864 
vn 0.21450242400169373 0.806607723236084 0.5507928133010864 
vn 0.21450242400169373 0.806607723236084 0.5507928133010864 
vn 0.30458158254623413 -0.9520628452301025 -0.028397228568792343 
vn 0.30458158254623413 -0.9520628452301025 -0.028397228568792343 
vn 0.30458158254623413 -0.9520628452301025 -0.028397228568792343 
vn 0.30458158254623413 -0.9520628452301025 -0.028397228568792343 
vn 0.9455723166465759 0.31159883737564087 -0.09380380809307098 
vn 0.9455723166465759 0.31159883737564087 -0.09380380809307098 
vn 0.9455723166465759 0.31159883737564087 -0.09380380809307098 
vn 0.9455723166465759 0.31159883737564087 -0.09380380809307098 
vn 0.3117547929286957 -0.8179383277893066 0.4835140109062195 
vn 0.3117547929286957 -0.8179383277893066 0.4835140109062195 
vn 0.3117547929286957 -0.8179383277893066 0.4835140109062195 
vn 0.3117547929286957 -0.8179383277893066 0.4835140109062195 
vn 0.12954649329185486 0.8070770502090454 0.5760593414306641 
vn 0.12954649329185486 0.8070770502090454 0.5760593414306641 
vn 0.12954649329185486 0.8070770502090454 0.5760593414306641 
vn 0.12954649329185486 0.8070770502090454 0.5760593414306641 
vn 0.40448763966560364 -0.8890081644058228 -0.21460255980491638 
vn 0.40448763966560364 -0.8890081644058228 -0.21460255980491638 
vn 0.40448763966560364 -0.8890081644058228 -0.21460255980491638 
vn 0.40448763966560364 -0.8890081644058228 -0.21460255980491638 
vn 0.7832446098327637 0.4609280228614807 -0.417220801115036 
vn 0.7832446098327637 0.4609280228614807 -0.417220801115036 
vn 0.7832446098327637 0.4609280228614807 -0.417220801115036 
vn 0.7832446098327637 0.4609280228614807 -0.417220801115036 
vn -0.22757820785045624 -0.8177152872085571 -0.528724730014801 
vn -0.22757820785045624 -0.8177152872085571 -0.528724730014801 
vn -0.22757820785045624 -0.8177152872085571 -0.528724730014801 
vn -0.22757820785045624 -0.8177152872085571 -0.528724730014801 
vn -0.4127674102783203 0.8055267930030823 -0.42514660954475403 
vn -0.4127674102783203 0.8055267930030823 -0.42514660954475403 
vn -0.4127674102783203 0.8055267930030823 -0.42514660954475403 
vn -0.4127674102783203 0.8055267930030823 -0.42514660954475403 
vn -0.2681747078895569 -0.9522653818130493 0.1458524912595749 
vn -0.2681747078895569 -0.9522653818130493 0.1458524912595749 
vn -0.2681747078895569 -0.9522653818130493 0.1458524912595749 
vn -0.2681747078895569 -0.9522653818130493 0.1458524912595749 
vn -0.8380399942398071 0.3103759288787842 0.4487268626689911 
vn -0.8380399942398071 0.3103759288787842 0.4487268626689911 
vn -0.8380399942398071 0.3103759288787842 0.4487268626689911 
vn -0.8380399942398071 0.3103759288787842 0.4487268626689911 
vn 0.007552723400294781 -0.8173729777336121 -0.5760593414306641 
vn 0.007552723400294781 -0.8173729777336121 -0.5760593414306641 
vn 0.007552723400294781 -0.8173729777336121 -0.5760593414306641 
vn 0.007552723400294781 -0.8173729777336121 -0.5760593414306641 
vn 0.21297846734523773 0.8070114254951477 -0.5507928133010864 
vn 0.21297846734523773 0.8070114254951477 -0.5507928133010864 
vn 0.21297846734523773 0.8070114254951477 -0.5507928133010864 
vn 0.21297846734523773 0.8070114254951477 -0.5507928133010864 
vn -0.4530079960823059 -0.8903260231018066 -0.04586252197623253 
vn -0.4530079960823059 -0.8903260231018066 -0.04586252197623253 
vn -0.4530079960823059 -0.8903260231018066 -0.04586252197623253 
vn -0.4530079960823059 -0.8903260231018066 -0.04586252197623253 
vn -0.8831869959831238 0.4612361192703247 -0.08510008454322815 
vn -0.8831869959831238 0.4612361192703247 -0.08510008454322815 
vn -0.8831869959831238 0.4612361192703247 -0.08510008454322815 
vn -0.8831869959831238 0.4612361192703247 -0.08510008454322815 
vn -0.10344958305358887 -0.8158783316612244 0.5688942670822144 
vn -0.10344958305358887 -0.8158783316612244 0.5688942670822144 
vn -0.10344958305358887 -0.8158783316612244 0.5688942670822144 
vn -0.10344958305358887 -0.8158783316612244 0.5688942670822144 
vn 0.10712197422981262 0.8052487373352051 0.5831804275512695 
vn 0.10712197422981262 0.8052487373352051 0.5831804275512695 
vn 0.10712197422981262 0.8052487373352051 0.5831804275512695 
vn 0.10712197422981262 0.8052487373352051 0.5831804275512695 
vn 0.30458158254623413 -0.9520628452301025 0.028397228568792343 
vn 0.30458158254623413 -0.9520628452301025 0.028397228568792343 
vn 0.30458158254623413 -0.9520628452301025 0.028397228568792343 
vn 0.30458158254623413 -0.9520628452301025 0.028397228568792343 
vn 0.9455723166465759 0.31159883737564087 0.09380380809307098 
vn 0.9455723166465759 0.31159883737564087 0.09380380809307098 
vn 0.9455723166465759 0.31159883737564087 0.09380380809307098 
vn 0.9455723166465759 0.31159883737564087 0.09380380809307098 
vn 0.21452967822551727 -0.8164253234863281 0.5361219048500061 
vn 0.21452967822551727 -0.8164253234863281 0.5361219048500061 
vn 0.21452967822551727 -0.8164253234863281 0.5361219048500061 
vn 0.21452967822551727 -0.8164253234863281 0.5361219048500061 
vn 0.007547336630523205 0.8071801662445068 0.590256929397583 
vn 0.007547336630523205 0.8071801662445068 0.590256929397583 
vn 0.007547336630523205 0.8071801662445068 0.590256929397583 
vn 0.007547336630523205 0.8071801662445068 0.590256929397583 
vn 0.43900156021118164 -0.8886070847511292 -0.1328723281621933 
vn 0.43900156021118164 -0.8886070847511292 -0.1328723281621933 
vn 0.43900156021118164 -0.8886070847511292 -0.1328723281621933 
vn 0.43900156021118164 -0.8886070847511292 -0.1328723281621933 
vn 0.8516162633895874 0.4568040072917938 -0.25706008076667786 
vn 0.8516162633895874 0.4568040072917938 -0.25706008076667786 
vn 0.8516162633895874 0.4568040072917938 -0.25706008076667786 
vn 0.8516162633895874 0.4568040072917938 -0.25706008076667786 
vn -0.1167139858007431 -0.8165898323059082 -0.5652954578399658 
vn -0.1167139858007431 -0.8165898323059082 -0.5652954578399658 
vn -0.1167139858007431 -0.8165898323059082 -0.5652954578399658 
vn -0.1167139858007431 -0.8165898323059082 -0.5652954578399658 
vn -0.31548812985420227 0.8072963953018188 -0.4987381398677826 
vn -0.31548812985420227 0.8072963953018188 -0.4987381398677826 
vn -0.31548812985420227 0.8072963953018188 -0.4987381398677826 
vn -0.31548812985420227 0.8072963953018188 -0.4987381398677826 
vn -0.2955479919910431 -0.9511306881904602 0.08945280313491821 
vn -0.2955479919910431 -0.9511306881904602 0.08945280313491821 
vn -0.2955479919910431 -0.9511306881904602 0.08945280313491821 
vn -0.2955479919910431 -0.9511306881904602 0.08945280313491821 
vn -0.9087616205215454 0.3111386299133301 0.2781098484992981 
vn -0.9087616205215454 0.3111386299133301 0.2781098484992981 
vn -0.9087616205215454 0.3111386299133301 0.2781098484992981 
vn -0.9087616205215454 0.3111386299133301 0.2781098484992981 
vn 0.1167139858007431 -0.8165898323059082 -0.5652954578399658 
vn 0.1167139858007431 -0.8165898323059082 -0.5652954578399658 
vn 0.1167139858007431 -0.8165898323059082 -0.5652954578399658 
vn 0.1167139858007431 -0.8165898323059082 -0.5652954578399658 
vn 0.3190027177333832 0.8059141039848328 -0.4987381398677826 
vn 0.3190027177333832 0.8059141039848328 -0.4987381398677826 
vn 0.3190027177333832 0.8059141039848328 -0.4987381398677826 
vn 0.3190027177333832 0.8059141039848328 -0.4987381398677826 
vn -0.43561458587646484 -0.8902723789215088 -0.1328723281621933 
vn -0.43561458587646484 -0.8902723789215088 -0.1328723281621933 
vn -0.43561458587646484 -0.8902723789215088 -0.1328723281621933 
vn -0.43561458587646484 -0.8902723789215088 -0.1328723281621933 
vn -0.8516162633895874 0.4568040072917938 -0.25706008076667786 
vn -0.8516162633895874 0.4568040072917938 -0.25706008076667786 
vn -0.8516162633895874 0.4568040072917938 -0.25706008076667786 
vn -0.8516162633895874 0.4568040072917938 -0.25706008076667786 
vn -0.21087907254695892 -0.817375898361206 0.5361219048500061 
vn -0.21087907254695892 -0.817375898361206 0.5361219048500061 
vn -0.21087907254695892 -0.817375898361206 0.5361219048500061 
vn -0.21087907254695892 -0.817375898361206 0.5361219048500061 
vn -0.007547336630523205 0.8071801662445068 0.590256929397583 
vn -0.007547336630523205 0.8071801662445068 0.590256929397583 
vn -0.007547336630523205 0.8071801662445068 0.590256929397583 
vn -0.007547336630523205 0.8071801662445068 0.590256929397583 
vn 0.29194146394729614 -0.9522438645362854 0.08945280313491821 
vn 0.29194146394729614 -0.9522438645362854 0.08945280313491821 
vn 0.29194146394729614 -0.9522438645362854 0.08945280313491821 
vn 0.29194146394729614 -0.9522438645362854 0.08945280313491821 
vn 0.9087616205215454 0.3111386299133301 0.2781098484992981 
vn 0.9087616205215454 0.3111386299133301 0.2781098484992981 
vn 0.9087616205215454 0.3111386299133301 0.2781098484992981 
vn 0.9087616205215454 0.3111386299133301 0.2781098484992981 
vn 0.1071903184056282 -0.8153952956199646 0.5688942670822144 
vn 0.1071903184056282 -0.8153952956199646 0.5688942670822144 
vn 0.1071903184056282 -0.8153952956199646 0.5688942670822144 
vn 0.1071903184056282 -0.8153952956199646 0.5688942670822144 
vn -0.1033841073513031 0.8057371377944946 0.5831804275512695 
vn -0.1033841073513031 0.8057371377944946 0.5831804275512695 
vn -0.1033841073513031 0.8057371377944946 0.5831804275512695 
vn -0.1033841073513031 0.8057371377944946 0.5831804275512695 
vn 0.45637062191963196 -0.8886070251464844 -0.04586252197623253 
vn 0.45637062191963196 -0.8886070251464844 -0.04586252197623253 
vn 0.45637062191963196 -0.8886070251464844 -0.04586252197623253 
vn 0.45637062191963196 -0.8886070251464844 -0.04586252197623253 
vn 0.8849285244941711 0.45788586139678955 -0.08510008454322815 
vn 0.8849285244941711 0.45788586139678955 -0.08510008454322815 
vn 0.8849285244941711 0.45788586139678955 -0.08510008454322815 
vn 0.8849285244941711 0.45788586139678955 -0.08510008454322815 
vn -0.007552723400294781 -0.8173729777336121 -0.5760593414306641 
vn -0.007552723400294781 -0.8173729777336121 -0.5760593414306641 
vn -0.007552723400294781 -0.8173729777336121 -0.5760593414306641 
vn -0.007552723400294781 -0.8173729777336121 -0.5760593414306641 
vn -0.21297846734523773 0.8070114254951477 -0.5507928133010864 
vn -0.21297846734523773 0.8070114254951477 -0.5507928133010864 
vn -0.21297846734523773 0.8070114254951477 -0.5507928133010864 
vn -0.21297846734523773 0.8070114254951477 -0.5507928133010864 
vn -0.30458158254623413 -0.9520628452301025 0.028397228568792343 
vn -0.30458158254623413 -0.9520628452301025 0.028397228568792343 
vn -0.30458158254623413 -0.9520628452301025 0.028397228568792343 
vn -0.30458158254623413 -0.9520628452301025 0.028397228568792343 
vn -0.9467463493347168 0.30801326036453247 0.09380380809307098 
vn -0.9467463493347168 0.30801326036453247 0.09380380809307098 
vn -0.9467463493347168 0.30801326036453247 0.09380380809307098 
vn -0.9467463493347168 0.30801326036453247 0.09380380809307098 
vn 0.22757820785045624 -0.8177152872085571 -0.528724730014801 
vn 0.22757820785045624 -0.8177152872085571 -0.528724730014801 
vn 0.22757820785045624 -0.8177152872085571 -0.528724730014801 
vn 0.22757820785045624 -0.8177152872085571 -0.528724730014801 
vn 0.40940308570861816 0.8072418570518494 -0.42514660954475403 
vn 0.40940308570861816 0.8072418570518494 -0.42514660954475403 
vn 0.40940308570861816 0.8072418570518494 -0.42514660954475403 
vn 0.40940308570861816 0.8072418570518494 -0.42514660954475403 
vn -0.40104934573173523 -0.890564501285553 -0.21460255980491638 
vn -0.40104934573173523 -0.890564501285553 -0.21460255980491638 
vn -0.40104934573173523 -0.890564501285553 -0.21460255980491638 
vn -0.40104934573173523 -0.890564501285553 -0.21460255980491638 
vn -0.7832446098327637 0.4609280228614807 -0.417220801115036 
vn -0.7832446098327637 0.4609280228614807 -0.417220801115036 
vn -0.7832446098327637 0.4609280228614807 -0.417220801115036 
vn -0.7832446098327637 0.4609280228614807 -0.417220801115036 
vn -0.31527674198150635 -0.8165872693061829 0.4835140109062195 
vn -0.31527674198150635 -0.8165872693061829 0.4835140109062195 
vn -0.31527674198150635 -0.8165872693061829 0.4835140109062195 
vn -0.31527674198150635 -0.8165872693061829 0.4835140109062195 
vn -0.12582190334796906 0.8076660633087158 0.5760593414306641 
vn -0.12582190334796906 0.8076660633087158 0.5760593414306641 
vn -0.12582190334796906 0.8076660633087158 0.5760593414306641 
vn -0.12582190334796906 0.8076660633087158 0.5760593414306641 
vn 0.2681747078895569 -0.9522653818130493 0.1458524912595749 
vn 0.2681747078895569 -0.9522653818130493 0.1458524912595749 
vn 0.2681747078895569 -0.9522653818130493 0.1458524912595749 
vn 0.2681747078895569 -0.9522653818130493 0.1458524912595749 
vn 0.8380399942398071 0.3103759288787842 0.4487268626689911 
vn 0.8380399942398071 0.3103759288787842 0.4487268626689911 
vn 0.8380399942398071 0.3103759288787842 0.4487268626689911 
vn 0.8380399942398071 0.3103759288787842 0.4487268626689911 
vn -0.0056562600657343864 -0.8173882961273193 0.5760593414306641 
vn -0.0056562600657343864 -0.8173882961273193 0.5760593414306641 
vn -0.0056562600657343864 -0.8173882961273193 0.5760593414306641 
vn -0.0056562600657343864 -0.8173882961273193 0.5760593414306641 
vn -0.21814630925655365 0.8056298494338989 0.5507928133010864 
vn -0.21814630925655365 0.8056298494338989 0.5507928133010864 
vn -0.21814630925655365 0.8056298494338989 0.5507928133010864 
vn -0.21814630925655365 0.8056298494338989 0.5507928133010864 
vn 0.45637062191963196 -0.8886070251464844 0.04586252197623253 
vn 0.45637062191963196 -0.8886070251464844 0.04586252197623253 
vn 0.45637062191963196 -0.8886070251464844 0.04586252197623253 
vn 0.45637062191963196 -0.8886070251464844 0.04586252197623253 
vn 0.8849285244941711 0.45788586139678955 0.08510008454322815 
vn 0.8849285244941711 0.45788586139678955 0.08510008454322815 
vn 0.8849285244941711 0.45788586139678955 0.08510008454322815 
vn 0.8849285244941711 0.45788586139678955 0.08510008454322815 
vn 0.1054733544588089 -0.815619170665741 -0.5688942670822144 
vn 0.1054733544588089 -0.815619170665741 -0.5688942670822144 
vn 0.1054733544588089 -0.815619170665741 -0.5688942670822144 
vn 0.1054733544588089 -0.815619170665741 -0.5688942670822144 
vn -0.10540813952684402 0.8054748773574829 -0.5831804275512695 
vn -0.10540813952684402 0.8054748773574829 -0.5831804275512695 
vn -0.10540813952684402 0.8054748773574829 -0.5831804275512695 
vn -0.10540813952684402 0.8054748773574829 -0.5831804275512695 
vn -0.30458158254623413 -0.9520628452301025 -0.028397228568792343 
vn -0.30458158254623413 -0.9520628452301025 -0.028397228568792343 
vn -0.30458158254623413 -0.9520628452301025 -0.028397228568792343 
vn -0.30458158254623413 -0.9520628452301025 -0.028397228568792343 
vn -0.9467463493347168 0.30801326036453247 -0.09380380809307098 
vn -0.9467463493347168 0.30801326036453247 -0.09380380809307098 
vn -0.9467463493347168 0.30801326036453247 -0.09380380809307098 
vn -0.9467463493347168 0.30801326036453247 -0.09380380809307098 
vn 0.3243374824523926 -0.8175423741340637 -0.4758462607860565 
vn 0.3243374824523926 -0.8175423741340637 -0.4758462607860565 
vn 0.3243374824523926 -0.8175423741340637 -0.4758462607860565 
vn 0.3243374824523926 -0.8175423741340637 -0.4758462607860565 
vn 0.4881966710090637 0.8053314685821533 -0.3363112509250641 
vn 0.4881966710090637 0.8053314685821533 -0.3363112509250641 
vn 0.4881966710090637 0.8053314685821533 -0.3363112509250641 
vn 0.4881966710090637 0.8053314685821533 -0.3363112509250641 
vn -0.35391414165496826 -0.888961136341095 -0.29067665338516235 
vn -0.35391414165496826 -0.888961136341095 -0.29067665338516235 
vn -0.35391414165496826 -0.888961136341095 -0.29067665338516235 
vn -0.35391414165496826 -0.888961136341095 -0.29067665338516235 
vn -0.6871786713600159 0.4563184976577759 -0.5652954578399658 
vn -0.6871786713600159 0.4563184976577759 -0.5652954578399658 
vn -0.6871786713600159 0.4563184976577759 -0.5652954578399658 
vn -0.6871786713600159 0.4563184976577759 -0.5652954578399658 
vn -0.40430739521980286 -0.8159432411193848 0.41324591636657715 
vn -0.40430739521980286 -0.8159432411193848 0.41324591636657715 
vn -0.40430739521980286 -0.8159432411193848 0.41324591636657715 
vn -0.40430739521980286 -0.8159432411193848 0.41324591636657715 
vn -0.2363368570804596 0.8079327344894409 0.5398051738739014 
vn -0.2363368570804596 0.8079327344894409 0.5398051738739014 
vn -0.2363368570804596 0.8079327344894409 0.5398051738739014 
vn -0.2363368570804596 0.8079327344894409 0.5398051738739014 
vn 0.23353786766529083 -0.9529575109481812 0.19321508705615997 
vn 0.23353786766529083 -0.9529575109481812 0.19321508705615997 
vn 0.23353786766529083 -0.9529575109481812 0.19321508705615997 
vn 0.23353786766529083 -0.9529575109481812 0.19321508705615997 
vn 0.7346745729446411 0.30839255452156067 0.6042742133140564 
vn 0.7346745729446411 0.30839255452156067 0.6042742133140564 
vn 0.7346745729446411 0.30839255452156067 0.6042742133140564 
vn 0.7346745729446411 0.30839255452156067 0.6042742133140564 
vn -0.12214390933513641 -0.8157953023910522 0.5652954578399658 
vn -0.12214390933513641 -0.8157953023910522 0.5652954578399658 
vn -0.12214390933513641 -0.8157953023910522 0.5652954578399658 
vn -0.12214390933513641 -0.8157953023910522 0.5652954578399658 
vn -0.32033494114875793 0.8053854703903198 0.4987381398677826 
vn -0.32033494114875793 0.8053854703903198 0.4987381398677826 
vn -0.32033494114875793 0.8053854703903198 0.4987381398677826 
vn -0.32033494114875793 0.8053854703903198 0.4987381398677826 
vn 0.43900156021118164 -0.8886070847511292 0.1328723281621933 
vn 0.43900156021118164 -0.8886070847511292 0.1328723281621933 
vn 0.43900156021118164 -0.8886070847511292 0.1328723281621933 
vn 0.43900156021118164 -0.8886070847511292 0.1328723281621933 
vn 0.8518954515457153 0.4562830626964569 0.25706008076667786 
vn 0.8518954515457153 0.4562830626964569 0.25706008076667786 
vn 0.8518954515457153 0.4562830626964569 0.25706008076667786 
vn 0.8518954515457153 0.4562830626964569 0.25706008076667786 
vn 0.2130013108253479 -0.8168253898620605 -0.5361219048500061 
vn 0.2130013108253479 -0.8168253898620605 -0.5361219048500061 
vn 0.2130013108253479 -0.8168253898620605 -0.5361219048500061 
vn 0.2130013108253479 -0.8168253898620605 -0.5361219048500061 
vn 0.013227123767137527 0.8071070313453674 -0.590256929397583 
vn 0.013227123767137527 0.8071070313453674 -0.590256929397583 
vn 0.013227123767137527 0.8071070313453674 -0.590256929397583 
vn 0.013227123767137527 0.8071070313453674 -0.590256929397583 
vn -0.2955479919910431 -0.9511306881904602 -0.08945280313491821 
vn -0.2955479919910431 -0.9511306881904602 -0.08945280313491821 
vn -0.2955479919910431 -0.9511306881904602 -0.08945280313491821 
vn -0.2955479919910431 -0.9511306881904602 -0.08945280313491821 
vn -0.9098508954048157 0.30793872475624084 -0.2781098484992981 
vn -0.9098508954048157 0.30793872475624084 -0.2781098484992981 
vn -0.9098508954048157 0.30793872475624084 -0.2781098484992981 
vn -0.9098508954048157 0.30793872475624084 -0.2781098484992981 
vn 0.4114561080932617 -0.8183415532112122 -0.401274174451828 
vn 0.4114561080932617 -0.8183415532112122 -0.401274174451828 
vn 0.4114561080932617 -0.8183415532112122 -0.401274174451828 
vn 0.4114561080932617 -0.8183415532112122 -0.401274174451828 
vn 0.5424389243125916 0.8062983751296997 -0.23588760197162628 
vn 0.5424389243125916 0.8062983751296997 -0.23588760197162628 
vn 0.5424389243125916 0.8062983751296997 -0.23588760197162628 
vn 0.5424389243125916 0.8062983751296997 -0.23588760197162628 
vn -0.28627994656562805 -0.8908610343933105 -0.3527185618877411 
vn -0.28627994656562805 -0.8908610343933105 -0.3527185618877411 
vn -0.28627994656562805 -0.8908610343933105 -0.3527185618877411 
vn -0.28627994656562805 -0.8908610343933105 -0.3527185618877411 
vn -0.5616216063499451 0.4603002071380615 -0.6875353455543518 
vn -0.5616216063499451 0.4603002071380615 -0.6875353455543518 
vn -0.5616216063499451 0.4603002071380615 -0.6875353455543518 
vn -0.5616216063499451 0.4603002071380615 -0.6875353455543518 
vn -0.47667449712753296 -0.8155686855316162 0.3280687630176544 
vn -0.47667449712753296 -0.8155686855316162 0.3280687630176544 
vn -0.47667449712753296 -0.8155686855316162 0.3280687630176544 
vn -0.47667449712753296 -0.8155686855316162 0.3280687630176544 
vn -0.33628329634666443 0.8081632256507874 0.4835140109062195 
vn -0.33628329634666443 0.8081632256507874 0.4835140109062195 
vn -0.33628329634666443 0.8081632256507874 0.4835140109062195 
vn -0.33628329634666443 0.8081632256507874 0.4835140109062195 
vn 0.19675059616565704 -0.9516544938087463 0.23588760197162628 
vn 0.19675059616565704 -0.9516544938087463 0.23588760197162628 
vn 0.19675059616565704 -0.9516544938087463 0.23588760197162628 
vn 0.19675059616565704 -0.9516544938087463 0.23588760197162628 
vn 0.6002198457717896 0.3117468059062958 0.736579954624176 
vn 0.6002198457717896 0.3117468059062958 0.736579954624176 
vn 0.6002198457717896 0.3117468059062958 0.736579954624176 
vn 0.6002198457717896 0.3117468059062958 0.736579954624176 
vn -0.2254467010498047 -0.818305492401123 0.528724730014801 
vn -0.2254467010498047 -0.818305492401123 0.528724730014801 
vn -0.2254467010498047 -0.818305492401123 0.528724730014801 
vn -0.2254467010498047 -0.818305492401123 0.528724730014801 
vn -0.4105818569660187 0.8066429495811462 0.42514660954475403 
vn -0.4105818569660187 0.8066429495811462 0.42514660954475403 
vn -0.4105818569660187 0.8066429495811462 0.42514660954475403 
vn -0.4105818569660187 0.8066429495811462 0.42514660954475403 
vn 0.40448763966560364 -0.8890081644058228 0.21460255980491638 
vn 0.40448763966560364 -0.8890081644058228 0.21460255980491638 
vn 0.40448763966560364 -0.8890081644058228 0.21460255980491638 
vn 0.40448763966560364 -0.8890081644058228 0.21460255980491638 
vn 0.7835683226585388 0.46037757396698 0.417220801115036 
vn 0.7835683226585388 0.46037757396698 0.417220801115036 
vn 0.7835683226585388 0.46037757396698 0.417220801115036 
vn 0.7835683226585388 0.46037757396698 0.417220801115036 
vn 0.3174508810043335 -0.8157445192337036 -0.4835140109062195 
vn 0.3174508810043335 -0.8157445192337036 -0.4835140109062195 
vn 0.3174508810043335 -0.8157445192337036 -0.4835140109062195 
vn 0.3174508810043335 -0.8157445192337036 -0.4835140109062195 
vn 0.12787076830863953 0.8073441982269287 -0.5760593414306641 
vn 0.12787076830863953 0.8073441982269287 -0.5760593414306641 
vn 0.12787076830863953 0.8073441982269287 -0.5760593414306641 
vn 0.12787076830863953 0.8073441982269287 -0.5760593414306641 
vn -0.270309180021286 -0.9516617059707642 -0.1458524912595749 
vn -0.270309180021286 -0.9516617059707642 -0.1458524912595749 
vn -0.270309180021286 -0.9516617059707642 -0.1458524912595749 
vn -0.270309180021286 -0.9516617059707642 -0.1458524912595749 
vn -0.8391982316970825 0.3072303533554077 -0.4487268626689911 
vn -0.8391982316970825 0.3072303533554077 -0.4487268626689911 
vn -0.8391982316970825 0.3072303533554077 -0.4487268626689911 
vn -0.8391982316970825 0.3072303533554077 -0.4487268626689911 
vn 0.4842183589935303 -0.8160223364830017 -0.31565824151039124 
vn 0.4842183589935303 -0.8160223364830017 -0.31565824151039124 
vn 0.4842183589935303 -0.8160223364830017 -0.31565824151039124 
vn 0.4842183589935303 -0.8160223364830017 -0.31565824151039124 
vn 0.5764963626861572 0.8076043128967285 -0.1242060661315918 
vn 0.5764963626861572 0.8076043128967285 -0.1242060661315918 
vn 0.5764963626861572 0.8076043128967285 -0.1242060661315918 
vn 0.5764963626861572 0.8076043128967285 -0.1242060661315918 
vn -0.21327529847621918 -0.8907820582389832 -0.401274174451828 
vn -0.21327529847621918 -0.8907820582389832 -0.401274174451828 
vn -0.21327529847621918 -0.8907820582389832 -0.401274174451828 
vn -0.21327529847621918 -0.8907820582389832 -0.401274174451828 
vn -0.4156782031059265 0.45977386832237244 -0.7847417593002319 
vn -0.4156782031059265 0.45977386832237244 -0.7847417593002319 
vn -0.4156782031059265 0.45977386832237244 -0.7847417593002319 
vn -0.4156782031059265 0.45977386832237244 -0.7847417593002319 
vn -0.5297918319702148 -0.8170776963233948 0.22738653421401978 
vn -0.5297918319702148 -0.8170776963233948 0.22738653421401978 
vn -0.5297918319702148 -0.8170776963233948 0.22738653421401978 
vn -0.5297918319702148 -0.8170776963233948 0.22738653421401978 
vn -0.42761334776878357 0.8060089945793152 0.40926313400268555 
vn -0.42761334776878357 0.8060089945793152 0.40926313400268555 
vn -0.42761334776878357 0.8060089945793152 0.40926313400268555 
vn -0.42761334776878357 0.8060089945793152 0.40926313400268555 
vn 0.1465379148721695 -0.9517277479171753 0.26970529556274414 
vn 0.1465379148721695 -0.9517277479171753 0.26970529556274414 
vn 0.1465379148721695 -0.9517277479171753 0.26970529556274414 
vn 0.1465379148721695 -0.9517277479171753 0.26970529556274414 
vn 0.4477097988128662 0.3113192617893219 0.838234007358551 
vn 0.4477097988128662 0.3113192617893219 0.838234007358551 
vn 0.4477097988128662 0.3113192617893219 0.838234007358551 
vn 0.4477097988128662 0.3113192617893219 0.838234007358551 
vn -0.5742512345314026 -0.818652868270874 -0.006554040592163801 
vn -0.5742512345314026 -0.818652868270874 -0.006554040592163801 
vn -0.5742512345314026 -0.818652868270874 -0.006554040592163801 
vn -0.5742512345314026 -0.818652868270874 -0.006554040592163801 
vn -0.5521984696388245 0.8056193590164185 -0.21460255980491638 
vn -0.5521984696388245 0.8056193590164185 -0.21460255980491638 
vn -0.5521984696388245 0.8056193590164185 -0.21460255980491638 
vn -0.5521984696388245 0.8056193590164185 -0.21460255980491638 
vn -0.04710722342133522 -0.8904545903205872 0.45262736082077026 
vn -0.04710722342133522 -0.8904545903205872 0.45262736082077026 
vn -0.04710722342133522 -0.8904545903205872 0.45262736082077026 
vn -0.04710722342133522 -0.8904545903205872 0.45262736082077026 
vn -0.08795082569122314 0.4578394293785095 0.8846737742424011 
vn -0.08795082569122314 0.4578394293785095 0.8846737742424011 
vn -0.08795082569122314 0.4578394293785095 0.8846737742424011 
vn -0.08795082569122314 0.4578394293785095 0.8846737742424011 
vn 0.5671987533569336 -0.8166208267211914 0.10684575140476227 
vn 0.5671987533569336 -0.8166208267211914 0.10684575140476227 
vn 0.5671987533569336 -0.8166208267211914 0.10684575140476227 
vn 0.5671987533569336 -0.8166208267211914 0.10684575140476227 
vn 0.5797931551933289 0.8082904815673828 -0.10250037163496017 
vn 0.5797931551933289 0.8082904815673828 -0.10250037163496017 
vn 0.5797931551933289 0.8082904815673828 -0.10250037163496017 
vn 0.5797931551933289 0.8082904815673828 -0.10250037163496017 
vn 0.0320829339325428 -0.9523887634277344 -0.30319350957870483 
vn 0.0320829339325428 -0.9523887634277344 -0.30319350957870483 
vn 0.0320829339325428 -0.9523887634277344 -0.30319350957870483 
vn 0.0320829339325428 -0.9523887634277344 -0.30319350957870483 
vn 0.09513143450021744 0.3074907660484314 -0.946783721446991 
vn 0.09513143450021744 0.3074907660484314 -0.946783721446991 
vn 0.09513143450021744 0.3074907660484314 -0.946783721446991 
vn 0.09513143450021744 0.3074907660484314 -0.946783721446991 
vn -0.3243374824523926 -0.8175423741340637 0.4758462607860565 
vn -0.3243374824523926 -0.8175423741340637 0.4758462607860565 
vn -0.3243374824523926 -0.8175423741340637 0.4758462607860565 
vn -0.3243374824523926 -0.8175423741340637 0.4758462607860565 
vn -0.4881966710090637 0.8053314685821533 0.3363112509250641 
vn -0.4881966710090637 0.8053314685821533 0.3363112509250641 
vn -0.4881966710090637 0.8053314685821533 0.3363112509250641 
vn -0.4881966710090637 0.8053314685821533 0.3363112509250641 
vn 0.35524317622184753 -0.8884308338165283 0.29067665338516235 
vn 0.35524317622184753 -0.8884308338165283 0.29067665338516235 
vn 0.35524317622184753 -0.8884308338165283 0.29067665338516235 
vn 0.35524317622184753 -0.8884308338165283 0.29067665338516235 
vn 0.6875677704811096 0.4557320177555084 0.5652954578399658 
vn 0.6875677704811096 0.4557320177555084 0.5652954578399658 
vn 0.6875677704811096 0.4557320177555084 0.5652954578399658 
vn 0.6875677704811096 0.4557320177555084 0.5652954578399658 
vn 0.40430739521980286 -0.8159432411193848 -0.41324591636657715 
vn 0.40430739521980286 -0.8159432411193848 -0.41324591636657715 
vn 0.40430739521980286 -0.8159432411193848 -0.41324591636657715 
vn 0.40430739521980286 -0.8159432411193848 -0.41324591636657715 
vn 0.23847748339176178 0.8073034882545471 -0.5398051738739014 
vn 0.23847748339176178 0.8073034882545471 -0.5398051738739014 
vn 0.23847748339176178 0.8073034882545471 -0.5398051738739014 
vn 0.23847748339176178 0.8073034882545471 -0.5398051738739014 
vn -0.23931750655174255 -0.9515224695205688 -0.19321508705615997 
vn -0.23931750655174255 -0.9515224695205688 -0.19321508705615997 
vn -0.23931750655174255 -0.9515224695205688 -0.19321508705615997 
vn -0.23931750655174255 -0.9515224695205688 -0.19321508705615997 
vn -0.7330179214477539 0.31230974197387695 -0.6042742133140564 
vn -0.7330179214477539 0.31230974197387695 -0.6042742133140564 
vn -0.7330179214477539 0.31230974197387695 -0.6042742133140564 
vn -0.7330179214477539 0.31230974197387695 -0.6042742133140564 
vn 0.5365310311317444 -0.8161373734474182 -0.21460255980491638 
vn 0.5365310311317444 -0.8161373734474182 -0.21460255980491638 
vn 0.5365310311317444 -0.8161373734474182 -0.21460255980491638 
vn 0.5365310311317444 -0.8161373734474182 -0.21460255980491638 
vn 0.5926268100738525 0.8054030537605286 -0.010923261754214764 
vn 0.5926268100738525 0.8054030537605286 -0.010923261754214764 
vn 0.5926268100738525 0.8054030537605286 -0.010923261754214764 
vn 0.5926268100738525 0.8054030537605286 -0.010923261754214764 
vn -0.1354825496673584 -0.8892120122909546 -0.43697428703308105 
vn -0.1354825496673584 -0.8892120122909546 -0.43697428703308105 
vn -0.1354825496673584 -0.8892120122909546 -0.43697428703308105 
vn -0.1354825496673584 -0.8892120122909546 -0.43697428703308105 
vn -0.25686225295066833 0.4600140154361725 -0.8499464392662048 
vn -0.25686225295066833 0.4600140154361725 -0.8499464392662048 
vn -0.25686225295066833 0.4600140154361725 -0.8499464392662048 
vn -0.25686225295066833 0.4600140154361725 -0.8499464392662048 
vn -0.5644468069076538 -0.8167197704315186 0.11986933648586273 
vn -0.5644468069076538 -0.8167197704315186 0.11986933648586273 
vn -0.5644468069076538 -0.8167197704315186 0.11986933648586273 
vn -0.5644468069076538 -0.8167197704315186 0.11986933648586273 
vn -0.4996351897716522 0.8050415515899658 0.3198012113571167 
vn -0.4996351897716522 0.8050415515899658 0.3198012113571167 
vn -0.4996351897716522 0.8050415515899658 0.3198012113571167 
vn -0.4996351897716522 0.8050415515899658 0.3198012113571167 
vn 0.09037499129772186 -0.9512587189674377 0.2948545813560486 
vn 0.09037499129772186 -0.9512587189674377 0.2948545813560486 
vn 0.09037499129772186 -0.9512587189674377 0.2948545813560486 
vn 0.09037499129772186 -0.9512587189674377 0.2948545813560486 
vn 0.2793327569961548 0.3072340488433838 0.9097144603729248 
vn 0.2793327569961548 0.3072340488433838 0.9097144603729248 
vn 0.2793327569961548 0.3072340488433838 0.9097144603729248 
vn 0.2793327569961548 0.3072340488433838 0.9097144603729248 
vn -0.5644468069076538 -0.8167197704315186 -0.11986933648586273 
vn -0.5644468069076538 -0.8167197704315186 -0.11986933648586273 
vn -0.5644468069076538 -0.8167197704315186 -0.11986933648586273 
vn -0.5644468069076538 -0.8167197704315186 -0.11986933648586273 
vn -0.4953814148902893 0.8076660633087158 -0.3198012113571167 
vn -0.4953814148902893 0.8076660633087158 -0.3198012113571167 
vn -0.4953814148902893 0.8076660633087158 -0.3198012113571167 
vn -0.4953814148902893 0.8076660633087158 -0.3198012113571167 
vn -0.133437842130661 -0.8895211219787598 0.43697428703308105 
vn -0.133437842130661 -0.8895211219787598 0.43697428703308105 
vn -0.133437842130661 -0.8895211219787598 0.43697428703308105 
vn -0.133437842130661 -0.8895211219787598 0.43697428703308105 
vn -0.2590789198875427 0.4587692320346832 0.8499464392662048 
vn -0.2590789198875427 0.4587692320346832 0.8499464392662048 
vn -0.2590789198875427 0.4587692320346832 0.8499464392662048 
vn -0.2590789198875427 0.4587692320346832 0.8499464392662048 
vn 0.5365310311317444 -0.8161373734474182 0.21460255980491638 
vn 0.5365310311317444 -0.8161373734474182 0.21460255980491638 
vn 0.5365310311317444 -0.8161373734474182 0.21460255980491638 
vn 0.5365310311317444 -0.8161373734474182 0.21460255980491638 
vn 0.5926268100738525 0.8054030537605286 0.010923261754214764 
vn 0.5926268100738525 0.8054030537605286 0.010923261754214764 
vn 0.5926268100738525 0.8054030537605286 0.010923261754214764 
vn 0.5926268100738525 0.8054030537605286 0.010923261754214764 
vn 0.08860863745212555 -0.9514248967170715 -0.2948545813560486 
vn 0.08860863745212555 -0.9514248967170715 -0.2948545813560486 
vn 0.08860863745212555 -0.9514248967170715 -0.2948545813560486 
vn 0.08860863745212555 -0.9514248967170715 -0.2948545813560486 
vn 0.27784600853919983 0.3085792660713196 -0.9097144603729248 
vn 0.27784600853919983 0.3085792660713196 -0.9097144603729248 
vn 0.27784600853919983 0.3085792660713196 -0.9097144603729248 
vn 0.27784600853919983 0.3085792660713196 -0.9097144603729248 
vn -0.4160042405128479 -0.8160389065742493 0.401274174451828 
vn -0.4160042405128479 -0.8160389065742493 0.401274174451828 
vn -0.4160042405128479 -0.8160389065742493 0.401274174451828 
vn -0.4160042405128479 -0.8160389065742493 0.401274174451828 
vn -0.5393037796020508 0.8083987236022949 0.23588760197162628 
vn -0.5393037796020508 0.8083987236022949 0.23588760197162628 
vn -0.5393037796020508 0.8083987236022949 0.23588760197162628 
vn -0.5393037796020508 0.8083987236022949 0.23588760197162628 
vn 0.28772035241127014 -0.8903968930244446 0.3527185618877411 
vn 0.28772035241127014 -0.8903968930244446 0.3527185618877411 
vn 0.28772035241127014 -0.8903968930244446 0.3527185618877411 
vn 0.28772035241127014 -0.8903968930244446 0.3527185618877411 
vn 0.5621436238288879 0.4596625566482544 0.6875353455543518 
vn 0.5621436238288879 0.4596625566482544 0.6875353455543518 
vn 0.5621436238288879 0.4596625566482544 0.6875353455543518 
vn 0.5621436238288879 0.4596625566482544 0.6875353455543518 
vn 0.47232693433761597 -0.8180942535400391 -0.3280687630176544 
vn 0.47232693433761597 -0.8180942535400391 -0.3280687630176544 
vn 0.47232693433761597 -0.8180942535400391 -0.3280687630176544 
vn 0.47232693433761597 -0.8180942535400391 -0.3280687630176544 
vn 0.33846357464790344 0.8072525262832642 -0.4835140109062195 
vn 0.33846357464790344 0.8072525262832642 -0.4835140109062195 
vn 0.33846357464790344 0.8072525262832642 -0.4835140109062195 
vn 0.33846357464790344 0.8072525262832642 -0.4835140109062195 
vn -0.19305355846881866 -0.9524113535881042 -0.23588760197162628 
vn -0.19305355846881866 -0.9524113535881042 -0.23588760197162628 
vn -0.19305355846881866 -0.9524113535881042 -0.23588760197162628 
vn -0.19305355846881866 -0.9524113535881042 -0.23588760197162628 
vn -0.6031467914581299 0.30604565143585205 -0.736579954624176 
vn -0.6031467914581299 0.30604565143585205 -0.736579954624176 
vn -0.6031467914581299 0.30604565143585205 -0.736579954624176 
vn -0.6031467914581299 0.30604565143585205 -0.736579954624176 
vn 0.5662466883659363 -0.8172812461853027 -0.10684575140476227 
vn 0.5662466883659363 -0.8172812461853027 -0.10684575140476227 
vn 0.5662466883659363 -0.8172812461853027 -0.10684575140476227 
vn 0.5662466883659363 -0.8172812461853027 -0.10684575140476227 
vn 0.5797931551933289 0.8082904815673828 0.10250037163496017 
vn 0.5797931551933289 0.8082904815673828 0.10250037163496017 
vn 0.5797931551933289 0.8082904815673828 0.10250037163496017 
vn 0.5797931551933289 0.8082904815673828 0.10250037163496017 
vn -0.04151454567909241 -0.8907328248023987 -0.45262736082077026 
vn -0.04151454567909241 -0.8907328248023987 -0.45262736082077026 
vn -0.04151454567909241 -0.8907328248023987 -0.45262736082077026 
vn -0.04151454567909241 -0.8907328248023987 -0.45262736082077026 
vn -0.08468101918697357 0.4584554433822632 -0.8846737742424011 
vn -0.08468101918697357 0.4584554433822632 -0.8846737742424011 
vn -0.08468101918697357 0.4584554433822632 -0.8846737742424011 
vn -0.08468101918697357 0.4584554433822632 -0.8846737742424011 
vn -0.5742512345314026 -0.818652868270874 0.006554040592163801 
vn -0.5742512345314026 -0.818652868270874 0.006554040592163801 
vn -0.5742512345314026 -0.818652868270874 0.006554040592163801 
vn -0.5742512345314026 -0.818652868270874 0.006554040592163801 
vn -0.5521984696388245 0.8056193590164185 0.21460255980491638 
vn -0.5521984696388245 0.8056193590164185 0.21460255980491638 
vn -0.5521984696388245 0.8056193590164185 0.21460255980491638 
vn -0.5521984696388245 0.8056193590164185 0.21460255980491638 
vn 0.0320829339325428 -0.9523887634277344 0.30319350957870483 
vn 0.0320829339325428 -0.9523887634277344 0.30319350957870483 
vn 0.0320829339325428 -0.9523887634277344 0.30319350957870483 
vn 0.0320829339325428 -0.9523887634277344 0.30319350957870483 
vn 0.09084530919790268 0.30878421664237976 0.946783721446991 
vn 0.09084530919790268 0.30878421664237976 0.946783721446991 
vn 0.09084530919790268 0.30878421664237976 0.946783721446991 
vn 0.09084530919790268 0.30878421664237976 0.946783721446991 
vn -0.5319547653198242 -0.8156712055206299 -0.22738653421401978 
vn -0.5319547653198242 -0.8156712055206299 -0.22738653421401978 
vn -0.5319547653198242 -0.8156712055206299 -0.22738653421401978 
vn -0.5319547653198242 -0.8156712055206299 -0.22738653421401978 
vn -0.4231204688549042 0.8083766102790833 -0.40926313400268555 
vn -0.4231204688549042 0.8083766102790833 -0.40926313400268555 
vn -0.4231204688549042 0.8083766102790833 -0.40926313400268555 
vn -0.4231204688549042 0.8083766102790833 -0.40926313400268555 
vn -0.2184988260269165 -0.889515221118927 0.401274174451828 
vn -0.2184988260269165 -0.889515221118927 0.401274174451828 
vn -0.2184988260269165 -0.889515221118927 0.401274174451828 
vn -0.2184988260269165 -0.889515221118927 0.401274174451828 
vn -0.4171624481678009 0.4584275782108307 0.7847417593002319 
vn -0.4171624481678009 0.4584275782108307 0.7847417593002319 
vn -0.4171624481678009 0.4584275782108307 0.7847417593002319 
vn -0.4171624481678009 0.4584275782108307 0.7847417593002319 
vn 0.48528727889060974 -0.8153870701789856 0.31565824151039124 
vn 0.48528727889060974 -0.8153870701789856 0.31565824151039124 
vn 0.48528727889060974 -0.8153870701789856 0.31565824151039124 
vn 0.48528727889060974 -0.8153870701789856 0.31565824151039124 
vn 0.5764963626861572 0.8076043128967285 0.1242060661315918 
vn 0.5764963626861572 0.8076043128967285 0.1242060661315918 
vn 0.5764963626861572 0.8076043128967285 0.1242060661315918 
vn 0.5764963626861572 0.8076043128967285 0.1242060661315918 
vn 0.14485283195972443 -0.9519856572151184 -0.26970529556274414 
vn 0.14485283195972443 -0.9519856572151184 -0.26970529556274414 
vn 0.14485283195972443 -0.9519856572151184 -0.26970529556274414 
vn 0.14485283195972443 -0.9519856572151184 -0.26970529556274414 
vn 0.4468730390071869 0.3125191628932953 -0.838234007358551 
vn 0.4468730390071869 0.3125191628932953 -0.838234007358551 
vn 0.4468730390071869 0.3125191628932953 -0.838234007358551 
vn 0.4468730390071869 0.3125191628932953 -0.838234007358551 
vn -0.48528727889060974 -0.8153870701789856 0.31565824151039124 
vn -0.48528727889060974 -0.8153870701789856 0.31565824151039124 
vn -0.48528727889060974 -0.8153870701789856 0.31565824151039124 
vn -0.48528727889060974 -0.8153870701789856 0.31565824151039124 
vn -0.5764963626861572 0.8076043128967285 0.1242060661315918 
vn -0.5764963626861572 0.8076043128967285 0.1242060661315918 
vn -0.5764963626861572 0.8076043128967285 0.1242060661315918 
vn -0.5764963626861572 0.8076043128967285 0.1242060661315918 
vn 0.21483448147773743 -0.8904073238372803 0.401274174451828 
vn 0.21483448147773743 -0.8904073238372803 0.401274174451828 
vn 0.21483448147773743 -0.8904073238372803 0.401274174451828 
vn 0.21483448147773743 -0.8904073238372803 0.401274174451828 
vn 0.41994041204452515 0.4558842182159424 0.7847417593002319 
vn 0.41994041204452515 0.4558842182159424 0.7847417593002319 
vn 0.41994041204452515 0.4558842182159424 0.7847417593002319 
vn 0.41994041204452515 0.4558842182159424 0.7847417593002319 
vn 0.5319547653198242 -0.8156712055206299 -0.22738653421401978 
vn 0.5319547653198242 -0.8156712055206299 -0.22738653421401978 
vn 0.5319547653198242 -0.8156712055206299 -0.22738653421401978 
vn 0.5319547653198242 -0.8156712055206299 -0.22738653421401978 
vn 0.4264627993106842 0.806618332862854 -0.40926313400268555 
vn 0.4264627993106842 0.806618332862854 -0.40926313400268555 
vn 0.4264627993106842 0.806618332862854 -0.40926313400268555 
vn 0.4264627993106842 0.806618332862854 -0.40926313400268555 
vn -0.14111794531345367 -0.9525464773178101 -0.26970529556274414 
vn -0.14111794531345367 -0.9525464773178101 -0.26970529556274414 
vn -0.14111794531345367 -0.9525464773178101 -0.26970529556274414 
vn -0.14111794531345367 -0.9525464773178101 -0.26970529556274414 
vn -0.4490296244621277 0.30941256880760193 -0.838234007358551 
vn -0.4490296244621277 0.30941256880760193 -0.838234007358551 
vn -0.4490296244621277 0.30941256880760193 -0.838234007358551 
vn -0.4490296244621277 0.30941256880760193 -0.838234007358551 
vn 0.5742512345314026 -0.818652868270874 0.006554040592163801 
vn 0.5742512345314026 -0.818652868270874 0.006554040592163801 
vn 0.5742512345314026 -0.818652868270874 0.006554040592163801 
vn 0.5742512345314026 -0.818652868270874 0.006554040592163801 
vn 0.5490813255310059 0.8077471852302551 0.21460255980491638 
vn 0.5490813255310059 0.8077471852302551 0.21460255980491638 
vn 0.5490813255310059 0.8077471852302551 0.21460255980491638 
vn 0.5490813255310059 0.8077471852302551 0.21460255980491638 
vn 0.04151454567909241 -0.8907328248023987 -0.45262736082077026 
vn 0.04151454567909241 -0.8907328248023987 -0.45262736082077026 
vn 0.04151454567909241 -0.8907328248023987 -0.45262736082077026 
vn 0.04151454567909241 -0.8907328248023987 -0.45262736082077026 
vn 0.08839984238147736 0.45775294303894043 -0.8846737742424011 
vn 0.08839984238147736 0.45775294303894043 -0.8846737742424011 
vn 0.08839984238147736 0.45775294303894043 -0.8846737742424011 
vn 0.08839984238147736 0.45775294303894043 -0.8846737742424011 
vn -0.5693473219871521 -0.8151243329048157 -0.10684575140476227 
vn -0.5693473219871521 -0.8151243329048157 -0.10684575140476227 
vn -0.5693473219871521 -0.8151243329048157 -0.10684575140476227 
vn -0.5693473219871521 -0.8151243329048157 -0.10684575140476227 
vn -0.5797931551933289 0.8082904815673828 0.10250037163496017 
vn -0.5797931551933289 0.8082904815673828 0.10250037163496017 
vn -0.5797931551933289 0.8082904815673828 0.10250037163496017 
vn -0.5797931551933289 0.8082904815673828 0.10250037163496017 
vn -0.02830965630710125 -0.9525083899497986 0.30319350957870483 
vn -0.02830965630710125 -0.9525083899497986 0.30319350957870483 
vn -0.02830965630710125 -0.9525083899497986 0.30319350957870483 
vn -0.02830965630710125 -0.9525083899497986 0.30319350957870483 
vn -0.09444525837898254 0.3077022433280945 0.946783721446991 
vn -0.09444525837898254 0.3077022433280945 0.946783721446991 
vn -0.09444525837898254 0.3077022433280945 0.946783721446991 
vn -0.09444525837898254 0.3077022433280945 0.946783721446991 
vn -0.47232693433761597 -0.8180942535400391 -0.3280687630176544 
vn -0.47232693433761597 -0.8180942535400391 -0.3280687630176544 
vn -0.47232693433761597 -0.8180942535400391 -0.3280687630176544 
vn -0.47232693433761597 -0.8180942535400391 -0.3280687630176544 
vn -0.33846357464790344 0.8072525262832642 -0.4835140109062195 
vn -0.33846357464790344 0.8072525262832642 -0.4835140109062195 
vn -0.33846357464790344 0.8072525262832642 -0.4835140109062195 
vn -0.33846357464790344 0.8072525262832642 -0.4835140109062195 
vn -0.29130882024765015 -0.8892292976379395 0.3527185618877411 
vn -0.29130882024765015 -0.8892292976379395 0.3527185618877411 
vn -0.29130882024765015 -0.8892292976379395 0.3527185618877411 
vn -0.29130882024765015 -0.8892292976379395 0.3527185618877411 
vn -0.564522922039032 0.45673730969429016 0.6875353455543518 
vn -0.564522922039032 0.45673730969429016 0.6875353455543518 
vn -0.564522922039032 0.45673730969429016 0.6875353455543518 
vn -0.564522922039032 0.45673730969429016 0.6875353455543518 
vn 0.4126407504081726 -0.8177448511123657 0.401274174451828 
vn 0.4126407504081726 -0.8177448511123657 0.401274174451828 
vn 0.4126407504081726 -0.8177448511123657 0.401274174451828 
vn 0.4126407504081726 -0.8177448511123657 0.401274174451828 
vn 0.5424389243125916 0.8062983751296997 0.23588760197162628 
vn 0.5424389243125916 0.8062983751296997 0.23588760197162628 
vn 0.5424389243125916 0.8062983751296997 0.23588760197162628 
vn 0.5424389243125916 0.8062983751296997 0.23588760197162628 
vn 0.19675059616565704 -0.9516544938087463 -0.23588760197162628 
vn 0.19675059616565704 -0.9516544938087463 -0.23588760197162628 
vn 0.19675059616565704 -0.9516544938087463 -0.23588760197162628 
vn 0.19675059616565704 -0.9516544938087463 -0.23588760197162628 
vn 0.6031467914581299 0.30604565143585205 -0.736579954624176 
vn 0.6031467914581299 0.30604565143585205 -0.736579954624176 
vn 0.6031467914581299 0.30604565143585205 -0.736579954624176 
vn 0.6031467914581299 0.30604565143585205 -0.736579954624176 
vn -0.5333732962608337 -0.8182045221328735 0.21460255980491638 
vn -0.5333732962608337 -0.8182045221328735 0.21460255980491638 
vn -0.5333732962608337 -0.8182045221328735 0.21460255980491638 
vn -0.5333732962608337 -0.8182045221328735 0.21460255980491638 
vn -0.5926268100738525 0.8054030537605286 0.010923261754214764 
vn -0.5926268100738525 0.8054030537605286 0.010923261754214764 
vn -0.5926268100738525 0.8054030537605286 0.010923261754214764 
vn -0.5926268100738525 0.8054030537605286 0.010923261754214764 
vn 0.12970568239688873 -0.8900730013847351 0.43697428703308105 
vn 0.12970568239688873 -0.8900730013847351 0.43697428703308105 
vn 0.12970568239688873 -0.8900730013847351 0.43697428703308105 
vn 0.12970568239688873 -0.8900730013847351 0.43697428703308105 
vn 0.2590789198875427 0.4587692320346832 0.8499464392662048 
vn 0.2590789198875427 0.4587692320346832 0.8499464392662048 
vn 0.2590789198875427 0.4587692320346832 0.8499464392662048 
vn 0.2590789198875427 0.4587692320346832 0.8499464392662048 
vn 0.5644468069076538 -0.8167197704315186 -0.11986933648586273 
vn 0.5644468069076538 -0.8167197704315186 -0.11986933648586273 
vn 0.5644468069076538 -0.8167197704315186 -0.11986933648586273 
vn 0.5644468069076538 -0.8167197704315186 -0.11986933648586273 
vn 0.4953814148902893 0.8076660633087158 -0.3198012113571167 
vn 0.4953814148902893 0.8076660633087158 -0.3198012113571167 
vn 0.4953814148902893 0.8076660633087158 -0.3198012113571167 
vn 0.4953814148902893 0.8076660633087158 -0.3198012113571167 
vn -0.09236767143011093 -0.9510672688484192 -0.2948545813560486 
vn -0.09236767143011093 -0.9510672688484192 -0.2948545813560486 
vn -0.09236767143011093 -0.9510672688484192 -0.2948545813560486 
vn -0.09236767143011093 -0.9510672688484192 -0.2948545813560486 
vn -0.2750245928764343 0.31109651923179626 -0.9097144603729248 
vn -0.2750245928764343 0.31109651923179626 -0.9097144603729248 
vn -0.2750245928764343 0.31109651923179626 -0.9097144603729248 
vn -0.2750245928764343 0.31109651923179626 -0.9097144603729248 
vn 0.3323899507522583 -0.706364631652832 0.6249527335166931 
vn 0.3323899507522583 -0.706364631652832 0.6249527335166931 
vn 0.3323899507522583 -0.706364631652832 0.6249527335166931 
vn 0.3323899507522583 -0.706364631652832 0.6249527335166931 
vn -0.33457669615745544 -0.7053314447402954 -0.6249527335166931 
vn -0.33457669615745544 -0.7053314447402954 -0.6249527335166931 
vn -0.33457669615745544 -0.7053314447402954 -0.6249527335166931 
vn -0.33457669615745544 -0.7053314447402954 -0.6249527335166931 
vn -0.2422226220369339 0.0037488944362848997 0.9702134728431702 
vn -0.2422226220369339 0.0037488944362848997 0.9702134728431702 
vn -0.2422226220369339 0.0037488944362848997 0.9702134728431702 
vn -0.2422226220369339 0.0037488944362848997 0.9702134728431702 
vn -0.9696745276451111 0.003774892073124647 -0.24437066912651062 
vn -0.9696745276451111 0.003774892073124647 -0.24437066912651062 
vn -0.9696745276451111 0.003774892073124647 -0.24437066912651062 
vn -0.9696745276451111 0.003774892073124647 -0.24437066912651062 
vn 0.3323899507522583 0.706364631652832 0.6249527335166931 
vn 0.3323899507522583 0.706364631652832 0.6249527335166931 
vn 0.3323899507522583 0.706364631652832 0.6249527335166931 
vn 0.3323899507522583 0.706364631652832 0.6249527335166931 
vn -0.33457669615745544 0.7053314447402954 -0.6249527335166931 
vn -0.33457669615745544 0.7053314447402954 -0.6249527335166931 
vn -0.33457669615745544 0.7053314447402954 -0.6249527335166931 
vn -0.33457669615745544 0.7053314447402954 -0.6249527335166931 
vn 0.9417508840560913 0 0.3363112509250641 
vn 0.9417508840560913 0 0.3363112509250641 
vn 0.9417508840560913 0 0.3363112509250641 
vn 0.9417508840560913 0 0.3363112509250641 
vn 0.33836790919303894 0 -0.9410139322280884 
vn 0.33836790919303894 0 -0.9410139322280884 
vn 0.33836790919303894 0 -0.9410139322280884 
vn 0.33836790919303894 0 -0.9410139322280884 
vn -0.6264422535896301 -0.7051367163658142 -0.33219319581985474 
vn -0.6264422535896301 -0.7051367163658142 -0.33219319581985474 
vn -0.6264422535896301 -0.7051367163658142 -0.33219319581985474 
vn -0.6264422535896301 -0.7051367163658142 -0.33219319581985474 
vn 0.6236152648925781 -0.7076380848884583 0.33219319581985474 
vn 0.6236152648925781 -0.7076380848884583 0.33219319581985474 
vn 0.6236152648925781 -0.7076380848884583 0.33219319581985474 
vn 0.6236152648925781 -0.7076380848884583 0.33219319581985474 
vn -0.3383467495441437 0.003782889572903514 -0.9410139322280884 
vn -0.3383467495441437 0.003782889572903514 -0.9410139322280884 
vn -0.3383467495441437 0.003782889572903514 -0.9410139322280884 
vn -0.3383467495441437 0.003782889572903514 -0.9410139322280884 
vn 0.9417508840560913 0 -0.3363112509250641 
vn 0.9417508840560913 0 -0.3363112509250641 
vn 0.9417508840560913 0 -0.3363112509250641 
vn 0.9417508840560913 0 -0.3363112509250641 
vn -0.6264422535896301 0.7051367163658142 -0.33219319581985474 
vn -0.6264422535896301 0.7051367163658142 -0.33219319581985474 
vn -0.6264422535896301 0.7051367163658142 -0.33219319581985474 
vn -0.6264422535896301 0.7051367163658142 -0.33219319581985474 
vn 0.6236152648925781 0.7076380848884583 0.33219319581985474 
vn 0.6236152648925781 0.7076380848884583 0.33219319581985474 
vn 0.6236152648925781 0.7076380848884583 0.33219319581985474 
vn 0.6236152648925781 0.7076380848884583 0.33219319581985474 
vn -0.9696745276451111 0.003774892073124647 0.24437066912651062 
vn -0.9696745276451111 0.003774892073124647 0.24437066912651062 
vn -0.9696745276451111 0.003774892073124647 0.24437066912651062 
vn -0.9696745276451111 0.003774892073124647 0.24437066912651062 
vn 0.24225163459777832 0 0.9702134728431702 
vn 0.24225163459777832 0 0.9702134728431702 
vn 0.24225163459777832 0 0.9702134728431702 
vn 0.24225163459777832 0 0.9702134728431702 
vn 0.45181676745414734 -0.7046266198158264 0.5471406579017639 
vn 0.45181676745414734 -0.7046266198158264 0.5471406579017639 
vn 0.45181676745414734 -0.7046266198158264 0.5471406579017639 
vn 0.45181676745414734 -0.7046266198158264 0.5471406579017639 
vn -0.450803279876709 -0.7052754759788513 -0.5471406579017639 
vn -0.450803279876709 -0.7052754759788513 -0.5471406579017639 
vn -0.450803279876709 -0.7052754759788513 -0.5471406579017639 
vn -0.450803279876709 -0.7052754759788513 -0.5471406579017639 
vn -0.04790383204817772 0.003677794011309743 0.9988451600074768 
vn -0.04790383204817772 0.003677794011309743 0.9988451600074768 
vn -0.04790383204817772 0.003677794011309743 0.9988451600074768 
vn -0.04790383204817772 0.003677794011309743 0.9988451600074768 
vn -0.9987307190895081 0.003775716060772538 -0.05022686347365379 
vn -0.9987307190895081 0.003775716060772538 -0.05022686347365379 
vn -0.9987307190895081 0.003775716060772538 -0.05022686347365379 
vn -0.9987307190895081 0.003775716060772538 -0.05022686347365379 
vn 0.45181676745414734 0.7046266198158264 0.5471406579017639 
vn 0.45181676745414734 0.7046266198158264 0.5471406579017639 
vn 0.45181676745414734 0.7046266198158264 0.5471406579017639 
vn 0.45181676745414734 0.7046266198158264 0.5471406579017639 
vn -0.450803279876709 0.7052754759788513 -0.5471406579017639 
vn -0.450803279876709 0.7052754759788513 -0.5471406579017639 
vn -0.450803279876709 0.7052754759788513 -0.5471406579017639 
vn -0.450803279876709 0.7052754759788513 -0.5471406579017639 
vn 0.9893063306808472 0 0.1458524912595749 
vn 0.9893063306808472 0 0.1458524912595749 
vn 0.9893063306808472 0 0.1458524912595749 
vn 0.9893063306808472 0 0.1458524912595749 
vn 0.14801347255706787 0 -0.9889853596687317 
vn 0.14801347255706787 0 -0.9889853596687317 
vn 0.14801347255706787 0 -0.9889853596687317 
vn 0.14801347255706787 0 -0.9889853596687317 
vn -0.6798110008239746 -0.7038441300392151 -0.2060592919588089 
vn -0.6798110008239746 -0.7038441300392151 -0.2060592919588089 
vn -0.6798110008239746 -0.7038441300392151 -0.2060592919588089 
vn -0.6798110008239746 -0.7038441300392151 -0.2060592919588089 
vn 0.6805039644241333 -0.7031741738319397 0.2060592919588089 
vn 0.6805039644241333 -0.7031741738319397 0.2060592919588089 
vn 0.6805039644241333 -0.7031741738319397 0.2060592919588089 
vn 0.6805039644241333 -0.7031741738319397 0.2060592919588089 
vn -0.5156691074371338 0.0037763433065265417 -0.8567795157432556 
vn -0.5156691074371338 0.0037763433065265417 -0.8567795157432556 
vn -0.5156691074371338 0.0037763433065265417 -0.8567795157432556 
vn -0.5156691074371338 0.0037763433065265417 -0.8567795157432556 
vn 0.8579040765762329 0 -0.5138099193572998 
vn 0.8579040765762329 0 -0.5138099193572998 
vn 0.8579040765762329 0 -0.5138099193572998 
vn 0.8579040765762329 0 -0.5138099193572998 
vn -0.6798110008239746 0.7038441300392151 -0.2060592919588089 
vn -0.6798110008239746 0.7038441300392151 -0.2060592919588089 
vn -0.6798110008239746 0.7038441300392151 -0.2060592919588089 
vn -0.6798110008239746 0.7038441300392151 -0.2060592919588089 
vn 0.6805039644241333 0.7031741738319397 0.2060592919588089 
vn 0.6805039644241333 0.7031741738319397 0.2060592919588089 
vn 0.6805039644241333 0.7031741738319397 0.2060592919588089 
vn 0.6805039644241333 0.7031741738319397 0.2060592919588089 
vn -0.903258204460144 -1.868146750575589e-13 0.42909738421440125 
vn -0.903258204460144 -1.868146750575589e-13 0.42909738421440125 
vn -0.903258204460144 -1.868146750575589e-13 0.42909738421440125 
vn -0.903258204460144 -1.868146750575589e-13 0.42909738421440125 
vn 0.4271230399608612 0 0.9041935205459595 
vn 0.4271230399608612 0 0.9041935205459595 
vn 0.4271230399608612 0 0.9041935205459595 
vn 0.4271230399608612 0 0.9041935205459595 
vn 0.5470201373100281 -0.7066917419433594 0.4487268626689911 
vn 0.5470201373100281 -0.7066917419433594 0.4487268626689911 
vn 0.5470201373100281 -0.7066917419433594 0.4487268626689911 
vn 0.5470201373100281 -0.7066917419433594 0.4487268626689911 
vn -0.5491381883621216 -0.7050471305847168 -0.4487268626689911 
vn -0.5491381883621216 -0.7050471305847168 -0.4487268626689911 
vn -0.5491381883621216 -0.7050471305847168 -0.4487268626689911 
vn -0.5491381883621216 -0.7050471305847168 -0.4487268626689911 
vn 0.14801347255706787 0 0.9889853596687317 
vn 0.14801347255706787 0 0.9889853596687317 
vn 0.14801347255706787 0 0.9889853596687317 
vn 0.14801347255706787 0 0.9889853596687317 
vn -0.9893063306808472 -2.046114064855123e-13 0.1458524912595749 
vn -0.9893063306808472 -2.046114064855123e-13 0.1458524912595749 
vn -0.9893063306808472 -2.046114064855123e-13 0.1458524912595749 
vn -0.9893063306808472 -2.046114064855123e-13 0.1458524912595749 
vn 0.5470201373100281 0.7066917419433594 0.4487268626689911 
vn 0.5470201373100281 0.7066917419433594 0.4487268626689911 
vn 0.5470201373100281 0.7066917419433594 0.4487268626689911 
vn 0.5470201373100281 0.7066917419433594 0.4487268626689911 
vn -0.5491381883621216 0.7050471305847168 -0.4487268626689911 
vn -0.5491381883621216 0.7050471305847168 -0.4487268626689911 
vn -0.5491381883621216 0.7050471305847168 -0.4487268626689911 
vn -0.5491381883621216 0.7050471305847168 -0.4487268626689911 
vn 0.9987378120422363 0 -0.05022686347365379 
vn 0.9987378120422363 0 -0.05022686347365379 
vn 0.9987378120422363 0 -0.05022686347365379 
vn 0.9987378120422363 0 -0.05022686347365379 
vn -0.048044804483652115 -9.936776438300692e-15 -0.9988451600074768 
vn -0.048044804483652115 -9.936776438300692e-15 -0.9988451600074768 
vn -0.048044804483652115 -9.936776438300692e-15 -0.9988451600074768 
vn -0.048044804483652115 -9.936776438300692e-15 -0.9988451600074768 
vn -0.7041493058204651 -0.7068196535110474 -0.06767380982637405 
vn -0.7041493058204651 -0.7068196535110474 -0.06767380982637405 
vn -0.7041493058204651 -0.7068196535110474 -0.06767380982637405 
vn -0.7041493058204651 -0.7068196535110474 -0.06767380982637405 
vn 0.7041493058204651 -0.7068196535110474 0.06767380982637405 
vn 0.7041493058204651 -0.7068196535110474 0.06767380982637405 
vn 0.7041493058204651 -0.7068196535110474 0.06767380982637405 
vn 0.7041493058204651 -0.7068196535110474 0.06767380982637405 
vn -0.6731256246566772 -1.3921792863490212e-13 -0.7395281791687012 
vn -0.6731256246566772 -1.3921792863490212e-13 -0.7395281791687012 
vn -0.6731256246566772 -1.3921792863490212e-13 -0.7395281791687012 
vn -0.6731256246566772 -1.3921792863490212e-13 -0.7395281791687012 
vn 0.7409969568252563 0 -0.6715083718299866 
vn 0.7409969568252563 0 -0.6715083718299866 
vn 0.7409969568252563 0 -0.6715083718299866 
vn 0.7409969568252563 0 -0.6715083718299866 
vn -0.7041493058204651 0.7068196535110474 -0.06767380982637405 
vn -0.7041493058204651 0.7068196535110474 -0.06767380982637405 
vn -0.7041493058204651 0.7068196535110474 -0.06767380982637405 
vn -0.7041493058204651 0.7068196535110474 -0.06767380982637405 
vn 0.7041493058204651 0.7068196535110474 0.06767380982637405 
vn 0.7041493058204651 0.7068196535110474 0.06767380982637405 
vn 0.7041493058204651 0.7068196535110474 0.06767380982637405 
vn 0.7041493058204651 0.7068196535110474 0.06767380982637405 
vn -0.8020265698432922 -1.6623379376582564e-13 0.5972883701324463 
vn -0.8020265698432922 -1.6623379376582564e-13 0.5972883701324463 
vn -0.8020265698432922 -1.6623379376582564e-13 0.5972883701324463 
vn -0.8020265698432922 -1.6623379376582564e-13 0.5972883701324463 
vn 0.5955348014831543 0 0.8033295273780823 
vn 0.5955348014831543 0 0.8033295273780823 
vn 0.5955348014831543 0 0.8033295273780823 
vn 0.5955348014831543 0 0.8033295273780823 
vn 0.6236152648925781 -0.7076380848884583 0.33219319581985474 
vn 0.6236152648925781 -0.7076380848884583 0.33219319581985474 
vn 0.6236152648925781 -0.7076380848884583 0.33219319581985474 
vn 0.6236152648925781 -0.7076380848884583 0.33219319581985474 
vn -0.6264422535896301 -0.7051367163658142 -0.33219319581985474 
vn -0.6264422535896301 -0.7051367163658142 -0.33219319581985474 
vn -0.6264422535896301 -0.7051367163658142 -0.33219319581985474 
vn -0.6264422535896301 -0.7051367163658142 -0.33219319581985474 
vn 0.33836790919303894 0 0.9410139322280884 
vn 0.33836790919303894 0 0.9410139322280884 
vn 0.33836790919303894 0 0.9410139322280884 
vn 0.33836790919303894 0 0.9410139322280884 
vn -0.9417508840560913 -1.9477584963737554e-13 0.3363112509250641 
vn -0.9417508840560913 -1.9477584963737554e-13 0.3363112509250641 
vn -0.9417508840560913 -1.9477584963737554e-13 0.3363112509250641 
vn -0.9417508840560913 -1.9477584963737554e-13 0.3363112509250641 
vn 0.6236152648925781 0.7076380848884583 0.33219319581985474 
vn 0.6236152648925781 0.7076380848884583 0.33219319581985474 
vn 0.6236152648925781 0.7076380848884583 0.33219319581985474 
vn 0.6236152648925781 0.7076380848884583 0.33219319581985474 
vn -0.6264422535896301 0.7051367163658142 -0.33219319581985474 
vn -0.6264422535896301 0.7051367163658142 -0.33219319581985474 
vn -0.6264422535896301 0.7051367163658142 -0.33219319581985474 
vn -0.6264422535896301 0.7051367163658142 -0.33219319581985474 
vn 0.9696819186210632 0 -0.24437066912651062 
vn 0.9696819186210632 0 -0.24437066912651062 
vn 0.9696819186210632 0 -0.24437066912651062 
vn 0.9696819186210632 0 -0.24437066912651062 
vn -0.24222204089164734 0.003786193672567606 -0.9702134728431702 
vn -0.24222204089164734 0.003786193672567606 -0.9702134728431702 
vn -0.24222204089164734 0.003786193672567606 -0.9702134728431702 
vn -0.24222204089164734 0.003786193672567606 -0.9702134728431702 
vn -0.7041493058204651 -0.7068196535110474 0.06767380982637405 
vn -0.7041493058204651 -0.7068196535110474 0.06767380982637405 
vn -0.7041493058204651 -0.7068196535110474 0.06767380982637405 
vn -0.7041493058204651 -0.7068196535110474 0.06767380982637405 
vn 0.7041493058204651 -0.7068196535110474 -0.06767380982637405 
vn 0.7041493058204651 -0.7068196535110474 -0.06767380982637405 
vn 0.7041493058204651 -0.7068196535110474 -0.06767380982637405 
vn 0.7041493058204651 -0.7068196535110474 -0.06767380982637405 
vn -0.8020176291465759 0.0037775582168251276 -0.5972883701324463 
vn -0.8020176291465759 0.0037775582168251276 -0.5972883701324463 
vn -0.8020176291465759 0.0037775582168251276 -0.5972883701324463 
vn -0.8020176291465759 0.0037775582168251276 -0.5972883701324463 
vn 0.5955348014831543 0 -0.8033295273780823 
vn 0.5955348014831543 0 -0.8033295273780823 
vn 0.5955348014831543 0 -0.8033295273780823 
vn 0.5955348014831543 0 -0.8033295273780823 
vn -0.7041493058204651 0.7068196535110474 0.06767380982637405 
vn -0.7041493058204651 0.7068196535110474 0.06767380982637405 
vn -0.7041493058204651 0.7068196535110474 0.06767380982637405 
vn -0.7041493058204651 0.7068196535110474 0.06767380982637405 
vn 0.7041493058204651 0.7068196535110474 -0.06767380982637405 
vn 0.7041493058204651 0.7068196535110474 -0.06767380982637405 
vn 0.7041493058204651 0.7068196535110474 -0.06767380982637405 
vn 0.7041493058204651 0.7068196535110474 -0.06767380982637405 
vn -0.673115074634552 0.003769475035369396 0.7395281791687012 
vn -0.673115074634552 0.003769475035369396 0.7395281791687012 
vn -0.673115074634552 0.003769475035369396 0.7395281791687012 
vn -0.673115074634552 0.003769475035369396 0.7395281791687012 
vn 0.7409969568252563 0 0.6715083718299866 
vn 0.7409969568252563 0 0.6715083718299866 
vn 0.7409969568252563 0 0.6715083718299866 
vn 0.7409969568252563 0 0.6715083718299866 
vn 0.6805039644241333 -0.7031741738319397 0.2060592919588089 
vn 0.6805039644241333 -0.7031741738319397 0.2060592919588089 
vn 0.6805039644241333 -0.7031741738319397 0.2060592919588089 
vn 0.6805039644241333 -0.7031741738319397 0.2060592919588089 
vn -0.6798110008239746 -0.7038441300392151 -0.2060592919588089 
vn -0.6798110008239746 -0.7038441300392151 -0.2060592919588089 
vn -0.6798110008239746 -0.7038441300392151 -0.2060592919588089 
vn -0.6798110008239746 -0.7038441300392151 -0.2060592919588089 
vn 0.5156829357147217 0 0.8567795157432556 
vn 0.5156829357147217 0 0.8567795157432556 
vn 0.5156829357147217 0 0.8567795157432556 
vn 0.5156829357147217 0 0.8567795157432556 
vn -0.8578957915306091 0.0037694775965064764 0.5138099193572998 
vn -0.8578957915306091 0.0037694775965064764 0.5138099193572998 
vn -0.8578957915306091 0.0037694775965064764 0.5138099193572998 
vn -0.8578957915306091 0.0037694775965064764 0.5138099193572998 
vn 0.6805039644241333 0.7031741738319397 0.2060592919588089 
vn 0.6805039644241333 0.7031741738319397 0.2060592919588089 
vn 0.6805039644241333 0.7031741738319397 0.2060592919588089 
vn 0.6805039644241333 0.7031741738319397 0.2060592919588089 
vn -0.6798110008239746 0.7038441300392151 -0.2060592919588089 
vn -0.6798110008239746 0.7038441300392151 -0.2060592919588089 
vn -0.6798110008239746 0.7038441300392151 -0.2060592919588089 
vn -0.6798110008239746 0.7038441300392151 -0.2060592919588089 
vn 0.903258204460144 0 -0.42909738421440125 
vn 0.903258204460144 0 -0.42909738421440125 
vn 0.903258204460144 0 -0.42909738421440125 
vn 0.903258204460144 0 -0.42909738421440125 
vn -0.4271062910556793 0.0037798001430928707 -0.9041935205459595 
vn -0.4271062910556793 0.0037798001430928707 -0.9041935205459595 
vn -0.4271062910556793 0.0037798001430928707 -0.9041935205459595 
vn -0.4271062910556793 0.0037798001430928707 -0.9041935205459595 
vn -0.6777883768081665 -0.7057920694351196 0.2060592919588089 
vn -0.6777883768081665 -0.7057920694351196 0.2060592919588089 
vn -0.6777883768081665 -0.7057920694351196 0.2060592919588089 
vn -0.6777883768081665 -0.7057920694351196 0.2060592919588089 
vn 0.6798110008239746 -0.7038441300392151 -0.2060592919588089 
vn 0.6798110008239746 -0.7038441300392151 -0.2060592919588089 
vn 0.6798110008239746 -0.7038441300392151 -0.2060592919588089 
vn 0.6798110008239746 -0.7038441300392151 -0.2060592919588089 
vn -0.9032503366470337 0.0037785102613270283 -0.42909738421440125 
vn -0.9032503366470337 0.0037785102613270283 -0.42909738421440125 
vn -0.9032503366470337 0.0037785102613270283 -0.42909738421440125 
vn -0.9032503366470337 0.0037785102613270283 -0.42909738421440125 
vn 0.4271230399608612 0 -0.9041935205459595 
vn 0.4271230399608612 0 -0.9041935205459595 
vn 0.4271230399608612 0 -0.9041935205459595 
vn 0.4271230399608612 0 -0.9041935205459595 
vn -0.6777883768081665 0.7057920694351196 0.2060592919588089 
vn -0.6777883768081665 0.7057920694351196 0.2060592919588089 
vn -0.6777883768081665 0.7057920694351196 0.2060592919588089 
vn -0.6777883768081665 0.7057920694351196 0.2060592919588089 
vn 0.6798110008239746 0.7038441300392151 -0.2060592919588089 
vn 0.6798110008239746 0.7038441300392151 -0.2060592919588089 
vn 0.6798110008239746 0.7038441300392151 -0.2060592919588089 
vn 0.6798110008239746 0.7038441300392151 -0.2060592919588089 
vn -0.5156829357147217 -1.0688416026815445e-13 0.8567795157432556 
vn -0.5156829357147217 -1.0688416026815445e-13 0.8567795157432556 
vn -0.5156829357147217 -1.0688416026815445e-13 0.8567795157432556 
vn -0.5156829357147217 -1.0688416026815445e-13 0.8567795157432556 
vn 0.8579040765762329 0 0.5138099193572998 
vn 0.8579040765762329 0 0.5138099193572998 
vn 0.8579040765762329 0 0.5138099193572998 
vn 0.8579040765762329 0 0.5138099193572998 
vn 0.7041493058204651 -0.7068196535110474 0.06767380982637405 
vn 0.7041493058204651 -0.7068196535110474 0.06767380982637405 
vn 0.7041493058204651 -0.7068196535110474 0.06767380982637405 
vn 0.7041493058204651 -0.7068196535110474 0.06767380982637405 
vn -0.7041493058204651 -0.7068196535110474 -0.06767380982637405 
vn -0.7041493058204651 -0.7068196535110474 -0.06767380982637405 
vn -0.7041493058204651 -0.7068196535110474 -0.06767380982637405 
vn -0.7041493058204651 -0.7068196535110474 -0.06767380982637405 
vn 0.6731256246566772 0 0.7395281791687012 
vn 0.6731256246566772 0 0.7395281791687012 
vn 0.6731256246566772 0 0.7395281791687012 
vn 0.6731256246566772 0 0.7395281791687012 
vn -0.7409873604774475 0.0037729344330728054 0.6715083718299866 
vn -0.7409873604774475 0.0037729344330728054 0.6715083718299866 
vn -0.7409873604774475 0.0037729344330728054 0.6715083718299866 
vn -0.7409873604774475 0.0037729344330728054 0.6715083718299866 
vn 0.7041493058204651 0.7068196535110474 0.06767380982637405 
vn 0.7041493058204651 0.7068196535110474 0.06767380982637405 
vn 0.7041493058204651 0.7068196535110474 0.06767380982637405 
vn 0.7041493058204651 0.7068196535110474 0.06767380982637405 
vn -0.7041493058204651 0.7068196535110474 -0.06767380982637405 
vn -0.7041493058204651 0.7068196535110474 -0.06767380982637405 
vn -0.7041493058204651 0.7068196535110474 -0.06767380982637405 
vn -0.7041493058204651 0.7068196535110474 -0.06767380982637405 
vn 0.8020265698432922 0 -0.5972883701324463 
vn 0.8020265698432922 0 -0.5972883701324463 
vn 0.8020265698432922 0 -0.5972883701324463 
vn 0.8020265698432922 0 -0.5972883701324463 
vn -0.5955227613449097 0.003779626451432705 -0.8033295273780823 
vn -0.5955227613449097 0.003779626451432705 -0.8033295273780823 
vn -0.5955227613449097 0.003779626451432705 -0.8033295273780823 
vn -0.5955227613449097 0.003779626451432705 -0.8033295273780823 
vn -0.6264422535896301 -0.7051367163658142 0.33219319581985474 
vn -0.6264422535896301 -0.7051367163658142 0.33219319581985474 
vn -0.6264422535896301 -0.7051367163658142 0.33219319581985474 
vn -0.6264422535896301 -0.7051367163658142 0.33219319581985474 
vn 0.6236152648925781 -0.7076380848884583 -0.33219319581985474 
vn 0.6236152648925781 -0.7076380848884583 -0.33219319581985474 
vn 0.6236152648925781 -0.7076380848884583 -0.33219319581985474 
vn 0.6236152648925781 -0.7076380848884583 -0.33219319581985474 
vn -0.9696745276451111 0.003774892073124647 -0.24437066912651062 
vn -0.9696745276451111 0.003774892073124647 -0.24437066912651062 
vn -0.9696745276451111 0.003774892073124647 -0.24437066912651062 
vn -0.9696745276451111 0.003774892073124647 -0.24437066912651062 
vn 0.24225163459777832 0 -0.9702134728431702 
vn 0.24225163459777832 0 -0.9702134728431702 
vn 0.24225163459777832 0 -0.9702134728431702 
vn 0.24225163459777832 0 -0.9702134728431702 
vn -0.6264422535896301 0.7051367163658142 0.33219319581985474 
vn -0.6264422535896301 0.7051367163658142 0.33219319581985474 
vn -0.6264422535896301 0.7051367163658142 0.33219319581985474 
vn -0.6264422535896301 0.7051367163658142 0.33219319581985474 
vn 0.6236152648925781 0.7076380848884583 -0.33219319581985474 
vn 0.6236152648925781 0.7076380848884583 -0.33219319581985474 
vn 0.6236152648925781 0.7076380848884583 -0.33219319581985474 
vn 0.6236152648925781 0.7076380848884583 -0.33219319581985474 
vn -0.33834704756736755 0.003756156424060464 0.9410139322280884 
vn -0.33834704756736755 0.003756156424060464 0.9410139322280884 
vn -0.33834704756736755 0.003756156424060464 0.9410139322280884 
vn -0.33834704756736755 0.003756156424060464 0.9410139322280884 
vn 0.9417508840560913 0 0.3363112509250641 
vn 0.9417508840560913 0 0.3363112509250641 
vn 0.9417508840560913 0 0.3363112509250641 
vn 0.9417508840560913 0 0.3363112509250641 
vn 0.7041493058204651 -0.7068196535110474 -0.06767380982637405 
vn 0.7041493058204651 -0.7068196535110474 -0.06767380982637405 
vn 0.7041493058204651 -0.7068196535110474 -0.06767380982637405 
vn 0.7041493058204651 -0.7068196535110474 -0.06767380982637405 
vn -0.7041493058204651 -0.7068196535110474 0.06767380982637405 
vn -0.7041493058204651 -0.7068196535110474 0.06767380982637405 
vn -0.7041493058204651 -0.7068196535110474 0.06767380982637405 
vn -0.7041493058204651 -0.7068196535110474 0.06767380982637405 
vn 0.8020265698432922 0 0.5972883701324463 
vn 0.8020265698432922 0 0.5972883701324463 
vn 0.8020265698432922 0 0.5972883701324463 
vn 0.8020265698432922 0 0.5972883701324463 
vn -0.5955228805541992 0.0037644170224666595 0.8033295273780823 
vn -0.5955228805541992 0.0037644170224666595 0.8033295273780823 
vn -0.5955228805541992 0.0037644170224666595 0.8033295273780823 
vn -0.5955228805541992 0.0037644170224666595 0.8033295273780823 
vn 0.7041493058204651 0.7068196535110474 -0.06767380982637405 
vn 0.7041493058204651 0.7068196535110474 -0.06767380982637405 
vn 0.7041493058204651 0.7068196535110474 -0.06767380982637405 
vn 0.7041493058204651 0.7068196535110474 -0.06767380982637405 
vn -0.7041493058204651 0.7068196535110474 0.06767380982637405 
vn -0.7041493058204651 0.7068196535110474 0.06767380982637405 
vn -0.7041493058204651 0.7068196535110474 0.06767380982637405 
vn -0.7041493058204651 0.7068196535110474 0.06767380982637405 
vn 0.6731256246566772 0 -0.7395281791687012 
vn 0.6731256246566772 0 -0.7395281791687012 
vn 0.6731256246566772 0 -0.7395281791687012 
vn 0.6731256246566772 0 -0.7395281791687012 
vn -0.7409969568252563 -1.532552974499793e-13 -0.6715083718299866 
vn -0.7409969568252563 -1.532552974499793e-13 -0.6715083718299866 
vn -0.7409969568252563 -1.532552974499793e-13 -0.6715083718299866 
vn -0.7409969568252563 -1.532552974499793e-13 -0.6715083718299866 
vn -0.5470201373100281 -0.7066917419433594 0.4487268626689911 
vn -0.5470201373100281 -0.7066917419433594 0.4487268626689911 
vn -0.5470201373100281 -0.7066917419433594 0.4487268626689911 
vn -0.5470201373100281 -0.7066917419433594 0.4487268626689911 
vn 0.5461521744728088 -0.707362711429596 -0.4487268626689911 
vn 0.5461521744728088 -0.707362711429596 -0.4487268626689911 
vn 0.5461521744728088 -0.707362711429596 -0.4487268626689911 
vn 0.5461521744728088 -0.707362711429596 -0.4487268626689911 
vn -0.9987307190895081 0.003775716060772538 -0.05022686347365379 
vn -0.9987307190895081 0.003775716060772538 -0.05022686347365379 
vn -0.9987307190895081 0.003775716060772538 -0.05022686347365379 
vn -0.9987307190895081 0.003775716060772538 -0.05022686347365379 
vn 0.048044804483652115 0 -0.9988451600074768 
vn 0.048044804483652115 0 -0.9988451600074768 
vn 0.048044804483652115 0 -0.9988451600074768 
vn 0.048044804483652115 0 -0.9988451600074768 
vn -0.5470201373100281 0.7066917419433594 0.4487268626689911 
vn -0.5470201373100281 0.7066917419433594 0.4487268626689911 
vn -0.5470201373100281 0.7066917419433594 0.4487268626689911 
vn -0.5470201373100281 0.7066917419433594 0.4487268626689911 
vn 0.5461521744728088 0.707362711429596 -0.4487268626689911 
vn 0.5461521744728088 0.707362711429596 -0.4487268626689911 
vn 0.5461521744728088 0.707362711429596 -0.4487268626689911 
vn 0.5461521744728088 0.707362711429596 -0.4487268626689911 
vn -0.14796672761440277 0.0037195926997810602 0.9889853596687317 
vn -0.14796672761440277 0.0037195926997810602 0.9889853596687317 
vn -0.14796672761440277 0.0037195926997810602 0.9889853596687317 
vn -0.14796672761440277 0.0037195926997810602 0.9889853596687317 
vn 0.9893063306808472 0 0.1458524912595749 
vn 0.9893063306808472 0 0.1458524912595749 
vn 0.9893063306808472 0 0.1458524912595749 
vn 0.9893063306808472 0 0.1458524912595749 
vn 0.6798110008239746 -0.7038441300392151 -0.2060592919588089 
vn 0.6798110008239746 -0.7038441300392151 -0.2060592919588089 
vn 0.6798110008239746 -0.7038441300392151 -0.2060592919588089 
vn 0.6798110008239746 -0.7038441300392151 -0.2060592919588089 
vn -0.6777883768081665 -0.7057920694351196 0.2060592919588089 
vn -0.6777883768081665 -0.7057920694351196 0.2060592919588089 
vn -0.6777883768081665 -0.7057920694351196 0.2060592919588089 
vn -0.6777883768081665 -0.7057920694351196 0.2060592919588089 
vn 0.903258204460144 0 0.42909738421440125 
vn 0.903258204460144 0 0.42909738421440125 
vn 0.903258204460144 0 0.42909738421440125 
vn 0.903258204460144 0 0.42909738421440125 
vn -0.42710649967193604 0.0037586253602057695 0.9041935205459595 
vn -0.42710649967193604 0.0037586253602057695 0.9041935205459595 
vn -0.42710649967193604 0.0037586253602057695 0.9041935205459595 
vn -0.42710649967193604 0.0037586253602057695 0.9041935205459595 
vn 0.6798110008239746 0.7038441300392151 -0.2060592919588089 
vn 0.6798110008239746 0.7038441300392151 -0.2060592919588089 
vn 0.6798110008239746 0.7038441300392151 -0.2060592919588089 
vn 0.6798110008239746 0.7038441300392151 -0.2060592919588089 
vn -0.6777883768081665 0.7057920694351196 0.2060592919588089 
vn -0.6777883768081665 0.7057920694351196 0.2060592919588089 
vn -0.6777883768081665 0.7057920694351196 0.2060592919588089 
vn -0.6777883768081665 0.7057920694351196 0.2060592919588089 
vn 0.5156829357147217 0 -0.8567795157432556 
vn 0.5156829357147217 0 -0.8567795157432556 
vn 0.5156829357147217 0 -0.8567795157432556 
vn 0.5156829357147217 0 -0.8567795157432556 
vn -0.8579040765762329 -1.7743438825417596e-13 -0.5138099193572998 
vn -0.8579040765762329 -1.7743438825417596e-13 -0.5138099193572998 
vn -0.8579040765762329 -1.7743438825417596e-13 -0.5138099193572998 
vn -0.8579040765762329 -1.7743438825417596e-13 -0.5138099193572998 
vn -0.4486362338066101 -0.7066559195518494 0.5471406579017639 
vn -0.4486362338066101 -0.7066559195518494 0.5471406579017639 
vn -0.4486362338066101 -0.7066559195518494 0.5471406579017639 
vn -0.4486362338066101 -0.7066559195518494 0.5471406579017639 
vn 0.450803279876709 -0.7052754759788513 -0.5471406579017639 
vn 0.450803279876709 -0.7052754759788513 -0.5471406579017639 
vn 0.450803279876709 -0.7052754759788513 -0.5471406579017639 
vn 0.450803279876709 -0.7052754759788513 -0.5471406579017639 
vn -0.9893063306808472 -2.046114064855123e-13 0.1458524912595749 
vn -0.9893063306808472 -2.046114064855123e-13 0.1458524912595749 
vn -0.9893063306808472 -2.046114064855123e-13 0.1458524912595749 
vn -0.9893063306808472 -2.046114064855123e-13 0.1458524912595749 
vn -0.1479651927947998 0.003780060913413763 -0.9889853596687317 
vn -0.1479651927947998 0.003780060913413763 -0.9889853596687317 
vn -0.1479651927947998 0.003780060913413763 -0.9889853596687317 
vn -0.1479651927947998 0.003780060913413763 -0.9889853596687317 
vn -0.4486362338066101 0.7066559195518494 0.5471406579017639 
vn -0.4486362338066101 0.7066559195518494 0.5471406579017639 
vn -0.4486362338066101 0.7066559195518494 0.5471406579017639 
vn -0.4486362338066101 0.7066559195518494 0.5471406579017639 
vn 0.450803279876709 0.7052754759788513 -0.5471406579017639 
vn 0.450803279876709 0.7052754759788513 -0.5471406579017639 
vn 0.450803279876709 0.7052754759788513 -0.5471406579017639 
vn 0.450803279876709 0.7052754759788513 -0.5471406579017639 
vn 0.048044804483652115 0 0.9988451600074768 
vn 0.048044804483652115 0 0.9988451600074768 
vn 0.048044804483652115 0 0.9988451600074768 
vn 0.048044804483652115 0 0.9988451600074768 
vn 0.9987378120422363 0 -0.05022686347365379 
vn 0.9987378120422363 0 -0.05022686347365379 
vn 0.9987378120422363 0 -0.05022686347365379 
vn 0.9987378120422363 0 -0.05022686347365379 
vn 0.6236152648925781 -0.7076380848884583 -0.33219319581985474 
vn 0.6236152648925781 -0.7076380848884583 -0.33219319581985474 
vn 0.6236152648925781 -0.7076380848884583 -0.33219319581985474 
vn 0.6236152648925781 -0.7076380848884583 -0.33219319581985474 
vn -0.6264422535896301 -0.7051367163658142 0.33219319581985474 
vn -0.6264422535896301 -0.7051367163658142 0.33219319581985474 
vn -0.6264422535896301 -0.7051367163658142 0.33219319581985474 
vn -0.6264422535896301 -0.7051367163658142 0.33219319581985474 
vn 0.9696819186210632 0 0.24437066912651062 
vn 0.9696819186210632 0 0.24437066912651062 
vn 0.9696819186210632 0 0.24437066912651062 
vn 0.9696819186210632 0 0.24437066912651062 
vn -0.2422226220369339 0.0037488944362848997 0.9702134728431702 
vn -0.2422226220369339 0.0037488944362848997 0.9702134728431702 
vn -0.2422226220369339 0.0037488944362848997 0.9702134728431702 
vn -0.2422226220369339 0.0037488944362848997 0.9702134728431702 
vn 0.6236152648925781 0.7076380848884583 -0.33219319581985474 
vn 0.6236152648925781 0.7076380848884583 -0.33219319581985474 
vn 0.6236152648925781 0.7076380848884583 -0.33219319581985474 
vn 0.6236152648925781 0.7076380848884583 -0.33219319581985474 
vn -0.6264422535896301 0.7051367163658142 0.33219319581985474 
vn -0.6264422535896301 0.7051367163658142 0.33219319581985474 
vn -0.6264422535896301 0.7051367163658142 0.33219319581985474 
vn -0.6264422535896301 0.7051367163658142 0.33219319581985474 
vn 0.33836790919303894 0 -0.9410139322280884 
vn 0.33836790919303894 0 -0.9410139322280884 
vn 0.33836790919303894 0 -0.9410139322280884 
vn 0.33836790919303894 0 -0.9410139322280884 
vn -0.9417508840560913 -1.9477584963737554e-13 -0.3363112509250641 
vn -0.9417508840560913 -1.9477584963737554e-13 -0.3363112509250641 
vn -0.9417508840560913 -1.9477584963737554e-13 -0.3363112509250641 
vn -0.9417508840560913 -1.9477584963737554e-13 -0.3363112509250641 
vn -0.3323899507522583 -0.706364631652832 0.6249527335166931 
vn -0.3323899507522583 -0.706364631652832 0.6249527335166931 
vn -0.3323899507522583 -0.706364631652832 0.6249527335166931 
vn -0.3323899507522583 -0.706364631652832 0.6249527335166931 
vn 0.33115851879119873 -0.7069427967071533 -0.6249527335166931 
vn 0.33115851879119873 -0.7069427967071533 -0.6249527335166931 
vn 0.33115851879119873 -0.7069427967071533 -0.6249527335166931 
vn 0.33115851879119873 -0.7069427967071533 -0.6249527335166931 
vn -0.9417508840560913 -1.9477584963737554e-13 0.3363112509250641 
vn -0.9417508840560913 -1.9477584963737554e-13 0.3363112509250641 
vn -0.9417508840560913 -1.9477584963737554e-13 0.3363112509250641 
vn -0.9417508840560913 -1.9477584963737554e-13 0.3363112509250641 
vn -0.3383467495441437 0.003782889572903514 -0.9410139322280884 
vn -0.3383467495441437 0.003782889572903514 -0.9410139322280884 
vn -0.3383467495441437 0.003782889572903514 -0.9410139322280884 
vn -0.3383467495441437 0.003782889572903514 -0.9410139322280884 
vn -0.3323899507522583 0.706364631652832 0.6249527335166931 
vn -0.3323899507522583 0.706364631652832 0.6249527335166931 
vn -0.3323899507522583 0.706364631652832 0.6249527335166931 
vn -0.3323899507522583 0.706364631652832 0.6249527335166931 
vn 0.33115851879119873 0.7069427967071533 -0.6249527335166931 
vn 0.33115851879119873 0.7069427967071533 -0.6249527335166931 
vn 0.33115851879119873 0.7069427967071533 -0.6249527335166931 
vn 0.33115851879119873 0.7069427967071533 -0.6249527335166931 
vn 0.24225163459777832 0 0.9702134728431702 
vn 0.24225163459777832 0 0.9702134728431702 
vn 0.24225163459777832 0 0.9702134728431702 
vn 0.24225163459777832 0 0.9702134728431702 
vn 0.9696819186210632 0 -0.24437066912651062 
vn 0.9696819186210632 0 -0.24437066912651062 
vn 0.9696819186210632 0 -0.24437066912651062 
vn 0.9696819186210632 0 -0.24437066912651062 
vn -0.06597823649644852 -0.7047972679138184 -0.7063339352607727 
vn -0.06597823649644852 -0.7047972679138184 -0.7063339352607727 
vn -0.06597823649644852 -0.7047972679138184 -0.7063339352607727 
vn -0.06597823649644852 -0.7047972679138184 -0.7063339352607727 
vn 0.07149393856525421 -0.7042591571807861 0.7063339352607727 
vn 0.07149393856525421 -0.7042591571807861 0.7063339352607727 
vn 0.07149393856525421 -0.7042591571807861 0.7063339352607727 
vn 0.07149393856525421 -0.7042591571807861 0.7063339352607727 
vn 0.5955348014831543 0 -0.8033295273780823 
vn 0.5955348014831543 0 -0.8033295273780823 
vn 0.5955348014831543 0 -0.8033295273780823 
vn 0.5955348014831543 0 -0.8033295273780823 
vn 0.8020265698432922 0 0.5972883701324463 
vn 0.8020265698432922 0 0.5972883701324463 
vn 0.8020265698432922 0 0.5972883701324463 
vn 0.8020265698432922 0 0.5972883701324463 
vn -0.06597823649644852 0.7047972679138184 -0.7063339352607727 
vn -0.06597823649644852 0.7047972679138184 -0.7063339352607727 
vn -0.06597823649644852 0.7047972679138184 -0.7063339352607727 
vn -0.06597823649644852 0.7047972679138184 -0.7063339352607727 
vn 0.07149393856525421 0.7042591571807861 0.7063339352607727 
vn 0.07149393856525421 0.7042591571807861 0.7063339352607727 
vn 0.07149393856525421 0.7042591571807861 0.7063339352607727 
vn 0.07149393856525421 0.7042591571807861 0.7063339352607727 
vn -0.7409969568252563 -1.532552974499793e-13 -0.6715083718299866 
vn -0.7409969568252563 -1.532552974499793e-13 -0.6715083718299866 
vn -0.7409969568252563 -1.532552974499793e-13 -0.6715083718299866 
vn -0.7409969568252563 -1.532552974499793e-13 -0.6715083718299866 
vn -0.673115074634552 0.003769475035369396 0.7395281791687012 
vn -0.673115074634552 0.003769475035369396 0.7395281791687012 
vn -0.673115074634552 0.003769475035369396 0.7395281791687012 
vn -0.673115074634552 0.003769475035369396 0.7395281791687012 
vn 0.5461521744728088 -0.707362711429596 -0.4487268626689911 
vn 0.5461521744728088 -0.707362711429596 -0.4487268626689911 
vn 0.5461521744728088 -0.707362711429596 -0.4487268626689911 
vn 0.5461521744728088 -0.707362711429596 -0.4487268626689911 
vn -0.5470201373100281 -0.7066917419433594 0.4487268626689911 
vn -0.5470201373100281 -0.7066917419433594 0.4487268626689911 
vn -0.5470201373100281 -0.7066917419433594 0.4487268626689911 
vn -0.5470201373100281 -0.7066917419433594 0.4487268626689911 
vn 0.9987378120422363 0 0.05022686347365379 
vn 0.9987378120422363 0 0.05022686347365379 
vn 0.9987378120422363 0 0.05022686347365379 
vn 0.9987378120422363 0 0.05022686347365379 
vn -0.04790383204817772 0.003677794011309743 0.9988451600074768 
vn -0.04790383204817772 0.003677794011309743 0.9988451600074768 
vn -0.04790383204817772 0.003677794011309743 0.9988451600074768 
vn -0.04790383204817772 0.003677794011309743 0.9988451600074768 
vn 0.5461521744728088 0.707362711429596 -0.4487268626689911 
vn 0.5461521744728088 0.707362711429596 -0.4487268626689911 
vn 0.5461521744728088 0.707362711429596 -0.4487268626689911 
vn 0.5461521744728088 0.707362711429596 -0.4487268626689911 
vn -0.5470201373100281 0.7066917419433594 0.4487268626689911 
vn -0.5470201373100281 0.7066917419433594 0.4487268626689911 
vn -0.5470201373100281 0.7066917419433594 0.4487268626689911 
vn -0.5470201373100281 0.7066917419433594 0.4487268626689911 
vn 0.14801347255706787 0 -0.9889853596687317 
vn 0.14801347255706787 0 -0.9889853596687317 
vn 0.14801347255706787 0 -0.9889853596687317 
vn 0.14801347255706787 0 -0.9889853596687317 
vn -0.9892991185188293 0.0037764154840260744 -0.1458524912595749 
vn -0.9892991185188293 0.0037764154840260744 -0.1458524912595749 
vn -0.9892991185188293 0.0037764154840260744 -0.1458524912595749 
vn -0.9892991185188293 0.0037764154840260744 -0.1458524912595749 
vn -0.20628009736537933 -0.7055646181106567 0.677958071231842 
vn -0.20628009736537933 -0.7055646181106567 0.677958071231842 
vn -0.20628009736537933 -0.7055646181106567 0.677958071231842 
vn -0.20628009736537933 -0.7055646181106567 0.677958071231842 
vn 0.20693691074848175 -0.7053722143173218 -0.677958071231842 
vn 0.20693691074848175 -0.7053722143173218 -0.677958071231842 
vn 0.20693691074848175 -0.7053722143173218 -0.677958071231842 
vn 0.20693691074848175 -0.7053722143173218 -0.677958071231842 
vn -0.8578957915306091 0.0037694775965064764 0.5138099193572998 
vn -0.8578957915306091 0.0037694775965064764 0.5138099193572998 
vn -0.8578957915306091 0.0037694775965064764 0.5138099193572998 
vn -0.8578957915306091 0.0037694775965064764 0.5138099193572998 
vn -0.5156691074371338 0.0037763433065265417 -0.8567795157432556 
vn -0.5156691074371338 0.0037763433065265417 -0.8567795157432556 
vn -0.5156691074371338 0.0037763433065265417 -0.8567795157432556 
vn -0.5156691074371338 0.0037763433065265417 -0.8567795157432556 
vn -0.20628009736537933 0.7055646181106567 0.677958071231842 
vn -0.20628009736537933 0.7055646181106567 0.677958071231842 
vn -0.20628009736537933 0.7055646181106567 0.677958071231842 
vn -0.20628009736537933 0.7055646181106567 0.677958071231842 
vn 0.20693691074848175 0.7053722143173218 -0.677958071231842 
vn 0.20693691074848175 0.7053722143173218 -0.677958071231842 
vn 0.20693691074848175 0.7053722143173218 -0.677958071231842 
vn 0.20693691074848175 0.7053722143173218 -0.677958071231842 
vn 0.4271230399608612 0 0.9041935205459595 
vn 0.4271230399608612 0 0.9041935205459595 
vn 0.4271230399608612 0 0.9041935205459595 
vn 0.4271230399608612 0 0.9041935205459595 
vn 0.903258204460144 0 -0.42909738421440125 
vn 0.903258204460144 0 -0.42909738421440125 
vn 0.903258204460144 0 -0.42909738421440125 
vn 0.903258204460144 0 -0.42909738421440125 
vn -0.2033073753118515 -0.7064269185066223 -0.677958071231842 
vn -0.2033073753118515 -0.7064269185066223 -0.677958071231842 
vn -0.2033073753118515 -0.7064269185066223 -0.677958071231842 
vn -0.2033073753118515 -0.7064269185066223 -0.677958071231842 
vn 0.2026614248752594 -0.7066125273704529 0.677958071231842 
vn 0.2026614248752594 -0.7066125273704529 0.677958071231842 
vn 0.2026614248752594 -0.7066125273704529 0.677958071231842 
vn 0.2026614248752594 -0.7066125273704529 0.677958071231842 
vn 0.4271230399608612 0 -0.9041935205459595 
vn 0.4271230399608612 0 -0.9041935205459595 
vn 0.4271230399608612 0 -0.9041935205459595 
vn 0.4271230399608612 0 -0.9041935205459595 
vn 0.903258204460144 0 0.42909738421440125 
vn 0.903258204460144 0 0.42909738421440125 
vn 0.903258204460144 0 0.42909738421440125 
vn 0.903258204460144 0 0.42909738421440125 
vn -0.2033073753118515 0.7064269185066223 -0.677958071231842 
vn -0.2033073753118515 0.7064269185066223 -0.677958071231842 
vn -0.2033073753118515 0.7064269185066223 -0.677958071231842 
vn -0.2033073753118515 0.7064269185066223 -0.677958071231842 
vn 0.2026614248752594 0.7066125273704529 0.677958071231842 
vn 0.2026614248752594 0.7066125273704529 0.677958071231842 
vn 0.2026614248752594 0.7066125273704529 0.677958071231842 
vn 0.2026614248752594 0.7066125273704529 0.677958071231842 
vn -0.8579040765762329 -1.7743438825417596e-13 -0.5138099193572998 
vn -0.8579040765762329 -1.7743438825417596e-13 -0.5138099193572998 
vn -0.8579040765762329 -1.7743438825417596e-13 -0.5138099193572998 
vn -0.8579040765762329 -1.7743438825417596e-13 -0.5138099193572998 
vn -0.5156829357147217 -1.0688416026815445e-13 0.8567795157432556 
vn -0.5156829357147217 -1.0688416026815445e-13 0.8567795157432556 
vn -0.5156829357147217 -1.0688416026815445e-13 0.8567795157432556 
vn -0.5156829357147217 -1.0688416026815445e-13 0.8567795157432556 
vn 0.450803279876709 -0.7052754759788513 -0.5471406579017639 
vn 0.450803279876709 -0.7052754759788513 -0.5471406579017639 
vn 0.450803279876709 -0.7052754759788513 -0.5471406579017639 
vn 0.450803279876709 -0.7052754759788513 -0.5471406579017639 
vn -0.4486362338066101 -0.7066559195518494 0.5471406579017639 
vn -0.4486362338066101 -0.7066559195518494 0.5471406579017639 
vn -0.4486362338066101 -0.7066559195518494 0.5471406579017639 
vn -0.4486362338066101 -0.7066559195518494 0.5471406579017639 
vn 0.9893063306808472 0 -0.1458524912595749 
vn 0.9893063306808472 0 -0.1458524912595749 
vn 0.9893063306808472 0 -0.1458524912595749 
vn 0.9893063306808472 0 -0.1458524912595749 
vn 0.14801347255706787 0 0.9889853596687317 
vn 0.14801347255706787 0 0.9889853596687317 
vn 0.14801347255706787 0 0.9889853596687317 
vn 0.14801347255706787 0 0.9889853596687317 
vn 0.450803279876709 0.7052754759788513 -0.5471406579017639 
vn 0.450803279876709 0.7052754759788513 -0.5471406579017639 
vn 0.450803279876709 0.7052754759788513 -0.5471406579017639 
vn 0.450803279876709 0.7052754759788513 -0.5471406579017639 
vn -0.4486362338066101 0.7066559195518494 0.5471406579017639 
vn -0.4486362338066101 0.7066559195518494 0.5471406579017639 
vn -0.4486362338066101 0.7066559195518494 0.5471406579017639 
vn -0.4486362338066101 0.7066559195518494 0.5471406579017639 
vn -0.048044804483652115 -9.936776438300692e-15 -0.9988451600074768 
vn -0.048044804483652115 -9.936776438300692e-15 -0.9988451600074768 
vn -0.048044804483652115 -9.936776438300692e-15 -0.9988451600074768 
vn -0.048044804483652115 -9.936776438300692e-15 -0.9988451600074768 
vn -0.9987307190895081 0.003775716060772538 0.05022686347365379 
vn -0.9987307190895081 0.003775716060772538 0.05022686347365379 
vn -0.9987307190895081 0.003775716060772538 0.05022686347365379 
vn -0.9987307190895081 0.003775716060772538 0.05022686347365379 
vn -0.07149393856525421 -0.7042591571807861 0.7063339352607727 
vn -0.07149393856525421 -0.7042591571807861 0.7063339352607727 
vn -0.07149393856525421 -0.7042591571807861 0.7063339352607727 
vn -0.07149393856525421 -0.7042591571807861 0.7063339352607727 
vn 0.06973651051521301 -0.7044353485107422 -0.7063339352607727 
vn 0.06973651051521301 -0.7044353485107422 -0.7063339352607727 
vn 0.06973651051521301 -0.7044353485107422 -0.7063339352607727 
vn 0.06973651051521301 -0.7044353485107422 -0.7063339352607727 
vn -0.7409873604774475 0.0037729344330728054 0.6715083718299866 
vn -0.7409873604774475 0.0037729344330728054 0.6715083718299866 
vn -0.7409873604774475 0.0037729344330728054 0.6715083718299866 
vn -0.7409873604774475 0.0037729344330728054 0.6715083718299866 
vn -0.6731256246566772 -1.3921792863490212e-13 -0.7395281791687012 
vn -0.6731256246566772 -1.3921792863490212e-13 -0.7395281791687012 
vn -0.6731256246566772 -1.3921792863490212e-13 -0.7395281791687012 
vn -0.6731256246566772 -1.3921792863490212e-13 -0.7395281791687012 
vn -0.07149393856525421 0.7042591571807861 0.7063339352607727 
vn -0.07149393856525421 0.7042591571807861 0.7063339352607727 
vn -0.07149393856525421 0.7042591571807861 0.7063339352607727 
vn -0.07149393856525421 0.7042591571807861 0.7063339352607727 
vn 0.06973651051521301 0.7044353485107422 -0.7063339352607727 
vn 0.06973651051521301 0.7044353485107422 -0.7063339352607727 
vn 0.06973651051521301 0.7044353485107422 -0.7063339352607727 
vn 0.06973651051521301 0.7044353485107422 -0.7063339352607727 
vn 0.5955348014831543 0 0.8033295273780823 
vn 0.5955348014831543 0 0.8033295273780823 
vn 0.5955348014831543 0 0.8033295273780823 
vn 0.5955348014831543 0 0.8033295273780823 
vn 0.8020265698432922 0 -0.5972883701324463 
vn 0.8020265698432922 0 -0.5972883701324463 
vn 0.8020265698432922 0 -0.5972883701324463 
vn 0.8020265698432922 0 -0.5972883701324463 
vn -0.33457669615745544 -0.7053314447402954 -0.6249527335166931 
vn -0.33457669615745544 -0.7053314447402954 -0.6249527335166931 
vn -0.33457669615745544 -0.7053314447402954 -0.6249527335166931 
vn -0.33457669615745544 -0.7053314447402954 -0.6249527335166931 
vn 0.3323899507522583 -0.706364631652832 0.6249527335166931 
vn 0.3323899507522583 -0.706364631652832 0.6249527335166931 
vn 0.3323899507522583 -0.706364631652832 0.6249527335166931 
vn 0.3323899507522583 -0.706364631652832 0.6249527335166931 
vn 0.24225163459777832 0 -0.9702134728431702 
vn 0.24225163459777832 0 -0.9702134728431702 
vn 0.24225163459777832 0 -0.9702134728431702 
vn 0.24225163459777832 0 -0.9702134728431702 
vn 0.9696819186210632 0 0.24437066912651062 
vn 0.9696819186210632 0 0.24437066912651062 
vn 0.9696819186210632 0 0.24437066912651062 
vn 0.9696819186210632 0 0.24437066912651062 
vn -0.33457669615745544 0.7053314447402954 -0.6249527335166931 
vn -0.33457669615745544 0.7053314447402954 -0.6249527335166931 
vn -0.33457669615745544 0.7053314447402954 -0.6249527335166931 
vn -0.33457669615745544 0.7053314447402954 -0.6249527335166931 
vn 0.3323899507522583 0.706364631652832 0.6249527335166931 
vn 0.3323899507522583 0.706364631652832 0.6249527335166931 
vn 0.3323899507522583 0.706364631652832 0.6249527335166931 
vn 0.3323899507522583 0.706364631652832 0.6249527335166931 
vn -0.9417508840560913 -1.9477584963737554e-13 -0.3363112509250641 
vn -0.9417508840560913 -1.9477584963737554e-13 -0.3363112509250641 
vn -0.9417508840560913 -1.9477584963737554e-13 -0.3363112509250641 
vn -0.9417508840560913 -1.9477584963737554e-13 -0.3363112509250641 
vn -0.33834704756736755 0.003756156424060464 0.9410139322280884 
vn -0.33834704756736755 0.003756156424060464 0.9410139322280884 
vn -0.33834704756736755 0.003756156424060464 0.9410139322280884 
vn -0.33834704756736755 0.003756156424060464 0.9410139322280884 
vn 0.33115851879119873 -0.7069427967071533 -0.6249527335166931 
vn 0.33115851879119873 -0.7069427967071533 -0.6249527335166931 
vn 0.33115851879119873 -0.7069427967071533 -0.6249527335166931 
vn 0.33115851879119873 -0.7069427967071533 -0.6249527335166931 
vn -0.3323899507522583 -0.706364631652832 0.6249527335166931 
vn -0.3323899507522583 -0.706364631652832 0.6249527335166931 
vn -0.3323899507522583 -0.706364631652832 0.6249527335166931 
vn -0.3323899507522583 -0.706364631652832 0.6249527335166931 
vn 0.9417508840560913 0 -0.3363112509250641 
vn 0.9417508840560913 0 -0.3363112509250641 
vn 0.9417508840560913 0 -0.3363112509250641 
vn 0.9417508840560913 0 -0.3363112509250641 
vn 0.33836790919303894 0 0.9410139322280884 
vn 0.33836790919303894 0 0.9410139322280884 
vn 0.33836790919303894 0 0.9410139322280884 
vn 0.33836790919303894 0 0.9410139322280884 
vn 0.33115851879119873 0.7069427967071533 -0.6249527335166931 
vn 0.33115851879119873 0.7069427967071533 -0.6249527335166931 
vn 0.33115851879119873 0.7069427967071533 -0.6249527335166931 
vn 0.33115851879119873 0.7069427967071533 -0.6249527335166931 
vn -0.3323899507522583 0.706364631652832 0.6249527335166931 
vn -0.3323899507522583 0.706364631652832 0.6249527335166931 
vn -0.3323899507522583 0.706364631652832 0.6249527335166931 
vn -0.3323899507522583 0.706364631652832 0.6249527335166931 
vn -0.24222204089164734 0.003786193672567606 -0.9702134728431702 
vn -0.24222204089164734 0.003786193672567606 -0.9702134728431702 
vn -0.24222204089164734 0.003786193672567606 -0.9702134728431702 
vn -0.24222204089164734 0.003786193672567606 -0.9702134728431702 
vn -0.9696745276451111 0.003774892073124647 0.24437066912651062 
vn -0.9696745276451111 0.003774892073124647 0.24437066912651062 
vn -0.9696745276451111 0.003774892073124647 0.24437066912651062 
vn -0.9696745276451111 0.003774892073124647 0.24437066912651062 
vn 0.07149393856525421 -0.7042591571807861 0.7063339352607727 
vn 0.07149393856525421 -0.7042591571807861 0.7063339352607727 
vn 0.07149393856525421 -0.7042591571807861 0.7063339352607727 
vn 0.07149393856525421 -0.7042591571807861 0.7063339352607727 
vn -0.06597823649644852 -0.7047972679138184 -0.7063339352607727 
vn -0.06597823649644852 -0.7047972679138184 -0.7063339352607727 
vn -0.06597823649644852 -0.7047972679138184 -0.7063339352607727 
vn -0.06597823649644852 -0.7047972679138184 -0.7063339352607727 
vn -0.5955228805541992 0.0037644170224666595 0.8033295273780823 
vn -0.5955228805541992 0.0037644170224666595 0.8033295273780823 
vn -0.5955228805541992 0.0037644170224666595 0.8033295273780823 
vn -0.5955228805541992 0.0037644170224666595 0.8033295273780823 
vn -0.8020176291465759 0.0037775582168251276 -0.5972883701324463 
vn -0.8020176291465759 0.0037775582168251276 -0.5972883701324463 
vn -0.8020176291465759 0.0037775582168251276 -0.5972883701324463 
vn -0.8020176291465759 0.0037775582168251276 -0.5972883701324463 
vn 0.07149393856525421 0.7042591571807861 0.7063339352607727 
vn 0.07149393856525421 0.7042591571807861 0.7063339352607727 
vn 0.07149393856525421 0.7042591571807861 0.7063339352607727 
vn 0.07149393856525421 0.7042591571807861 0.7063339352607727 
vn -0.06597823649644852 0.7047972679138184 -0.7063339352607727 
vn -0.06597823649644852 0.7047972679138184 -0.7063339352607727 
vn -0.06597823649644852 0.7047972679138184 -0.7063339352607727 
vn -0.06597823649644852 0.7047972679138184 -0.7063339352607727 
vn 0.7409969568252563 0 0.6715083718299866 
vn 0.7409969568252563 0 0.6715083718299866 
vn 0.7409969568252563 0 0.6715083718299866 
vn 0.7409969568252563 0 0.6715083718299866 
vn 0.6731256246566772 0 -0.7395281791687012 
vn 0.6731256246566772 0 -0.7395281791687012 
vn 0.6731256246566772 0 -0.7395281791687012 
vn 0.6731256246566772 0 -0.7395281791687012 
vn -0.450803279876709 -0.7052754759788513 -0.5471406579017639 
vn -0.450803279876709 -0.7052754759788513 -0.5471406579017639 
vn -0.450803279876709 -0.7052754759788513 -0.5471406579017639 
vn -0.450803279876709 -0.7052754759788513 -0.5471406579017639 
vn 0.45181676745414734 -0.7046266198158264 0.5471406579017639 
vn 0.45181676745414734 -0.7046266198158264 0.5471406579017639 
vn 0.45181676745414734 -0.7046266198158264 0.5471406579017639 
vn 0.45181676745414734 -0.7046266198158264 0.5471406579017639 
vn 0.048044804483652115 0 -0.9988451600074768 
vn 0.048044804483652115 0 -0.9988451600074768 
vn 0.048044804483652115 0 -0.9988451600074768 
vn 0.048044804483652115 0 -0.9988451600074768 
vn 0.9987378120422363 0 0.05022686347365379 
vn 0.9987378120422363 0 0.05022686347365379 
vn 0.9987378120422363 0 0.05022686347365379 
vn 0.9987378120422363 0 0.05022686347365379 
vn -0.450803279876709 0.7052754759788513 -0.5471406579017639 
vn -0.450803279876709 0.7052754759788513 -0.5471406579017639 
vn -0.450803279876709 0.7052754759788513 -0.5471406579017639 
vn -0.450803279876709 0.7052754759788513 -0.5471406579017639 
vn 0.45181676745414734 0.7046266198158264 0.5471406579017639 
vn 0.45181676745414734 0.7046266198158264 0.5471406579017639 
vn 0.45181676745414734 0.7046266198158264 0.5471406579017639 
vn 0.45181676745414734 0.7046266198158264 0.5471406579017639 
vn -0.9892991185188293 0.0037764154840260744 -0.1458524912595749 
vn -0.9892991185188293 0.0037764154840260744 -0.1458524912595749 
vn -0.9892991185188293 0.0037764154840260744 -0.1458524912595749 
vn -0.9892991185188293 0.0037764154840260744 -0.1458524912595749 
vn -0.14796672761440277 0.0037195926997810602 0.9889853596687317 
vn -0.14796672761440277 0.0037195926997810602 0.9889853596687317 
vn -0.14796672761440277 0.0037195926997810602 0.9889853596687317 
vn -0.14796672761440277 0.0037195926997810602 0.9889853596687317 
vn 0.20693691074848175 -0.7053722143173218 -0.677958071231842 
vn 0.20693691074848175 -0.7053722143173218 -0.677958071231842 
vn 0.20693691074848175 -0.7053722143173218 -0.677958071231842 
vn 0.20693691074848175 -0.7053722143173218 -0.677958071231842 
vn -0.20628009736537933 -0.7055646181106567 0.677958071231842 
vn -0.20628009736537933 -0.7055646181106567 0.677958071231842 
vn -0.20628009736537933 -0.7055646181106567 0.677958071231842 
vn -0.20628009736537933 -0.7055646181106567 0.677958071231842 
vn 0.8579040765762329 0 -0.5138099193572998 
vn 0.8579040765762329 0 -0.5138099193572998 
vn 0.8579040765762329 0 -0.5138099193572998 
vn 0.8579040765762329 0 -0.5138099193572998 
vn 0.5156829357147217 0 0.8567795157432556 
vn 0.5156829357147217 0 0.8567795157432556 
vn 0.5156829357147217 0 0.8567795157432556 
vn 0.5156829357147217 0 0.8567795157432556 
vn 0.20693691074848175 0.7053722143173218 -0.677958071231842 
vn 0.20693691074848175 0.7053722143173218 -0.677958071231842 
vn 0.20693691074848175 0.7053722143173218 -0.677958071231842 
vn 0.20693691074848175 0.7053722143173218 -0.677958071231842 
vn -0.20628009736537933 0.7055646181106567 0.677958071231842 
vn -0.20628009736537933 0.7055646181106567 0.677958071231842 
vn -0.20628009736537933 0.7055646181106567 0.677958071231842 
vn -0.20628009736537933 0.7055646181106567 0.677958071231842 
vn -0.4271062910556793 0.0037798001430928707 -0.9041935205459595 
vn -0.4271062910556793 0.0037798001430928707 -0.9041935205459595 
vn -0.4271062910556793 0.0037798001430928707 -0.9041935205459595 
vn -0.4271062910556793 0.0037798001430928707 -0.9041935205459595 
vn -0.903258204460144 -1.868146750575589e-13 0.42909738421440125 
vn -0.903258204460144 -1.868146750575589e-13 0.42909738421440125 
vn -0.903258204460144 -1.868146750575589e-13 0.42909738421440125 
vn -0.903258204460144 -1.868146750575589e-13 0.42909738421440125 
vn 0.2026614248752594 -0.7066125273704529 0.677958071231842 
vn 0.2026614248752594 -0.7066125273704529 0.677958071231842 
vn 0.2026614248752594 -0.7066125273704529 0.677958071231842 
vn 0.2026614248752594 -0.7066125273704529 0.677958071231842 
vn -0.2033073753118515 -0.7064269185066223 -0.677958071231842 
vn -0.2033073753118515 -0.7064269185066223 -0.677958071231842 
vn -0.2033073753118515 -0.7064269185066223 -0.677958071231842 
vn -0.2033073753118515 -0.7064269185066223 -0.677958071231842 
vn -0.42710649967193604 0.0037586253602057695 0.9041935205459595 
vn -0.42710649967193604 0.0037586253602057695 0.9041935205459595 
vn -0.42710649967193604 0.0037586253602057695 0.9041935205459595 
vn -0.42710649967193604 0.0037586253602057695 0.9041935205459595 
vn -0.9032503366470337 0.0037785102613270283 -0.42909738421440125 
vn -0.9032503366470337 0.0037785102613270283 -0.42909738421440125 
vn -0.9032503366470337 0.0037785102613270283 -0.42909738421440125 
vn -0.9032503366470337 0.0037785102613270283 -0.42909738421440125 
vn 0.2026614248752594 0.7066125273704529 0.677958071231842 
vn 0.2026614248752594 0.7066125273704529 0.677958071231842 
vn 0.2026614248752594 0.7066125273704529 0.677958071231842 
vn 0.2026614248752594 0.7066125273704529 0.677958071231842 
vn -0.2033073753118515 0.7064269185066223 -0.677958071231842 
vn -0.2033073753118515 0.7064269185066223 -0.677958071231842 
vn -0.2033073753118515 0.7064269185066223 -0.677958071231842 
vn -0.2033073753118515 0.7064269185066223 -0.677958071231842 
vn 0.8579040765762329 0 0.5138099193572998 
vn 0.8579040765762329 0 0.5138099193572998 
vn 0.8579040765762329 0 0.5138099193572998 
vn 0.8579040765762329 0 0.5138099193572998 
vn 0.5156829357147217 0 -0.8567795157432556 
vn 0.5156829357147217 0 -0.8567795157432556 
vn 0.5156829357147217 0 -0.8567795157432556 
vn 0.5156829357147217 0 -0.8567795157432556 
vn -0.5491381883621216 -0.7050471305847168 -0.4487268626689911 
vn -0.5491381883621216 -0.7050471305847168 -0.4487268626689911 
vn -0.5491381883621216 -0.7050471305847168 -0.4487268626689911 
vn -0.5491381883621216 -0.7050471305847168 -0.4487268626689911 
vn 0.5470201373100281 -0.7066917419433594 0.4487268626689911 
vn 0.5470201373100281 -0.7066917419433594 0.4487268626689911 
vn 0.5470201373100281 -0.7066917419433594 0.4487268626689911 
vn 0.5470201373100281 -0.7066917419433594 0.4487268626689911 
vn -0.1479651927947998 0.003780060913413763 -0.9889853596687317 
vn -0.1479651927947998 0.003780060913413763 -0.9889853596687317 
vn -0.1479651927947998 0.003780060913413763 -0.9889853596687317 
vn -0.1479651927947998 0.003780060913413763 -0.9889853596687317 
vn 0.9893063306808472 0 -0.1458524912595749 
vn 0.9893063306808472 0 -0.1458524912595749 
vn 0.9893063306808472 0 -0.1458524912595749 
vn 0.9893063306808472 0 -0.1458524912595749 
vn -0.5491381883621216 0.7050471305847168 -0.4487268626689911 
vn -0.5491381883621216 0.7050471305847168 -0.4487268626689911 
vn -0.5491381883621216 0.7050471305847168 -0.4487268626689911 
vn -0.5491381883621216 0.7050471305847168 -0.4487268626689911 
vn 0.5470201373100281 0.7066917419433594 0.4487268626689911 
vn 0.5470201373100281 0.7066917419433594 0.4487268626689911 
vn 0.5470201373100281 0.7066917419433594 0.4487268626689911 
vn 0.5470201373100281 0.7066917419433594 0.4487268626689911 
vn -0.9987307190895081 0.003775716060772538 0.05022686347365379 
vn -0.9987307190895081 0.003775716060772538 0.05022686347365379 
vn -0.9987307190895081 0.003775716060772538 0.05022686347365379 
vn -0.9987307190895081 0.003775716060772538 0.05022686347365379 
vn 0.048044804483652115 0 0.9988451600074768 
vn 0.048044804483652115 0 0.9988451600074768 
vn 0.048044804483652115 0 0.9988451600074768 
vn 0.048044804483652115 0 0.9988451600074768 
vn 0.06973651051521301 -0.7044353485107422 -0.7063339352607727 
vn 0.06973651051521301 -0.7044353485107422 -0.7063339352607727 
vn 0.06973651051521301 -0.7044353485107422 -0.7063339352607727 
vn 0.06973651051521301 -0.7044353485107422 -0.7063339352607727 
vn -0.07149393856525421 -0.7042591571807861 0.7063339352607727 
vn -0.07149393856525421 -0.7042591571807861 0.7063339352607727 
vn -0.07149393856525421 -0.7042591571807861 0.7063339352607727 
vn -0.07149393856525421 -0.7042591571807861 0.7063339352607727 
vn 0.7409969568252563 0 -0.6715083718299866 
vn 0.7409969568252563 0 -0.6715083718299866 
vn 0.7409969568252563 0 -0.6715083718299866 
vn 0.7409969568252563 0 -0.6715083718299866 
vn 0.6731256246566772 0 0.7395281791687012 
vn 0.6731256246566772 0 0.7395281791687012 
vn 0.6731256246566772 0 0.7395281791687012 
vn 0.6731256246566772 0 0.7395281791687012 
vn 0.06973651051521301 0.7044353485107422 -0.7063339352607727 
vn 0.06973651051521301 0.7044353485107422 -0.7063339352607727 
vn 0.06973651051521301 0.7044353485107422 -0.7063339352607727 
vn 0.06973651051521301 0.7044353485107422 -0.7063339352607727 
vn -0.07149393856525421 0.7042591571807861 0.7063339352607727 
vn -0.07149393856525421 0.7042591571807861 0.7063339352607727 
vn -0.07149393856525421 0.7042591571807861 0.7063339352607727 
vn -0.07149393856525421 0.7042591571807861 0.7063339352607727 
vn -0.5955227613449097 0.003779626451432705 -0.8033295273780823 
vn -0.5955227613449097 0.003779626451432705 -0.8033295273780823 
vn -0.5955227613449097 0.003779626451432705 -0.8033295273780823 
vn -0.5955227613449097 0.003779626451432705 -0.8033295273780823 
vn -0.8020265698432922 -1.6623379376582564e-13 0.5972883701324463 
vn -0.8020265698432922 -1.6623379376582564e-13 0.5972883701324463 
vn -0.8020265698432922 -1.6623379376582564e-13 0.5972883701324463 
vn -0.8020265698432922 -1.6623379376582564e-13 0.5972883701324463 
vn -0.13892485201358795 0.8747268319129944 0.4642767012119293 
vn -0.13892485201358795 0.8747268319129944 0.4642767012119293 
vn -0.13892485201358795 0.8747268319129944 0.4642767012119293 
vn -0.13892485201358795 0.8747268319129944 0.4642767012119293 
vn -0.2520556151866913 -0.4917837083339691 0.8334367275238037 
vn -0.2520556151866913 -0.4917837083339691 0.8334367275238037 
vn -0.2520556151866913 -0.4917837083339691 0.8334367275238037 
vn -0.2520556151866913 -0.4917837083339691 0.8334367275238037 
vn -0.5926268100738525 0.8054030537605286 -0.010923261754214764 
vn -0.5926268100738525 0.8054030537605286 -0.010923261754214764 
vn -0.5926268100738525 0.8054030537605286 -0.010923261754214764 
vn -0.5926268100738525 0.8054030537605286 -0.010923261754214764 
vn -0.5396807193756104 -0.8140580058097839 -0.21460255980491638 
vn -0.5396807193756104 -0.8140580058097839 -0.21460255980491638 
vn -0.5396807193756104 -0.8140580058097839 -0.21460255980491638 
vn -0.5396807193756104 -0.8140580058097839 -0.21460255980491638 
vn 0.08486656099557877 0.9591958522796631 -0.26970529556274414 
vn 0.08486656099557877 0.9591958522796631 -0.26970529556274414 
vn 0.08486656099557877 0.9591958522796631 -0.26970529556274414 
vn 0.08486656099557877 0.9591958522796631 -0.26970529556274414 
vn 0.27964386343955994 -0.2849869132041931 -0.916832447052002 
vn 0.27964386343955994 -0.2849869132041931 -0.916832447052002 
vn 0.27964386343955994 -0.2849869132041931 -0.916832447052002 
vn 0.27964386343955994 -0.2849869132041931 -0.916832447052002 
vn 0.5028367042541504 0.8030457496643066 0.3198012113571167 
vn 0.5028367042541504 0.8030457496643066 0.3198012113571167 
vn 0.5028367042541504 0.8030457496643066 0.3198012113571167 
vn 0.5028367042541504 0.8030457496643066 0.3198012113571167 
vn 0.5706430077552795 -0.8124025464057922 0.11986933648586273 
vn 0.5706430077552795 -0.8124025464057922 0.11986933648586273 
vn 0.5706430077552795 -0.8124025464057922 0.11986933648586273 
vn 0.5706430077552795 -0.8124025464057922 0.11986933648586273 
vn 0.37459564208984375 0.8747636675834656 -0.30735430121421814 
vn 0.37459564208984375 0.8747636675834656 -0.30735430121421814 
vn 0.37459564208984375 0.8747636675834656 -0.30735430121421814 
vn 0.37459564208984375 0.8747636675834656 -0.30735430121421814 
vn 0.6741733551025391 -0.487947553396225 -0.5544344186782837 
vn 0.6741733551025391 -0.487947553396225 -0.5544344186782837 
vn 0.6741733551025391 -0.487947553396225 -0.5544344186782837 
vn 0.6741733551025391 -0.487947553396225 -0.5544344186782837 
vn 0.48637640476226807 0.8047050833702087 0.34042292833328247 
vn 0.48637640476226807 0.8047050833702087 0.34042292833328247 
vn 0.48637640476226807 0.8047050833702087 0.34042292833328247 
vn 0.48637640476226807 0.8047050833702087 0.34042292833328247 
vn 0.3292389512062073 -0.8133291602134705 0.4796847105026245 
vn 0.3292389512062073 -0.8133291602134705 0.4796847105026245 
vn 0.3292389512062073 -0.8133291602134705 0.4796847105026245 
vn 0.3292389512062073 -0.8133291602134705 0.4796847105026245 
vn -0.21904589235782623 0.9597027897834778 0.1760382205247879 
vn -0.21904589235782623 0.9597027897834778 0.1760382205247879 
vn -0.21904589235782623 0.9597027897834778 0.1760382205247879 
vn -0.21904589235782623 0.9597027897834778 0.1760382205247879 
vn -0.7403424978256226 -0.2872856855392456 0.607749879360199 
vn -0.7403424978256226 -0.2872856855392456 0.607749879360199 
vn -0.7403424978256226 -0.2872856855392456 0.607749879360199 
vn -0.7403424978256226 -0.2872856855392456 0.607749879360199 
vn -0.24208950996398926 0.8037562966346741 -0.5434780716896057 
vn -0.24208950996398926 0.8037562966346741 -0.5434780716896057 
vn -0.24208950996398926 0.8037562966346741 -0.5434780716896057 
vn -0.24208950996398926 0.8037562966346741 -0.5434780716896057 
vn -0.4078710079193115 -0.8121379613876343 -0.417220801115036 
vn -0.4078710079193115 -0.8121379613876343 -0.417220801115036 
vn -0.4078710079193115 -0.8121379613876343 -0.417220801115036 
vn -0.4078710079193115 -0.8121379613876343 -0.417220801115036 
vn -0.04530860856175423 0.8741632103919983 -0.4835140109062195 
vn -0.04530860856175423 0.8741632103919983 -0.4835140109062195 
vn -0.04530860856175423 0.8741632103919983 -0.4835140109062195 
vn -0.04530860856175423 0.8741632103919983 -0.4835140109062195 
vn -0.08834291994571686 -0.4889262318611145 -0.8678402304649353 
vn -0.08834291994571686 -0.4889262318611145 -0.8678402304649353 
vn -0.08834291994571686 -0.4889262318611145 -0.8678402304649353 
vn -0.08834291994571686 -0.4889262318611145 -0.8678402304649353 
vn 0.5553074479103088 0.8034795522689819 -0.21460255980491638 
vn 0.5553074479103088 0.8034795522689819 -0.21460255980491638 
vn 0.5553074479103088 0.8034795522689819 -0.21460255980491638 
vn 0.5553074479103088 0.8034795522689819 -0.21460255980491638 
vn 0.5804172158241272 -0.8142929077148438 -0.006554040592163801 
vn 0.5804172158241272 -0.8142929077148438 -0.006554040592163801 
vn 0.5804172158241272 -0.8142929077148438 -0.006554040592163801 
vn 0.5804172158241272 -0.8142929077148438 -0.006554040592163801 
vn 0.030171582475304604 0.960075318813324 0.2781098484992981 
vn 0.030171582475304604 0.960075318813324 0.2781098484992981 
vn 0.030171582475304604 0.960075318813324 0.2781098484992981 
vn 0.030171582475304604 0.960075318813324 0.2781098484992981 
vn 0.09604214131832123 -0.28098064661026 0.9548956751823425 
vn 0.09604214131832123 -0.28098064661026 0.9548956751823425 
vn 0.09604214131832123 -0.28098064661026 0.9548956751823425 
vn 0.09604214131832123 -0.28098064661026 0.9548956751823425 
vn -0.5859100818634033 0.8038675785064697 -0.10250037163496017 
vn -0.5859100818634033 0.8038675785064697 -0.10250037163496017 
vn -0.5859100818634033 0.8038675785064697 -0.10250037163496017 
vn -0.5859100818634033 0.8038675785064697 -0.10250037163496017 
vn -0.5733791589736938 -0.8122932314872742 0.10684575140476227 
vn -0.5733791589736938 -0.8122932314872742 0.10684575140476227 
vn -0.5733791589736938 -0.8122932314872742 0.10684575140476227 
vn -0.5733791589736938 -0.8122932314872742 0.10684575140476227 
vn -0.23134958744049072 0.8731281757354736 0.42909738421440125 
vn -0.23134958744049072 0.8731281757354736 0.42909738421440125 
vn -0.23134958744049072 0.8731281757354736 0.42909738421440125 
vn -0.23134958744049072 0.8731281757354736 0.42909738421440125 
vn -0.4124610424041748 -0.4895988404750824 0.7682244777679443 
vn -0.4124610424041748 -0.4895988404750824 0.7682244777679443 
vn -0.4124610424041748 -0.4895988404750824 0.7682244777679443 
vn -0.4124610424041748 -0.4895988404750824 0.7682244777679443 
vn -0.5783169269561768 0.8056220412254333 -0.12854042649269104 
vn -0.5783169269561768 0.8056220412254333 -0.12854042649269104 
vn -0.5783169269561768 0.8056220412254333 -0.12854042649269104 
vn -0.5783169269561768 0.8056220412254333 -0.12854042649269104 
vn -0.48746368288993835 -0.8140878677368164 -0.31565824151039124 
vn -0.48746368288993835 -0.8140878677368164 -0.31565824151039124 
vn -0.48746368288993835 -0.8140878677368164 -0.31565824151039124 
vn -0.48746368288993835 -0.8140878677368164 -0.31565824151039124 
vn 0.13172906637191772 0.9596055746078491 -0.24860523641109467 
vn 0.13172906637191772 0.9596055746078491 -0.24860523641109467 
vn 0.13172906637191772 0.9596055746078491 -0.24860523641109467 
vn 0.13172906637191772 0.9596055746078491 -0.24860523641109467 
vn 0.45094239711761475 -0.2865349352359772 -0.8453097939491272 
vn 0.45094239711761475 -0.2865349352359772 -0.8453097939491272 
vn 0.45094239711761475 -0.2865349352359772 -0.8453097939491272 
vn 0.45094239711761475 -0.2865349352359772 -0.8453097939491272 
vn 0.4311341643333435 0.8020917177200317 0.41324591636657715 
vn 0.4311341643333435 0.8020917177200317 0.41324591636657715 
vn 0.4311341643333435 0.8020917177200317 0.41324591636657715 
vn 0.4311341643333435 0.8020917177200317 0.41324591636657715 
vn 0.5314069986343384 -0.8148311972618103 0.23163928091526031 
vn 0.5314069986343384 -0.8148311972618103 0.23163928091526031 
vn 0.5314069986343384 -0.8148311972618103 0.23163928091526031 
vn 0.5314069986343384 -0.8148311972618103 0.23163928091526031 
vn 0.4268878400325775 0.8752497434616089 -0.22738653421401978 
vn 0.4268878400325775 0.8752497434616089 -0.22738653421401978 
vn 0.4268878400325775 0.8752497434616089 -0.22738653421401978 
vn 0.4268878400325775 0.8752497434616089 -0.22738653421401978 
vn 0.7716307640075684 -0.486918568611145 -0.40926313400268555 
vn 0.7716307640075684 -0.486918568611145 -0.40926313400268555 
vn 0.7716307640075684 -0.486918568611145 -0.40926313400268555 
vn 0.7716307640075684 -0.486918568611145 -0.40926313400268555 
vn 0.41410014033317566 0.802743136882782 0.42909738421440125 
vn 0.41410014033317566 0.802743136882782 0.42909738421440125 
vn 0.41410014033317566 0.802743136882782 0.42909738421440125 
vn 0.41410014033317566 0.802743136882782 0.42909738421440125 
vn 0.23271575570106506 -0.8138570785522461 0.5324283838272095 
vn 0.23271575570106506 -0.8138570785522461 0.5324283838272095 
vn 0.23271575570106506 -0.8138570785522461 0.5324283838272095 
vn 0.23271575570106506 -0.8138570785522461 0.5324283838272095 
vn -0.2446565181016922 0.9604624509811401 0.1328723281621933 
vn -0.2446565181016922 0.9604624509811401 0.1328723281621933 
vn -0.2446565181016922 0.9604624509811401 0.1328723281621933 
vn -0.2446565181016922 0.9604624509811401 0.1328723281621933 
vn -0.8448559045791626 -0.2852138876914978 0.45262736082077026 
vn -0.8448559045791626 -0.2852138876914978 0.45262736082077026 
vn -0.8448559045791626 -0.2852138876914978 0.45262736082077026 
vn -0.8448559045791626 -0.2852138876914978 0.45262736082077026 
vn -0.13157643377780914 0.8041902780532837 -0.5796254277229309 
vn -0.13157643377780914 0.8041902780532837 -0.5796254277229309 
vn -0.13157643377780914 0.8041902780532837 -0.5796254277229309 
vn -0.13157643377780914 0.8041902780532837 -0.5796254277229309 
vn -0.3139905333518982 -0.8148100972175598 -0.48733407258987427 
vn -0.3139905333518982 -0.8148100972175598 -0.48733407258987427 
vn -0.3139905333518982 -0.8148100972175598 -0.48733407258987427 
vn -0.3139905333518982 -0.8148100972175598 -0.48733407258987427 
vn -0.3055102229118347 0.8743222951889038 0.37712597846984863 
vn -0.3055102229118347 0.8743222951889038 0.37712597846984863 
vn -0.3055102229118347 0.8743222951889038 0.37712597846984863 
vn -0.3055102229118347 0.8743222951889038 0.37712597846984863 
vn -0.5547443628311157 -0.48681116104125977 0.67473965883255 
vn -0.5547443628311157 -0.48681116104125977 0.67473965883255 
vn -0.5547443628311157 -0.48681116104125977 0.67473965883255 
vn -0.5547443628311157 -0.48681116104125977 0.67473965883255 
vn -0.547134518623352 0.8018608093261719 -0.2401314377784729 
vn -0.547134518623352 0.8018608093261719 -0.2401314377784729 
vn -0.547134518623352 0.8018608093261719 -0.2401314377784729 
vn -0.547134518623352 0.8018608093261719 -0.2401314377784729 
vn -0.4195694029331207 -0.8122288584709167 -0.405272513628006 
vn -0.4195694029331207 -0.8122288584709167 -0.405272513628006 
vn -0.4195694029331207 -0.8122288584709167 -0.405272513628006 
vn -0.4195694029331207 -0.8122288584709167 -0.405272513628006 
vn 0.1745559275150299 0.9609765410423279 -0.21460255980491638 
vn 0.1745559275150299 0.9609765410423279 -0.21460255980491638 
vn 0.1745559275150299 0.9609765410423279 -0.21460255980491638 
vn 0.1745559275150299 0.9609765410423279 -0.21460255980491638 
vn 0.6061004996299744 -0.28529277443885803 -0.7424622178077698 
vn 0.6061004996299744 -0.28529277443885803 -0.7424622178077698 
vn 0.6061004996299744 -0.28529277443885803 -0.7424622178077698 
vn 0.6061004996299744 -0.28529277443885803 -0.7424622178077698 
vn 0.34329473972320557 0.8029036521911621 0.48733407258987427 
vn 0.34329473972320557 0.8029036521911621 0.48733407258987427 
vn 0.34329473972320557 0.8029036521911621 0.48733407258987427 
vn 0.34329473972320557 0.8029036521911621 0.48733407258987427 
vn 0.4770435392856598 -0.8136812448501587 0.33219319581985474 
vn 0.4770435392856598 -0.8136812448501587 0.33219319581985474 
vn 0.4770435392856598 -0.8136812448501587 0.33219319581985474 
vn 0.4770435392856598 -0.8136812448501587 0.33219319581985474 
vn 0.4641534090042114 0.8743748068809509 -0.1415284425020218 
vn 0.4641534090042114 0.8743748068809509 -0.1415284425020218 
vn 0.4641534090042114 0.8743748068809509 -0.1415284425020218 
vn 0.4641534090042114 0.8743748068809509 -0.1415284425020218 
vn 0.8344051241874695 -0.4897371530532837 -0.25283506512641907 
vn 0.8344051241874695 -0.4897371530532837 -0.25283506512641907 
vn 0.8344051241874695 -0.4897371530532837 -0.25283506512641907 
vn 0.8344051241874695 -0.4897371530532837 -0.25283506512641907 
vn 0.3168642222881317 0.8044067025184631 0.5025205612182617 
vn 0.3168642222881317 0.8044067025184631 0.5025205612182617 
vn 0.3168642222881317 0.8044067025184631 0.5025205612182617 
vn 0.3168642222881317 0.8044067025184631 0.5025205612182617 
vn 0.12212992459535599 -0.8132917881011963 0.5688942670822144 
vn 0.12212992459535599 -0.8132917881011963 0.5688942670822144 
vn 0.12212992459535599 -0.8132917881011963 0.5688942670822144 
vn 0.12212992459535599 -0.8132917881011963 0.5688942670822144 
vn -0.26464858651161194 0.9609584808349609 0.08074574917554855 
vn -0.26464858651161194 0.9609584808349609 0.08074574917554855 
vn -0.26464858651161194 0.9609584808349609 0.08074574917554855 
vn -0.26464858651161194 0.9609584808349609 0.08074574917554855 
vn -0.9180862903594971 -0.2824402153491974 0.2781098484992981 
vn -0.9180862903594971 -0.2824402153491974 0.2781098484992981 
vn -0.9180862903594971 -0.2824402153491974 0.2781098484992981 
vn -0.9180862903594971 -0.2824402153491974 0.2781098484992981 
vn -0.013224149122834206 0.8045200109481812 -0.5937783122062683 
vn -0.013224149122834206 0.8045200109481812 -0.5937783122062683 
vn -0.013224149122834206 0.8045200109481812 -0.5937783122062683 
vn -0.013224149122834206 0.8045200109481812 -0.5937783122062683 
vn -0.21665462851524353 -0.8134317398071289 -0.5398051738739014 
vn -0.21665462851524353 -0.8134317398071289 -0.5398051738739014 
vn -0.21665462851524353 -0.8134317398071289 -0.5398051738739014 
vn -0.21665462851524353 -0.8134317398071289 -0.5398051738739014 
vn -0.37459564208984375 0.8747636675834656 0.30735430121421814 
vn -0.37459564208984375 0.8747636675834656 0.30735430121421814 
vn -0.37459564208984375 0.8747636675834656 0.30735430121421814 
vn -0.37459564208984375 0.8747636675834656 0.30735430121421814 
vn -0.672398030757904 -0.4903911054134369 0.5544344186782837 
vn -0.672398030757904 -0.4903911054134369 0.5544344186782837 
vn -0.672398030757904 -0.4903911054134369 0.5544344186782837 
vn -0.672398030757904 -0.4903911054134369 0.5544344186782837 
vn -0.48531901836395264 0.8053432106971741 -0.34042292833328247 
vn -0.48531901836395264 0.8053432106971741 -0.34042292833328247 
vn -0.48531901836395264 0.8053432106971741 -0.34042292833328247 
vn -0.48531901836395264 0.8053432106971741 -0.34042292833328247 
vn -0.3279169797897339 -0.8138630390167236 -0.4796847105026245 
vn -0.3279169797897339 -0.8138630390167236 -0.4796847105026245 
vn -0.3279169797897339 -0.8138630390167236 -0.4796847105026245 
vn -0.3279169797897339 -0.8138630390167236 -0.4796847105026245 
vn 0.21536298096179962 0.9605359435081482 -0.1760382205247879 
vn 0.21536298096179962 0.9605359435081482 -0.1760382205247879 
vn 0.21536298096179962 0.9605359435081482 -0.1760382205247879 
vn 0.21536298096179962 0.9605359435081482 -0.1760382205247879 
vn 0.7427290678024292 -0.28105801343917847 -0.607749879360199 
vn 0.7427290678024292 -0.28105801343917847 -0.607749879360199 
vn 0.7427290678024292 -0.28105801343917847 -0.607749879360199 
vn 0.7427290678024292 -0.28105801343917847 -0.607749879360199 
vn 0.2363283485174179 0.8054690957069397 0.5434780716896057 
vn 0.2363283485174179 0.8054690957069397 0.5434780716896057 
vn 0.2363283485174179 0.8054690957069397 0.5434780716896057 
vn 0.2363283485174179 0.8054690957069397 0.5434780716896057 
vn 0.40230655670166016 -0.8149087429046631 0.417220801115036 
vn 0.40230655670166016 -0.8149087429046631 0.417220801115036 
vn 0.40230655670166016 -0.8149087429046631 0.417220801115036 
vn 0.40230655670166016 -0.8149087429046631 0.417220801115036 
vn 0.48303282260894775 0.8744003176689148 -0.04586252197623253 
vn 0.48303282260894775 0.8744003176689148 -0.04586252197623253 
vn 0.48303282260894775 0.8744003176689148 -0.04586252197623253 
vn 0.48303282260894775 0.8744003176689148 -0.04586252197623253 
vn 0.866945207118988 -0.491084486246109 -0.08510008454322815 
vn 0.866945207118988 -0.491084486246109 -0.08510008454322815 
vn 0.866945207118988 -0.491084486246109 -0.08510008454322815 
vn 0.866945207118988 -0.491084486246109 -0.08510008454322815 
vn 0.21812820434570312 0.803132951259613 0.5544344186782837 
vn 0.21812820434570312 0.803132951259613 0.5544344186782837 
vn 0.21812820434570312 0.803132951259613 0.5544344186782837 
vn 0.21812820434570312 0.803132951259613 0.5544344186782837 
vn 0.009423901326954365 -0.8122879862785339 0.5831804275512695 
vn 0.009423901326954365 -0.8122879862785339 0.5831804275512695 
vn 0.009423901326954365 -0.8122879862785339 0.5831804275512695 
vn 0.009423901326954365 -0.8122879862785339 0.5831804275512695 
vn -0.27568745613098145 0.9608277678489685 0.028397228568792343 
vn -0.27568745613098145 0.9608277678489685 0.028397228568792343 
vn -0.27568745613098145 0.9608277678489685 0.028397228568792343 
vn -0.27568745613098145 0.9608277678489685 0.028397228568792343 
vn -0.9535045623779297 -0.2864086329936981 0.09380380809307098 
vn -0.9535045623779297 -0.2864086329936981 0.09380380809307098 
vn -0.9535045623779297 -0.2864086329936981 0.09380380809307098 
vn -0.9535045623779297 -0.2864086329936981 0.09380380809307098 
vn 0.10164298117160797 0.8033824563026428 -0.5867242813110352 
vn 0.10164298117160797 0.8033824563026428 -0.5867242813110352 
vn 0.10164298117160797 0.8033824563026428 -0.5867242813110352 
vn 0.10164298117160797 0.8033824563026428 -0.5867242813110352 
vn -0.10171358287334442 -0.8135836720466614 -0.5724822878837585 
vn -0.10171358287334442 -0.8135836720466614 -0.5724822878837585 
vn -0.10171358287334442 -0.8135836720466614 -0.5724822878837585 
vn -0.10171358287334442 -0.8135836720466614 -0.5724822878837585 
vn -0.4314779043197632 0.8729960918426514 0.22738653421401978 
vn -0.4314779043197632 0.8729960918426514 0.22738653421401978 
vn -0.4314779043197632 0.8729960918426514 0.22738653421401978 
vn -0.4314779043197632 0.8729960918426514 0.22738653421401978 
vn -0.7679440379142761 -0.49271252751350403 0.40926313400268555 
vn -0.7679440379142761 -0.49271252751350403 0.40926313400268555 
vn -0.7679440379142761 -0.49271252751350403 0.40926313400268555 
vn -0.7679440379142761 -0.49271252751350403 0.40926313400268555 
vn -0.4095655679702759 0.8050661087036133 -0.42909738421440125 
vn -0.4095655679702759 0.8050661087036133 -0.42909738421440125 
vn -0.4095655679702759 0.8050661087036133 -0.42909738421440125 
vn -0.4095655679702759 0.8050661087036133 -0.42909738421440125 
vn -0.23122142255306244 -0.8142828941345215 -0.5324283838272095 
vn -0.23122142255306244 -0.8142828941345215 -0.5324283838272095 
vn -0.23122142255306244 -0.8142828941345215 -0.5324283838272095 
vn -0.23122142255306244 -0.8142828941345215 -0.5324283838272095 
vn 0.24831217527389526 0.9595238566398621 -0.1328723281621933 
vn 0.24831217527389526 0.9595238566398621 -0.1328723281621933 
vn 0.24831217527389526 0.9595238566398621 -0.1328723281621933 
vn 0.24831217527389526 0.9595238566398621 -0.1328723281621933 
vn 0.8459322452545166 -0.2820054590702057 -0.45262736082077026 
vn 0.8459322452545166 -0.2820054590702057 -0.45262736082077026 
vn 0.8459322452545166 -0.2820054590702057 -0.45262736082077026 
vn 0.8459322452545166 -0.2820054590702057 -0.45262736082077026 
vn 0.1257997751235962 0.8051141500473022 0.5796254277229309 
vn 0.1257997751235962 0.8051141500473022 0.5796254277229309 
vn 0.1257997751235962 0.8051141500473022 0.5796254277229309 
vn 0.1257997751235962 0.8051141500473022 0.5796254277229309 
vn 0.3153383731842041 -0.814289391040802 0.48733407258987427 
vn 0.3153383731842041 -0.814289391040802 0.48733407258987427 
vn 0.3153383731842041 -0.814289391040802 0.48733407258987427 
vn 0.3153383731842041 -0.814289391040802 0.48733407258987427 
vn 0.48303282260894775 0.8744003176689148 0.04586252197623253 
vn 0.48303282260894775 0.8744003176689148 0.04586252197623253 
vn 0.48303282260894775 0.8744003176689148 0.04586252197623253 
vn 0.48303282260894775 0.8744003176689148 0.04586252197623253 
vn 0.866945207118988 -0.491084486246109 0.08510008454322815 
vn 0.866945207118988 -0.491084486246109 0.08510008454322815 
vn 0.866945207118988 -0.491084486246109 0.08510008454322815 
vn 0.866945207118988 -0.491084486246109 0.08510008454322815 
vn 0.10336251556873322 0.8031629920005798 0.5867242813110352 
vn 0.10336251556873322 0.8031629920005798 0.5867242813110352 
vn 0.10336251556873322 0.8031629920005798 0.5867242813110352 
vn 0.10336251556873322 0.8031629920005798 0.5867242813110352 
vn -0.10717645287513733 -0.8128820657730103 0.5724822878837585 
vn -0.10717645287513733 -0.8128820657730103 0.5724822878837585 
vn -0.10717645287513733 -0.8128820657730103 0.5724822878837585 
vn -0.10717645287513733 -0.8128820657730103 0.5724822878837585 
vn -0.27568745613098145 0.9608277678489685 -0.028397228568792343 
vn -0.27568745613098145 0.9608277678489685 -0.028397228568792343 
vn -0.27568745613098145 0.9608277678489685 -0.028397228568792343 
vn -0.27568745613098145 0.9608277678489685 -0.028397228568792343 
vn -0.9535045623779297 -0.2864086329936981 -0.09380380809307098 
vn -0.9535045623779297 -0.2864086329936981 -0.09380380809307098 
vn -0.9535045623779297 -0.2864086329936981 -0.09380380809307098 
vn -0.9535045623779297 -0.2864086329936981 -0.09380380809307098 
vn 0.2166125476360321 0.8035430908203125 -0.5544344186782837 
vn 0.2166125476360321 0.8035430908203125 -0.5544344186782837 
vn 0.2166125476360321 0.8035430908203125 -0.5544344186782837 
vn 0.2166125476360321 0.8035430908203125 -0.5544344186782837 
vn 0.007550334557890892 -0.812307596206665 -0.5831804275512695 
vn 0.007550334557890892 -0.812307596206665 -0.5831804275512695 
vn 0.007550334557890892 -0.812307596206665 -0.5831804275512695 
vn 0.007550334557890892 -0.812307596206665 -0.5831804275512695 
vn -0.4641534090042114 0.8743748068809509 0.1415284425020218 
vn -0.4641534090042114 0.8743748068809509 0.1415284425020218 
vn -0.4641534090042114 0.8743748068809509 0.1415284425020218 
vn -0.4641534090042114 0.8743748068809509 0.1415284425020218 
vn -0.8363100290298462 -0.4864770770072937 0.25283506512641907 
vn -0.8363100290298462 -0.4864770770072937 0.25283506512641907 
vn -0.8363100290298462 -0.4864770770072937 0.25283506512641907 
vn -0.8363100290298462 -0.4864770770072937 0.25283506512641907 
vn -0.3190402686595917 0.803546130657196 -0.5025205612182617 
vn -0.3190402686595917 0.803546130657196 -0.5025205612182617 
vn -0.3190402686595917 0.803546130657196 -0.5025205612182617 
vn -0.3190402686595917 0.803546130657196 -0.5025205612182617 
vn -0.12043917179107666 -0.8135439157485962 -0.5688942670822144 
vn -0.12043917179107666 -0.8135439157485962 -0.5688942670822144 
vn -0.12043917179107666 -0.8135439157485962 -0.5688942670822144 
vn -0.12043917179107666 -0.8135439157485962 -0.5688942670822144 
vn 0.2704177796840668 0.9593510031700134 -0.08074574917554855 
vn 0.2704177796840668 0.9593510031700134 -0.08074574917554855 
vn 0.2704177796840668 0.9593510031700134 -0.08074574917554855 
vn 0.2704177796840668 0.9593510031700134 -0.08074574917554855 
vn 0.9179807305335999 -0.2827831208705902 -0.2781098484992981 
vn 0.9179807305335999 -0.2827831208705902 -0.2781098484992981 
vn 0.9179807305335999 -0.2827831208705902 -0.2781098484992981 
vn 0.9179807305335999 -0.2827831208705902 -0.2781098484992981 
vn 0.011318203993141651 0.8045490384101868 0.5937783122062683 
vn 0.011318203993141651 0.8045490384101868 0.5937783122062683 
vn 0.011318203993141651 0.8045490384101868 0.5937783122062683 
vn 0.011318203993141651 0.8045490384101868 0.5937783122062683 
vn 0.21817493438720703 -0.8130252957344055 0.5398051738739014 
vn 0.21817493438720703 -0.8130252957344055 0.5398051738739014 
vn 0.21817493438720703 -0.8130252957344055 0.5398051738739014 
vn 0.21817493438720703 -0.8130252957344055 0.5398051738739014 
vn 0.4641534090042114 0.8743748068809509 0.1415284425020218 
vn 0.4641534090042114 0.8743748068809509 0.1415284425020218 
vn 0.4641534090042114 0.8743748068809509 0.1415284425020218 
vn 0.4641534090042114 0.8743748068809509 0.1415284425020218 
vn 0.8344051241874695 -0.4897371530532837 0.25283506512641907 
vn 0.8344051241874695 -0.4897371530532837 0.25283506512641907 
vn 0.8344051241874695 -0.4897371530532837 0.25283506512641907 
vn 0.8344051241874695 -0.4897371530532837 0.25283506512641907 
vn -0.011318203993141651 0.8045490384101868 0.5937783122062683 
vn -0.011318203993141651 0.8045490384101868 0.5937783122062683 
vn -0.011318203993141651 0.8045490384101868 0.5937783122062683 
vn -0.011318203993141651 0.8045490384101868 0.5937783122062683 
vn -0.2145291119813919 -0.8139948844909668 0.5398051738739014 
vn -0.2145291119813919 -0.8139948844909668 0.5398051738739014 
vn -0.2145291119813919 -0.8139948844909668 0.5398051738739014 
vn -0.2145291119813919 -0.8139948844909668 0.5398051738739014 
vn -0.266780287027359 0.9603688716888428 -0.08074574917554855 
vn -0.266780287027359 0.9603688716888428 -0.08074574917554855 
vn -0.266780287027359 0.9603688716888428 -0.08074574917554855 
vn -0.266780287027359 0.9603688716888428 -0.08074574917554855 
vn -0.9168617725372314 -0.28639036417007446 -0.2781098484992981 
vn -0.9168617725372314 -0.28639036417007446 -0.2781098484992981 
vn -0.9168617725372314 -0.28639036417007446 -0.2781098484992981 
vn -0.9168617725372314 -0.28639036417007446 -0.2781098484992981 
vn 0.3225482106208801 0.802144467830658 -0.5025205612182617 
vn 0.3225482106208801 0.802144467830658 -0.5025205612182617 
vn 0.3225482106208801 0.802144467830658 -0.5025205612182617 
vn 0.3225482106208801 0.802144467830658 -0.5025205612182617 
vn 0.12043917179107666 -0.8135439157485962 -0.5688942670822144 
vn 0.12043917179107666 -0.8135439157485962 -0.5688942670822144 
vn 0.12043917179107666 -0.8135439157485962 -0.5688942670822144 
vn 0.12043917179107666 -0.8135439157485962 -0.5688942670822144 
vn -0.48633503913879395 0.8725679516792297 0.04586252197623253 
vn -0.48633503913879395 0.8725679516792297 0.04586252197623253 
vn -0.48633503913879395 0.8725679516792297 0.04586252197623253 
vn -0.48633503913879395 0.8725679516792297 0.04586252197623253 
vn -0.8687999844551086 -0.4877955913543701 0.08510008454322815 
vn -0.8687999844551086 -0.4877955913543701 0.08510008454322815 
vn -0.8687999844551086 -0.4877955913543701 0.08510008454322815 
vn -0.8687999844551086 -0.4877955913543701 0.08510008454322815 
vn -0.2166125476360321 0.8035430908203125 -0.5544344186782837 
vn -0.2166125476360321 0.8035430908203125 -0.5544344186782837 
vn -0.2166125476360321 0.8035430908203125 -0.5544344186782837 
vn -0.2166125476360321 0.8035430908203125 -0.5544344186782837 
vn -0.007550334557890892 -0.812307596206665 -0.5831804275512695 
vn -0.007550334557890892 -0.812307596206665 -0.5831804275512695 
vn -0.007550334557890892 -0.812307596206665 -0.5831804275512695 
vn -0.007550334557890892 -0.812307596206665 -0.5831804275512695 
vn 0.27568745613098145 0.9608277678489685 -0.028397228568792343 
vn 0.27568745613098145 0.9608277678489685 -0.028397228568792343 
vn 0.27568745613098145 0.9608277678489685 -0.028397228568792343 
vn 0.27568745613098145 0.9608277678489685 -0.028397228568792343 
vn 0.9545831084251404 -0.28279319405555725 -0.09380380809307098 
vn 0.9545831084251404 -0.28279319405555725 -0.09380380809307098 
vn 0.9545831084251404 -0.28279319405555725 -0.09380380809307098 
vn 0.9545831084251404 -0.28279319405555725 -0.09380380809307098 
vn -0.10709947347640991 0.8026732206344604 0.5867242813110352 
vn -0.10709947347640991 0.8026732206344604 0.5867242813110352 
vn -0.10709947347640991 0.8026732206344604 0.5867242813110352 
vn -0.10709947347640991 0.8026732206344604 0.5867242813110352 
vn 0.10343632102012634 -0.8133664131164551 0.5724822878837585 
vn 0.10343632102012634 -0.8133664131164551 0.5724822878837585 
vn 0.10343632102012634 -0.8133664131164551 0.5724822878837585 
vn 0.10343632102012634 -0.8133664131164551 0.5724822878837585 
vn 0.42809292674064636 0.8746609687805176 0.22738653421401978 
vn 0.42809292674064636 0.8746609687805176 0.22738653421401978 
vn 0.42809292674064636 0.8746609687805176 0.22738653421401978 
vn 0.42809292674064636 0.8746609687805176 0.22738653421401978 
vn 0.7679440379142761 -0.49271252751350403 0.40926313400268555 
vn 0.7679440379142761 -0.49271252751350403 0.40926313400268555 
vn 0.7679440379142761 -0.49271252751350403 0.40926313400268555 
vn 0.7679440379142761 -0.49271252751350403 0.40926313400268555 
vn -0.12952351570129395 0.8045234680175781 0.5796254277229309 
vn -0.12952351570129395 0.8045234680175781 0.5796254277229309 
vn -0.12952351570129395 0.8045234680175781 0.5796254277229309 
vn -0.12952351570129395 0.8045234680175781 0.5796254277229309 
vn -0.3188542127609253 -0.8129191398620605 0.48733407258987427 
vn -0.3188542127609253 -0.8129191398620605 0.48733407258987427 
vn -0.3188542127609253 -0.8129191398620605 0.48733407258987427 
vn -0.3188542127609253 -0.8129191398620605 0.48733407258987427 
vn -0.2446565181016922 0.9604624509811401 -0.1328723281621933 
vn -0.2446565181016922 0.9604624509811401 -0.1328723281621933 
vn -0.2446565181016922 0.9604624509811401 -0.1328723281621933 
vn -0.2446565181016922 0.9604624509811401 -0.1328723281621933 
vn -0.8459322452545166 -0.2820054590702057 -0.45262736082077026 
vn -0.8459322452545166 -0.2820054590702057 -0.45262736082077026 
vn -0.8459322452545166 -0.2820054590702057 -0.45262736082077026 
vn -0.8459322452545166 -0.2820054590702057 -0.45262736082077026 
vn 0.4129297435283661 0.803345799446106 -0.42909738421440125 
vn 0.4129297435283661 0.803345799446106 -0.42909738421440125 
vn 0.4129297435283661 0.803345799446106 -0.42909738421440125 
vn 0.4129297435283661 0.803345799446106 -0.42909738421440125 
vn 0.23122142255306244 -0.8142828941345215 -0.5324283838272095 
vn 0.23122142255306244 -0.8142828941345215 -0.5324283838272095 
vn 0.23122142255306244 -0.8142828941345215 -0.5324283838272095 
vn 0.23122142255306244 -0.8142828941345215 -0.5324283838272095 
vn -0.48633503913879395 0.8725679516792297 -0.04586252197623253 
vn -0.48633503913879395 0.8725679516792297 -0.04586252197623253 
vn -0.48633503913879395 0.8725679516792297 -0.04586252197623253 
vn -0.48633503913879395 0.8725679516792297 -0.04586252197623253 
vn -0.8687999844551086 -0.4877955913543701 -0.08510008454322815 
vn -0.8687999844551086 -0.4877955913543701 -0.08510008454322815 
vn -0.8687999844551086 -0.4877955913543701 -0.08510008454322815 
vn -0.8687999844551086 -0.4877955913543701 -0.08510008454322815 
vn -0.10164298117160797 0.8033824563026428 -0.5867242813110352 
vn -0.10164298117160797 0.8033824563026428 -0.5867242813110352 
vn -0.10164298117160797 0.8033824563026428 -0.5867242813110352 
vn -0.10164298117160797 0.8033824563026428 -0.5867242813110352 
vn 0.10171358287334442 -0.8135836720466614 -0.5724822878837585 
vn 0.10171358287334442 -0.8135836720466614 -0.5724822878837585 
vn 0.10171358287334442 -0.8135836720466614 -0.5724822878837585 
vn 0.10171358287334442 -0.8135836720466614 -0.5724822878837585 
vn 0.27568745613098145 0.9608277678489685 0.028397228568792343 
vn 0.27568745613098145 0.9608277678489685 0.028397228568792343 
vn 0.27568745613098145 0.9608277678489685 0.028397228568792343 
vn 0.27568745613098145 0.9608277678489685 0.028397228568792343 
vn 0.9545831084251404 -0.28279319405555725 0.09380380809307098 
vn 0.9545831084251404 -0.28279319405555725 0.09380380809307098 
vn 0.9545831084251404 -0.28279319405555725 0.09380380809307098 
vn 0.9545831084251404 -0.28279319405555725 0.09380380809307098 
vn -0.21448512375354767 0.8041135668754578 0.5544344186782837 
vn -0.21448512375354767 0.8041135668754578 0.5544344186782837 
vn -0.21448512375354767 0.8041135668754578 0.5544344186782837 
vn -0.21448512375354767 0.8041135668754578 0.5544344186782837 
vn -0.005654422100633383 -0.8123229742050171 0.5831804275512695 
vn -0.005654422100633383 -0.8123229742050171 0.5831804275512695 
vn -0.005654422100633383 -0.8123229742050171 0.5831804275512695 
vn -0.005654422100633383 -0.8123229742050171 0.5831804275512695 
vn 0.37459564208984375 0.8747636675834656 0.30735430121421814 
vn 0.37459564208984375 0.8747636675834656 0.30735430121421814 
vn 0.37459564208984375 0.8747636675834656 0.30735430121421814 
vn 0.37459564208984375 0.8747636675834656 0.30735430121421814 
vn 0.6746141910552979 -0.4873378574848175 0.5544344186782837 
vn 0.6746141910552979 -0.4873378574848175 0.5544344186782837 
vn 0.6746141910552979 -0.4873378574848175 0.5544344186782837 
vn 0.6746141910552979 -0.4873378574848175 0.5544344186782837 
vn -0.23994605243206024 0.8043988347053528 0.5434780716896057 
vn -0.23994605243206024 0.8043988347053528 0.5434780716896057 
vn -0.23994605243206024 0.8043988347053528 0.5434780716896057 
vn -0.23994605243206024 0.8043988347053528 0.5434780716896057 
vn -0.4056850075721741 -0.8132321238517761 0.417220801115036 
vn -0.4056850075721741 -0.8132321238517761 0.417220801115036 
vn -0.4056850075721741 -0.8132321238517761 0.417220801115036 
vn -0.4056850075721741 -0.8132321238517761 0.417220801115036 
vn -0.21904589235782623 0.9597027897834778 -0.1760382205247879 
vn -0.21904589235782623 0.9597027897834778 -0.1760382205247879 
vn -0.21904589235782623 0.9597027897834778 -0.1760382205247879 
vn -0.21904589235782623 0.9597027897834778 -0.1760382205247879 
vn -0.7427290678024292 -0.28105801343917847 -0.607749879360199 
vn -0.7427290678024292 -0.28105801343917847 -0.607749879360199 
vn -0.7427290678024292 -0.28105801343917847 -0.607749879360199 
vn -0.7427290678024292 -0.28105801343917847 -0.607749879360199 
vn 0.48531901836395264 0.8053432106971741 -0.34042292833328247 
vn 0.48531901836395264 0.8053432106971741 -0.34042292833328247 
vn 0.48531901836395264 0.8053432106971741 -0.34042292833328247 
vn 0.48531901836395264 0.8053432106971741 -0.34042292833328247 
vn 0.3279169797897339 -0.8138630390167236 -0.4796847105026245 
vn 0.3279169797897339 -0.8138630390167236 -0.4796847105026245 
vn 0.3279169797897339 -0.8138630390167236 -0.4796847105026245 
vn 0.3279169797897339 -0.8138630390167236 -0.4796847105026245 
vn -0.4641534090042114 0.8743748068809509 -0.1415284425020218 
vn -0.4641534090042114 0.8743748068809509 -0.1415284425020218 
vn -0.4641534090042114 0.8743748068809509 -0.1415284425020218 
vn -0.4641534090042114 0.8743748068809509 -0.1415284425020218 
vn -0.8363100290298462 -0.4864770770072937 -0.25283506512641907 
vn -0.8363100290298462 -0.4864770770072937 -0.25283506512641907 
vn -0.8363100290298462 -0.4864770770072937 -0.25283506512641907 
vn -0.8363100290298462 -0.4864770770072937 -0.25283506512641907 
vn 0.009446029551327229 0.8045732378959656 -0.5937783122062683 
vn 0.009446029551327229 0.8045732378959656 -0.5937783122062683 
vn 0.009446029551327229 0.8045732378959656 -0.5937783122062683 
vn 0.009446029551327229 0.8045732378959656 -0.5937783122062683 
vn 0.21665462851524353 -0.8134317398071289 -0.5398051738739014 
vn 0.21665462851524353 -0.8134317398071289 -0.5398051738739014 
vn 0.21665462851524353 -0.8134317398071289 -0.5398051738739014 
vn 0.21665462851524353 -0.8134317398071289 -0.5398051738739014 
vn 0.26464858651161194 0.9609584808349609 0.08074574917554855 
vn 0.26464858651161194 0.9609584808349609 0.08074574917554855 
vn 0.26464858651161194 0.9609584808349609 0.08074574917554855 
vn 0.26464858651161194 0.9609584808349609 0.08074574917554855 
vn 0.9180862903594971 -0.2824402153491974 0.2781098484992981 
vn 0.9180862903594971 -0.2824402153491974 0.2781098484992981 
vn 0.9180862903594971 -0.2824402153491974 0.2781098484992981 
vn 0.9180862903594971 -0.2824402153491974 0.2781098484992981 
vn -0.3168642222881317 0.8044067025184631 0.5025205612182617 
vn -0.3168642222881317 0.8044067025184631 0.5025205612182617 
vn -0.3168642222881317 0.8044067025184631 0.5025205612182617 
vn -0.3168642222881317 0.8044067025184631 0.5025205612182617 
vn -0.11839867383241653 -0.8138433694839478 0.5688942670822144 
vn -0.11839867383241653 -0.8138433694839478 0.5688942670822144 
vn -0.11839867383241653 -0.8138433694839478 0.5688942670822144 
vn -0.11839867383241653 -0.8138433694839478 0.5688942670822144 
vn 0.30907028913497925 0.8730701804161072 0.37712597846984863 
vn 0.30907028913497925 0.8730701804161072 0.37712597846984863 
vn 0.30907028913497925 0.8730701804161072 0.37712597846984863 
vn 0.30907028913497925 0.8730701804161072 0.37712597846984863 
vn 0.5522503852844238 -0.4896385967731476 0.67473965883255 
vn 0.5522503852844238 -0.4896385967731476 0.67473965883255 
vn 0.5522503852844238 -0.4896385967731476 0.67473965883255 
vn 0.5522503852844238 -0.4896385967731476 0.67473965883255 
vn -0.3398219347000122 0.8043795824050903 0.48733407258987427 
vn -0.3398219347000122 0.8043795824050903 0.48733407258987427 
vn -0.3398219347000122 0.8043795824050903 0.48733407258987427 
vn -0.3398219347000122 0.8043795824050903 0.48733407258987427 
vn -0.4802961051464081 -0.8117655515670776 0.33219319581985474 
vn -0.4802961051464081 -0.8117655515670776 0.33219319581985474 
vn -0.4802961051464081 -0.8117655515670776 0.33219319581985474 
vn -0.4802961051464081 -0.8117655515670776 0.33219319581985474 
vn -0.17826801538467407 0.9602949023246765 -0.21460255980491638 
vn -0.17826801538467407 0.9602949023246765 -0.21460255980491638 
vn -0.17826801538467407 0.9602949023246765 -0.21460255980491638 
vn -0.17826801538467407 0.9602949023246765 -0.21460255980491638 
vn -0.607699990272522 -0.28186970949172974 -0.7424622178077698 
vn -0.607699990272522 -0.28186970949172974 -0.7424622178077698 
vn -0.607699990272522 -0.28186970949172974 -0.7424622178077698 
vn -0.607699990272522 -0.28186970949172974 -0.7424622178077698 
vn 0.547134518623352 0.8018608093261719 -0.2401314377784729 
vn 0.547134518623352 0.8018608093261719 -0.2401314377784729 
vn 0.547134518623352 0.8018608093261719 -0.2401314377784729 
vn 0.547134518623352 0.8018608093261719 -0.2401314377784729 
vn 0.4162127673625946 -0.8139539957046509 -0.405272513628006 
vn 0.4162127673625946 -0.8139539957046509 -0.405272513628006 
vn 0.4162127673625946 -0.8139539957046509 -0.405272513628006 
vn 0.4162127673625946 -0.8139539957046509 -0.405272513628006 
vn -0.4268878400325775 0.8752497434616089 -0.22738653421401978 
vn -0.4268878400325775 0.8752497434616089 -0.22738653421401978 
vn -0.4268878400325775 0.8752497434616089 -0.22738653421401978 
vn -0.4268878400325775 0.8752497434616089 -0.22738653421401978 
vn -0.769608736038208 -0.4901082515716553 -0.40926313400268555 
vn -0.769608736038208 -0.4901082515716553 -0.40926313400268555 
vn -0.769608736038208 -0.4901082515716553 -0.40926313400268555 
vn -0.769608736038208 -0.4901082515716553 -0.40926313400268555 
vn 0.13157643377780914 0.8041902780532837 -0.5796254277229309 
vn 0.13157643377780914 0.8041902780532837 -0.5796254277229309 
vn 0.13157643377780914 0.8041902780532837 -0.5796254277229309 
vn 0.13157643377780914 0.8041902780532837 -0.5796254277229309 
vn 0.3139905333518982 -0.8148100972175598 -0.48733407258987427 
vn 0.3139905333518982 -0.8148100972175598 -0.48733407258987427 
vn 0.3139905333518982 -0.8148100972175598 -0.48733407258987427 
vn 0.3139905333518982 -0.8148100972175598 -0.48733407258987427 
vn 0.24831217527389526 0.9595238566398621 0.1328723281621933 
vn 0.24831217527389526 0.9595238566398621 0.1328723281621933 
vn 0.24831217527389526 0.9595238566398621 0.1328723281621933 
vn 0.24831217527389526 0.9595238566398621 0.1328723281621933 
vn 0.8460543155670166 -0.28163906931877136 0.45262736082077026 
vn 0.8460543155670166 -0.28163906931877136 0.45262736082077026 
vn 0.8460543155670166 -0.28163906931877136 0.45262736082077026 
vn 0.8460543155670166 -0.28163906931877136 0.45262736082077026 
vn -0.41410014033317566 0.802743136882782 0.42909738421440125 
vn -0.41410014033317566 0.802743136882782 0.42909738421440125 
vn -0.41410014033317566 0.802743136882782 0.42909738421440125 
vn -0.41410014033317566 0.802743136882782 0.42909738421440125 
vn -0.22908678650856018 -0.8148860335350037 0.5324283838272095 
vn -0.22908678650856018 -0.8148860335350037 0.5324283838272095 
vn -0.22908678650856018 -0.8148860335350037 0.5324283838272095 
vn -0.22908678650856018 -0.8148860335350037 0.5324283838272095 
vn 0.23134958744049072 0.8731281757354736 0.42909738421440125 
vn 0.23134958744049072 0.8731281757354736 0.42909738421440125 
vn 0.23134958744049072 0.8731281757354736 0.42909738421440125 
vn 0.23134958744049072 0.8731281757354736 0.42909738421440125 
vn 0.4124610424041748 -0.4895988404750824 0.7682244777679443 
vn 0.4124610424041748 -0.4895988404750824 0.7682244777679443 
vn 0.4124610424041748 -0.4895988404750824 0.7682244777679443 
vn 0.4124610424041748 -0.4895988404750824 0.7682244777679443 
vn -0.4311341643333435 0.8020917177200317 0.41324591636657715 
vn -0.4311341643333435 0.8020917177200317 0.41324591636657715 
vn -0.4311341643333435 0.8020917177200317 0.41324591636657715 
vn -0.4311341643333435 0.8020917177200317 0.41324591636657715 
vn -0.5314069986343384 -0.8148311972618103 0.23163928091526031 
vn -0.5314069986343384 -0.8148311972618103 0.23163928091526031 
vn -0.5314069986343384 -0.8148311972618103 0.23163928091526031 
vn -0.5314069986343384 -0.8148311972618103 0.23163928091526031 
vn -0.13172906637191772 0.9596055746078491 -0.24860523641109467 
vn -0.13172906637191772 0.9596055746078491 -0.24860523641109467 
vn -0.13172906637191772 0.9596055746078491 -0.24860523641109467 
vn -0.13172906637191772 0.9596055746078491 -0.24860523641109467 
vn -0.45094239711761475 -0.2865349352359772 -0.8453097939491272 
vn -0.45094239711761475 -0.2865349352359772 -0.8453097939491272 
vn -0.45094239711761475 -0.2865349352359772 -0.8453097939491272 
vn -0.45094239711761475 -0.2865349352359772 -0.8453097939491272 
vn 0.5813804864883423 0.803413987159729 -0.12854042649269104 
vn 0.5813804864883423 0.803413987159729 -0.12854042649269104 
vn 0.5813804864883423 0.803413987159729 -0.12854042649269104 
vn 0.5813804864883423 0.803413987159729 -0.12854042649269104 
vn 0.4907013177871704 -0.8121404647827148 -0.31565824151039124 
vn 0.4907013177871704 -0.8121404647827148 -0.31565824151039124 
vn 0.4907013177871704 -0.8121404647827148 -0.31565824151039124 
vn 0.4907013177871704 -0.8121404647827148 -0.31565824151039124 
vn 0.04530860856175423 0.8741632103919983 -0.4835140109062195 
vn 0.04530860856175423 0.8741632103919983 -0.4835140109062195 
vn 0.04530860856175423 0.8741632103919983 -0.4835140109062195 
vn 0.04530860856175423 0.8741632103919983 -0.4835140109062195 
vn 0.08462125062942505 -0.4895840585231781 -0.8678402304649353 
vn 0.08462125062942505 -0.4895840585231781 -0.8678402304649353 
vn 0.08462125062942505 -0.4895840585231781 -0.8678402304649353 
vn 0.08462125062942505 -0.4895840585231781 -0.8678402304649353 
vn 0.5859100818634033 0.8038675785064697 -0.10250037163496017 
vn 0.5859100818634033 0.8038675785064697 -0.10250037163496017 
vn 0.5859100818634033 0.8038675785064697 -0.10250037163496017 
vn 0.5859100818634033 0.8038675785064697 -0.10250037163496017 
vn 0.5733791589736938 -0.8122932314872742 0.10684575140476227 
vn 0.5733791589736938 -0.8122932314872742 0.10684575140476227 
vn 0.5733791589736938 -0.8122932314872742 0.10684575140476227 
vn 0.5733791589736938 -0.8122932314872742 0.10684575140476227 
vn -0.030171582475304604 0.960075318813324 0.2781098484992981 
vn -0.030171582475304604 0.960075318813324 0.2781098484992981 
vn -0.030171582475304604 0.960075318813324 0.2781098484992981 
vn -0.030171582475304604 0.960075318813324 0.2781098484992981 
vn -0.09604214131832123 -0.28098064661026 0.9548956751823425 
vn -0.09604214131832123 -0.28098064661026 0.9548956751823425 
vn -0.09604214131832123 -0.28098064661026 0.9548956751823425 
vn -0.09604214131832123 -0.28098064661026 0.9548956751823425 
vn -0.5521984696388245 0.8056193590164185 -0.21460255980491638 
vn -0.5521984696388245 0.8056193590164185 -0.21460255980491638 
vn -0.5521984696388245 0.8056193590164185 -0.21460255980491638 
vn -0.5521984696388245 0.8056193590164185 -0.21460255980491638 
vn -0.5804172158241272 -0.8142929077148438 -0.006554040592163801 
vn -0.5804172158241272 -0.8142929077148438 -0.006554040592163801 
vn -0.5804172158241272 -0.8142929077148438 -0.006554040592163801 
vn -0.5804172158241272 -0.8142929077148438 -0.006554040592163801 
vn -0.37459564208984375 0.8747636675834656 -0.30735430121421814 
vn -0.37459564208984375 0.8747636675834656 -0.30735430121421814 
vn -0.37459564208984375 0.8747636675834656 -0.30735430121421814 
vn -0.37459564208984375 0.8747636675834656 -0.30735430121421814 
vn -0.6741733551025391 -0.487947553396225 -0.5544344186782837 
vn -0.6741733551025391 -0.487947553396225 -0.5544344186782837 
vn -0.6741733551025391 -0.487947553396225 -0.5544344186782837 
vn -0.6741733551025391 -0.487947553396225 -0.5544344186782837 
vn 0.24208950996398926 0.8037562966346741 -0.5434780716896057 
vn 0.24208950996398926 0.8037562966346741 -0.5434780716896057 
vn 0.24208950996398926 0.8037562966346741 -0.5434780716896057 
vn 0.24208950996398926 0.8037562966346741 -0.5434780716896057 
vn 0.4078710079193115 -0.8121379613876343 -0.417220801115036 
vn 0.4078710079193115 -0.8121379613876343 -0.417220801115036 
vn 0.4078710079193115 -0.8121379613876343 -0.417220801115036 
vn 0.4078710079193115 -0.8121379613876343 -0.417220801115036 
vn 0.21536298096179962 0.9605359435081482 0.1760382205247879 
vn 0.21536298096179962 0.9605359435081482 0.1760382205247879 
vn 0.21536298096179962 0.9605359435081482 0.1760382205247879 
vn 0.21536298096179962 0.9605359435081482 0.1760382205247879 
vn 0.7403424978256226 -0.2872856855392456 0.607749879360199 
vn 0.7403424978256226 -0.2872856855392456 0.607749879360199 
vn 0.7403424978256226 -0.2872856855392456 0.607749879360199 
vn 0.7403424978256226 -0.2872856855392456 0.607749879360199 
vn -0.48960113525390625 0.8027471303939819 0.34042292833328247 
vn -0.48960113525390625 0.8027471303939819 0.34042292833328247 
vn -0.48960113525390625 0.8027471303939819 0.34042292833328247 
vn -0.48960113525390625 0.8027471303939819 0.34042292833328247 
vn -0.33273133635520935 -0.8119066953659058 0.4796847105026245 
vn -0.33273133635520935 -0.8119066953659058 0.4796847105026245 
vn -0.33273133635520935 -0.8119066953659058 0.4796847105026245 
vn -0.33273133635520935 -0.8119066953659058 0.4796847105026245 
vn 0.13892485201358795 0.8747268319129944 0.4642767012119293 
vn 0.13892485201358795 0.8747268319129944 0.4642767012119293 
vn 0.13892485201358795 0.8747268319129944 0.4642767012119293 
vn 0.13892485201358795 0.8747268319129944 0.4642767012119293 
vn 0.2554011046886444 -0.4900546073913574 0.8334367275238037 
vn 0.2554011046886444 -0.4900546073913574 0.8334367275238037 
vn 0.2554011046886444 -0.4900546073913574 0.8334367275238037 
vn 0.2554011046886444 -0.4900546073913574 0.8334367275238037 
vn -0.4996351897716522 0.8050415515899658 0.3198012113571167 
vn -0.4996351897716522 0.8050415515899658 0.3198012113571167 
vn -0.4996351897716522 0.8050415515899658 0.3198012113571167 
vn -0.4996351897716522 0.8050415515899658 0.3198012113571167 
vn -0.5706430077552795 -0.8124025464057922 0.11986933648586273 
vn -0.5706430077552795 -0.8124025464057922 0.11986933648586273 
vn -0.5706430077552795 -0.8124025464057922 0.11986933648586273 
vn -0.5706430077552795 -0.8124025464057922 0.11986933648586273 
vn -0.0811038613319397 0.9595213532447815 -0.26970529556274414 
vn -0.0811038613319397 0.9595213532447815 -0.26970529556274414 
vn -0.0811038613319397 0.9595213532447815 -0.26970529556274414 
vn -0.0811038613319397 0.9595213532447815 -0.26970529556274414 
vn -0.27964386343955994 -0.2849869132041931 -0.916832447052002 
vn -0.27964386343955994 -0.2849869132041931 -0.916832447052002 
vn -0.27964386343955994 -0.2849869132041931 -0.916832447052002 
vn -0.27964386343955994 -0.2849869132041931 -0.916832447052002 
vn 0.5926268100738525 0.8054030537605286 -0.010923261754214764 
vn 0.5926268100738525 0.8054030537605286 -0.010923261754214764 
vn 0.5926268100738525 0.8054030537605286 -0.010923261754214764 
vn 0.5926268100738525 0.8054030537605286 -0.010923261754214764 
vn 0.5428223609924316 -0.8119665384292603 -0.21460255980491638 
vn 0.5428223609924316 -0.8119665384292603 -0.21460255980491638 
vn 0.5428223609924316 -0.8119665384292603 -0.21460255980491638 
vn 0.5428223609924316 -0.8119665384292603 -0.21460255980491638 
vn 0.1447017341852188 0.8737897872924805 -0.4642767012119293 
vn 0.1447017341852188 0.8737897872924805 -0.4642767012119293 
vn 0.1447017341852188 0.8737897872924805 -0.4642767012119293 
vn 0.1447017341852188 0.8737897872924805 -0.4642767012119293 
vn 0.25306999683380127 -0.4912624657154083 -0.8334367275238037 
vn 0.25306999683380127 -0.4912624657154083 -0.8334367275238037 
vn 0.25306999683380127 -0.4912624657154083 -0.8334367275238037 
vn 0.25306999683380127 -0.4912624657154083 -0.8334367275238037 
vn 0.5926268100738525 0.8054030537605286 0.010923261754214764 
vn 0.5926268100738525 0.8054030537605286 0.010923261754214764 
vn 0.5926268100738525 0.8054030537605286 0.010923261754214764 
vn 0.5926268100738525 0.8054030537605286 0.010923261754214764 
vn 0.5428223609924316 -0.8119665384292603 0.21460255980491638 
vn 0.5428223609924316 -0.8119665384292603 0.21460255980491638 
vn 0.5428223609924316 -0.8119665384292603 0.21460255980491638 
vn 0.5428223609924316 -0.8119665384292603 0.21460255980491638 
vn -0.07912348955869675 0.9596866965293884 0.26970529556274414 
vn -0.07912348955869675 0.9596866965293884 0.26970529556274414 
vn -0.07912348955869675 0.9596866965293884 0.26970529556274414 
vn -0.07912348955869675 0.9596866965293884 0.26970529556274414 
vn -0.2776285707950592 -0.28695055842399597 0.916832447052002 
vn -0.2776285707950592 -0.28695055842399597 0.916832447052002 
vn -0.2776285707950592 -0.28695055842399597 0.916832447052002 
vn -0.2776285707950592 -0.28695055842399597 0.916832447052002 
vn -0.5018056035041809 0.8036904335021973 -0.3198012113571167 
vn -0.5018056035041809 0.8036904335021973 -0.3198012113571167 
vn -0.5018056035041809 0.8036904335021973 -0.3198012113571167 
vn -0.5018056035041809 0.8036904335021973 -0.3198012113571167 
vn -0.5706430077552795 -0.8124025464057922 -0.11986933648586273 
vn -0.5706430077552795 -0.8124025464057922 -0.11986933648586273 
vn -0.5706430077552795 -0.8124025464057922 -0.11986933648586273 
vn -0.5706430077552795 -0.8124025464057922 -0.11986933648586273 
vn -0.3055102229118347 0.8743222951889038 -0.37712597846984863 
vn -0.3055102229118347 0.8743222951889038 -0.37712597846984863 
vn -0.3055102229118347 0.8743222951889038 -0.37712597846984863 
vn -0.3055102229118347 0.8743222951889038 -0.37712597846984863 
vn -0.5516715049743652 -0.49029067158699036 -0.67473965883255 
vn -0.5516715049743652 -0.49029067158699036 -0.67473965883255 
vn -0.5516715049743652 -0.49029067158699036 -0.67473965883255 
vn -0.5516715049743652 -0.49029067158699036 -0.67473965883255 
vn 0.3420039415359497 0.8034542798995972 -0.48733407258987427 
vn 0.3420039415359497 0.8034542798995972 -0.48733407258987427 
vn 0.3420039415359497 0.8034542798995972 -0.48733407258987427 
vn 0.3420039415359497 0.8034542798995972 -0.48733407258987427 
vn 0.4770435392856598 -0.8136812448501587 -0.33219319581985474 
vn 0.4770435392856598 -0.8136812448501587 -0.33219319581985474 
vn 0.4770435392856598 -0.8136812448501587 -0.33219319581985474 
vn 0.4770435392856598 -0.8136812448501587 -0.33219319581985474 
vn 0.1745559275150299 0.9609765410423279 0.21460255980491638 
vn 0.1745559275150299 0.9609765410423279 0.21460255980491638 
vn 0.1745559275150299 0.9609765410423279 0.21460255980491638 
vn 0.1745559275150299 0.9609765410423279 0.21460255980491638 
vn 0.6063252687454224 -0.28481483459472656 0.7424622178077698 
vn 0.6063252687454224 -0.28481483459472656 0.7424622178077698 
vn 0.6063252687454224 -0.28481483459472656 0.7424622178077698 
vn 0.6063252687454224 -0.28481483459472656 0.7424622178077698 
vn -0.547134518623352 0.8018608093261719 0.2401314377784729 
vn -0.547134518623352 0.8018608093261719 0.2401314377784729 
vn -0.547134518623352 0.8018608093261719 0.2401314377784729 
vn -0.547134518623352 0.8018608093261719 0.2401314377784729 
vn -0.4195694029331207 -0.8122288584709167 0.405272513628006 
vn -0.4195694029331207 -0.8122288584709167 0.405272513628006 
vn -0.4195694029331207 -0.8122288584709167 0.405272513628006 
vn -0.4195694029331207 -0.8122288584709167 0.405272513628006 
vn 0.04712999612092972 0.8740668892860413 0.4835140109062195 
vn 0.04712999612092972 0.8740668892860413 0.4835140109062195 
vn 0.04712999612092972 0.8740668892860413 0.4835140109062195 
vn 0.04712999612092972 0.8740668892860413 0.4835140109062195 
vn 0.08792167901992798 -0.48900213837623596 0.8678402304649353 
vn 0.08792167901992798 -0.48900213837623596 0.8678402304649353 
vn 0.08792167901992798 -0.48900213837623596 0.8678402304649353 
vn 0.08792167901992798 -0.48900213837623596 0.8678402304649353 
vn -0.5521984696388245 0.8056193590164185 0.21460255980491638 
vn -0.5521984696388245 0.8056193590164185 0.21460255980491638 
vn -0.5521984696388245 0.8056193590164185 0.21460255980491638 
vn -0.5521984696388245 0.8056193590164185 0.21460255980491638 
vn -0.5804172158241272 -0.8142929077148438 0.006554040592163801 
vn -0.5804172158241272 -0.8142929077148438 0.006554040592163801 
vn -0.5804172158241272 -0.8142929077148438 0.006554040592163801 
vn -0.5804172158241272 -0.8142929077148438 0.006554040592163801 
vn -0.024546457454562187 0.960235595703125 -0.2781098484992981 
vn -0.024546457454562187 0.960235595703125 -0.2781098484992981 
vn -0.024546457454562187 0.960235595703125 -0.2781098484992981 
vn -0.024546457454562187 0.960235595703125 -0.2781098484992981 
vn -0.09104126691818237 -0.28264060616493225 -0.9548956751823425 
vn -0.09104126691818237 -0.28264060616493225 -0.9548956751823425 
vn -0.09104126691818237 -0.28264060616493225 -0.9548956751823425 
vn -0.09104126691818237 -0.28264060616493225 -0.9548956751823425 
vn 0.5859100818634033 0.8038675785064697 0.10250037163496017 
vn 0.5859100818634033 0.8038675785064697 0.10250037163496017 
vn 0.5859100818634033 0.8038675785064697 0.10250037163496017 
vn 0.5859100818634033 0.8038675785064697 0.10250037163496017 
vn 0.5724396705627441 -0.8129556179046631 -0.10684575140476227 
vn 0.5724396705627441 -0.8129556179046631 -0.10684575140476227 
vn 0.5724396705627441 -0.8129556179046631 -0.10684575140476227 
vn 0.5724396705627441 -0.8129556179046631 -0.10684575140476227 
vn 0.22982412576675415 0.873530924320221 -0.42909738421440125 
vn 0.22982412576675415 0.873530924320221 -0.42909738421440125 
vn 0.22982412576675415 0.873530924320221 -0.42909738421440125 
vn 0.22982412576675415 0.873530924320221 -0.42909738421440125 
vn 0.4108562171459198 -0.49094635248184204 -0.7682244777679443 
vn 0.4108562171459198 -0.49094635248184204 -0.7682244777679443 
vn 0.4108562171459198 -0.49094635248184204 -0.7682244777679443 
vn 0.4108562171459198 -0.49094635248184204 -0.7682244777679443 
vn 0.5813804864883423 0.803413987159729 0.12854042649269104 
vn 0.5813804864883423 0.803413987159729 0.12854042649269104 
vn 0.5813804864883423 0.803413987159729 0.12854042649269104 
vn 0.5813804864883423 0.803413987159729 0.12854042649269104 
vn 0.49175697565078735 -0.811501681804657 0.31565824151039124 
vn 0.49175697565078735 -0.811501681804657 0.31565824151039124 
vn 0.49175697565078735 -0.811501681804657 0.31565824151039124 
vn 0.49175697565078735 -0.811501681804657 0.31565824151039124 
vn -0.13172906637191772 0.9596055746078491 0.24860523641109467 
vn -0.13172906637191772 0.9596055746078491 0.24860523641109467 
vn -0.13172906637191772 0.9596055746078491 0.24860523641109467 
vn -0.13172906637191772 0.9596055746078491 0.24860523641109467 
vn -0.45166826248168945 -0.28538936376571655 0.8453097939491272 
vn -0.45166826248168945 -0.28538936376571655 0.8453097939491272 
vn -0.45166826248168945 -0.28538936376571655 0.8453097939491272 
vn -0.45166826248168945 -0.28538936376571655 0.8453097939491272 
vn -0.4311341643333435 0.8020917177200317 -0.41324591636657715 
vn -0.4311341643333435 0.8020917177200317 -0.41324591636657715 
vn -0.4311341643333435 0.8020917177200317 -0.41324591636657715 
vn -0.4311341643333435 0.8020917177200317 -0.41324591636657715 
vn -0.5335692763328552 -0.8134168982505798 -0.23163928091526031 
vn -0.5335692763328552 -0.8134168982505798 -0.23163928091526031 
vn -0.5335692763328552 -0.8134168982505798 -0.23163928091526031 
vn -0.5335692763328552 -0.8134168982505798 -0.23163928091526031 
vn -0.2261679619550705 0.8744847178459167 -0.42909738421440125 
vn -0.2261679619550705 0.8744847178459167 -0.42909738421440125 
vn -0.2261679619550705 0.8744847178459167 -0.42909738421440125 
vn -0.2261679619550705 0.8744847178459167 -0.42909738421440125 
vn -0.4108562171459198 -0.49094635248184204 -0.7682244777679443 
vn -0.4108562171459198 -0.49094635248184204 -0.7682244777679443 
vn -0.4108562171459198 -0.49094635248184204 -0.7682244777679443 
vn -0.4108562171459198 -0.49094635248184204 -0.7682244777679443 
vn 0.4311341643333435 0.8020917177200317 -0.41324591636657715 
vn 0.4311341643333435 0.8020917177200317 -0.41324591636657715 
vn 0.4311341643333435 0.8020917177200317 -0.41324591636657715 
vn 0.4311341643333435 0.8020917177200317 -0.41324591636657715 
vn 0.5367239713668823 -0.8113387823104858 -0.23163928091526031 
vn 0.5367239713668823 -0.8113387823104858 -0.23163928091526031 
vn 0.5367239713668823 -0.8113387823104858 -0.23163928091526031 
vn 0.5367239713668823 -0.8113387823104858 -0.23163928091526031 
vn 0.13172906637191772 0.9596055746078491 0.24860523641109467 
vn 0.13172906637191772 0.9596055746078491 0.24860523641109467 
vn 0.13172906637191772 0.9596055746078491 0.24860523641109467 
vn 0.13172906637191772 0.9596055746078491 0.24860523641109467 
vn 0.45166826248168945 -0.28538936376571655 0.8453097939491272 
vn 0.45166826248168945 -0.28538936376571655 0.8453097939491272 
vn 0.45166826248168945 -0.28538936376571655 0.8453097939491272 
vn 0.45166826248168945 -0.28538936376571655 0.8453097939491272 
vn -0.5783169269561768 0.8056220412254333 0.12854042649269104 
vn -0.5783169269561768 0.8056220412254333 0.12854042649269104 
vn -0.5783169269561768 0.8056220412254333 0.12854042649269104 
vn -0.5783169269561768 0.8056220412254333 0.12854042649269104 
vn -0.49175697565078735 -0.811501681804657 0.31565824151039124 
vn -0.49175697565078735 -0.811501681804657 0.31565824151039124 
vn -0.49175697565078735 -0.811501681804657 0.31565824151039124 
vn -0.49175697565078735 -0.811501681804657 0.31565824151039124 
vn -0.0508962981402874 0.873855710029602 0.4835140109062195 
vn -0.0508962981402874 0.873855710029602 0.4835140109062195 
vn -0.0508962981402874 0.873855710029602 0.4835140109062195 
vn -0.0508962981402874 0.873855710029602 0.4835140109062195 
vn -0.08421739935874939 -0.48965370655059814 0.8678402304649353 
vn -0.08421739935874939 -0.48965370655059814 0.8678402304649353 
vn -0.08421739935874939 -0.48965370655059814 0.8678402304649353 
vn -0.08421739935874939 -0.48965370655059814 0.8678402304649353 
vn -0.5859100818634033 0.8038675785064697 0.10250037163496017 
vn -0.5859100818634033 0.8038675785064697 0.10250037163496017 
vn -0.5859100818634033 0.8038675785064697 0.10250037163496017 
vn -0.5859100818634033 0.8038675785064697 0.10250037163496017 
vn -0.5693473219871521 -0.8151243329048157 -0.10684575140476227 
vn -0.5693473219871521 -0.8151243329048157 -0.10684575140476227 
vn -0.5693473219871521 -0.8151243329048157 -0.10684575140476227 
vn -0.5693473219871521 -0.8151243329048157 -0.10684575140476227 
vn 0.02832181379199028 0.9601316452026367 -0.2781098484992981 
vn 0.02832181379199028 0.9601316452026367 -0.2781098484992981 
vn 0.02832181379199028 0.9601316452026367 -0.2781098484992981 
vn 0.02832181379199028 0.9601316452026367 -0.2781098484992981 
vn 0.0946287140250206 -0.2814598083496094 -0.9548956751823425 
vn 0.0946287140250206 -0.2814598083496094 -0.9548956751823425 
vn 0.0946287140250206 -0.2814598083496094 -0.9548956751823425 
vn 0.0946287140250206 -0.2814598083496094 -0.9548956751823425 
vn 0.5553074479103088 0.8034795522689819 0.21460255980491638 
vn 0.5553074479103088 0.8034795522689819 0.21460255980491638 
vn 0.5553074479103088 0.8034795522689819 0.21460255980491638 
vn 0.5553074479103088 0.8034795522689819 0.21460255980491638 
vn 0.5804172158241272 -0.8142929077148438 0.006554040592163801 
vn 0.5804172158241272 -0.8142929077148438 0.006554040592163801 
vn 0.5804172158241272 -0.8142929077148438 0.006554040592163801 
vn 0.5804172158241272 -0.8142929077148438 0.006554040592163801 
vn 0.30907028913497925 0.8730701804161072 -0.37712597846984863 
vn 0.30907028913497925 0.8730701804161072 -0.37712597846984863 
vn 0.30907028913497925 0.8730701804161072 -0.37712597846984863 
vn 0.30907028913497925 0.8730701804161072 -0.37712597846984863 
vn 0.5516715049743652 -0.49029067158699036 -0.67473965883255 
vn 0.5516715049743652 -0.49029067158699036 -0.67473965883255 
vn 0.5516715049743652 -0.49029067158699036 -0.67473965883255 
vn 0.5516715049743652 -0.49029067158699036 -0.67473965883255 
vn 0.547134518623352 0.8018608093261719 0.2401314377784729 
vn 0.547134518623352 0.8018608093261719 0.2401314377784729 
vn 0.547134518623352 0.8018608093261719 0.2401314377784729 
vn 0.547134518623352 0.8018608093261719 0.2401314377784729 
vn 0.4162127673625946 -0.8139539957046509 0.405272513628006 
vn 0.4162127673625946 -0.8139539957046509 0.405272513628006 
vn 0.4162127673625946 -0.8139539957046509 0.405272513628006 
vn 0.4162127673625946 -0.8139539957046509 0.405272513628006 
vn -0.17826801538467407 0.9602949023246765 0.21460255980491638 
vn -0.17826801538467407 0.9602949023246765 0.21460255980491638 
vn -0.17826801538467407 0.9602949023246765 0.21460255980491638 
vn -0.17826801538467407 0.9602949023246765 0.21460255980491638 
vn -0.6063252687454224 -0.28481483459472656 0.7424622178077698 
vn -0.6063252687454224 -0.28481483459472656 0.7424622178077698 
vn -0.6063252687454224 -0.28481483459472656 0.7424622178077698 
vn -0.6063252687454224 -0.28481483459472656 0.7424622178077698 
vn -0.3420039415359497 0.8034542798995972 -0.48733407258987427 
vn -0.3420039415359497 0.8034542798995972 -0.48733407258987427 
vn -0.3420039415359497 0.8034542798995972 -0.48733407258987427 
vn -0.3420039415359497 0.8034542798995972 -0.48733407258987427 
vn -0.4802961051464081 -0.8117655515670776 -0.33219319581985474 
vn -0.4802961051464081 -0.8117655515670776 -0.33219319581985474 
vn -0.4802961051464081 -0.8117655515670776 -0.33219319581985474 
vn -0.4802961051464081 -0.8117655515670776 -0.33219319581985474 
vn -0.1409757435321808 0.8743986487388611 -0.4642767012119293 
vn -0.1409757435321808 0.8743986487388611 -0.4642767012119293 
vn -0.1409757435321808 0.8743986487388611 -0.4642767012119293 
vn -0.1409757435321808 0.8743986487388611 -0.4642767012119293 
vn -0.25642645359039307 -0.4895188808441162 -0.8334367275238037 
vn -0.25642645359039307 -0.4895188808441162 -0.8334367275238037 
vn -0.25642645359039307 -0.4895188808441162 -0.8334367275238037 
vn -0.25642645359039307 -0.4895188808441162 -0.8334367275238037 
vn 0.5018056035041809 0.8036904335021973 -0.3198012113571167 
vn 0.5018056035041809 0.8036904335021973 -0.3198012113571167 
vn 0.5018056035041809 0.8036904335021973 -0.3198012113571167 
vn 0.5018056035041809 0.8036904335021973 -0.3198012113571167 
vn 0.5706430077552795 -0.8124025464057922 -0.11986933648586273 
vn 0.5706430077552795 -0.8124025464057922 -0.11986933648586273 
vn 0.5706430077552795 -0.8124025464057922 -0.11986933648586273 
vn 0.5706430077552795 -0.8124025464057922 -0.11986933648586273 
vn 0.07912348955869675 0.9596866965293884 0.26970529556274414 
vn 0.07912348955869675 0.9596866965293884 0.26970529556274414 
vn 0.07912348955869675 0.9596866965293884 0.26970529556274414 
vn 0.07912348955869675 0.9596866965293884 0.26970529556274414 
vn 0.280323326587677 -0.28431859612464905 0.916832447052002 
vn 0.280323326587677 -0.28431859612464905 0.916832447052002 
vn 0.280323326587677 -0.28431859612464905 0.916832447052002 
vn 0.280323326587677 -0.28431859612464905 0.916832447052002 
vn -0.5926268100738525 0.8054030537605286 0.010923261754214764 
vn -0.5926268100738525 0.8054030537605286 0.010923261754214764 
vn -0.5926268100738525 0.8054030537605286 0.010923261754214764 
vn -0.5926268100738525 0.8054030537605286 0.010923261754214764 
vn -0.5396807193756104 -0.8140580058097839 0.21460255980491638 
vn -0.5396807193756104 -0.8140580058097839 0.21460255980491638 
vn -0.5396807193756104 -0.8140580058097839 0.21460255980491638 
vn -0.5396807193756104 -0.8140580058097839 0.21460255980491638 
vn -0.09172431379556656 0.36788612604141235 -0.9253358840942383 
vn -0.09172431379556656 0.36788612604141235 -0.9253358840942383 
vn -0.09172431379556656 0.36788612604141235 -0.9253358840942383 
vn -0.09172431379556656 0.36788612604141235 -0.9253358840942383 
vn 0.03394437953829765 0.9288021326065063 0.3690181374549866 
vn 0.03394437953829765 0.9288021326065063 0.3690181374549866 
vn 0.03394437953829765 0.9288021326065063 0.3690181374549866 
vn 0.03394437953829765 0.9288021326065063 0.3690181374549866 
vn -0.6368065476417542 -0.0037818721029907465 -0.7710143327713013 
vn -0.6368065476417542 -0.0037818721029907465 -0.7710143327713013 
vn -0.6368065476417542 -0.0037818721029907465 -0.7710143327713013 
vn -0.6368065476417542 -0.0037818721029907465 -0.7710143327713013 
vn -0.5342234373092651 -0.007526562083512545 0.8453097939491272 
vn -0.5342234373092651 -0.007526562083512545 0.8453097939491272 
vn -0.5342234373092651 -0.007526562083512545 0.8453097939491272 
vn -0.5342234373092651 -0.007526562083512545 0.8453097939491272 
vn -0.08641508221626282 -0.422319233417511 -0.9023185968399048 
vn -0.08641508221626282 -0.422319233417511 -0.9023185968399048 
vn -0.08641508221626282 -0.422319233417511 -0.9023185968399048 
vn -0.08641508221626282 -0.422319233417511 -0.9023185968399048 
vn 0.04146937280893326 -0.9041740298271179 0.42514660954475403 
vn 0.04146937280893326 -0.9041740298271179 0.42514660954475403 
vn 0.04146937280893326 -0.9041740298271179 0.42514660954475403 
vn 0.04146937280893326 -0.9041740298271179 0.42514660954475403 
vn 0.47392362356185913 0 -0.8805659413337708 
vn 0.47392362356185913 0 -0.8805659413337708 
vn 0.47392362356185913 0 -0.8805659413337708 
vn 0.47392362356185913 0 -0.8805659413337708 
vn 0.6890788674354553 -0.00754317594692111 0.7246471047401428 
vn 0.6890788674354553 -0.00754317594692111 0.7246471047401428 
vn 0.6890788674354553 -0.00754317594692111 0.7246471047401428 
vn 0.6890788674354553 -0.00754317594692111 0.7246471047401428 
vn 0.2656293511390686 0.39711710810661316 -0.8784868121147156 
vn 0.2656293511390686 0.39711710810661316 -0.8784868121147156 
vn 0.2656293511390686 0.39711710810661316 -0.8784868121147156 
vn 0.2656293511390686 0.39711710810661316 -0.8784868121147156 
vn -0.11296436935663223 0.9158909320831299 0.3852050006389618 
vn -0.11296436935663223 0.9158909320831299 0.3852050006389618 
vn -0.11296436935663223 0.9158909320831299 0.3852050006389618 
vn -0.11296436935663223 0.9158909320831299 0.3852050006389618 
vn -0.3300449550151825 0.00756969815120101 -0.9439348578453064 
vn -0.3300449550151825 0.00756969815120101 -0.9439348578453064 
vn -0.3300449550151825 0.00756969815120101 -0.9439348578453064 
vn -0.3300449550151825 0.00756969815120101 -0.9439348578453064 
vn -0.7583073377609253 0.0075391498394310474 0.651853621006012 
vn -0.7583073377609253 0.0075391498394310474 0.651853621006012 
vn -0.7583073377609253 0.0075391498394310474 0.651853621006012 
vn -0.7583073377609253 0.0075391498394310474 0.651853621006012 
vn 0.27547308802604675 -0.3315654993057251 -0.9023185968399048 
vn 0.27547308802604675 -0.3315654993057251 -0.9023185968399048 
vn 0.27547308802604675 -0.3315654993057251 -0.9023185968399048 
vn 0.27547308802604675 -0.3315654993057251 -0.9023185968399048 
vn -0.09789174795150757 -0.9410001635551453 0.3239381015300751 
vn -0.09789174795150757 -0.9410001635551453 0.3239381015300751 
vn -0.09789174795150757 -0.9410001635551453 0.3239381015300751 
vn -0.09789174795150757 -0.9410001635551453 0.3239381015300751 
vn 0.7967406511306763 0.007550857961177826 -0.6042742133140564 
vn 0.7967406511306763 0.007550857961177826 -0.6042742133140564 
vn 0.7967406511306763 0.007550857961177826 -0.6042742133140564 
vn 0.7967406511306763 0.007550857961177826 -0.6042742133140564 
vn 0.26749566197395325 0.007505204062908888 0.9635298252105713 
vn 0.26749566197395325 0.007505204062908888 0.9635298252105713 
vn 0.26749566197395325 0.007505204062908888 0.9635298252105713 
vn 0.26749566197395325 0.007505204062908888 0.9635298252105713 
vn -0.09479981660842896 0.367105633020401 0.9253358840942383 
vn -0.09479981660842896 0.367105633020401 0.9253358840942383 
vn -0.09479981660842896 0.367105633020401 0.9253358840942383 
vn -0.09479981660842896 0.367105633020401 0.9253358840942383 
vn 0.03964979201555252 0.9285760521888733 -0.3690181374549866 
vn 0.03964979201555252 0.9285760521888733 -0.3690181374549866 
vn 0.03964979201555252 0.9285760521888733 -0.3690181374549866 
vn 0.03964979201555252 0.9285760521888733 -0.3690181374549866 
vn 0.47392362356185913 0 0.8805659413337708 
vn 0.47392362356185913 0 0.8805659413337708 
vn 0.47392362356185913 0 0.8805659413337708 
vn 0.47392362356185913 0 0.8805659413337708 
vn 0.689078688621521 -0.007556339725852013 -0.7246471047401428 
vn 0.689078688621521 -0.007556339725852013 -0.7246471047401428 
vn 0.689078688621521 -0.007556339725852013 -0.7246471047401428 
vn 0.689078688621521 -0.007556339725852013 -0.7246471047401428 
vn -0.08962443470954895 -0.4216498136520386 0.9023185968399048 
vn -0.08962443470954895 -0.4216498136520386 0.9023185968399048 
vn -0.08962443470954895 -0.4216498136520386 0.9023185968399048 
vn -0.08962443470954895 -0.4216498136520386 0.9023185968399048 
vn 0.03963816910982132 -0.9042561650276184 -0.42514660954475403 
vn 0.03963816910982132 -0.9042561650276184 -0.42514660954475403 
vn 0.03963816910982132 -0.9042561650276184 -0.42514660954475403 
vn 0.03963816910982132 -0.9042561650276184 -0.42514660954475403 
vn -0.6368066668510437 -0.00376762798987329 0.7710143327713013 
vn -0.6368066668510437 -0.00376762798987329 0.7710143327713013 
vn -0.6368066668510437 -0.00376762798987329 0.7710143327713013 
vn -0.6368066668510437 -0.00376762798987329 0.7710143327713013 
vn -0.5342229604721069 -0.00756046362221241 -0.8453097939491272 
vn -0.5342229604721069 -0.00756046362221241 -0.8453097939491272 
vn -0.5342229604721069 -0.00756046362221241 -0.8453097939491272 
vn -0.5342229604721069 -0.00756046362221241 -0.8453097939491272 
vn -0.4366351366043091 0.3674730360507965 0.8211658596992493 
vn -0.4366351366043091 0.3674730360507965 0.8211658596992493 
vn -0.4366351366043091 0.3674730360507965 0.8211658596992493 
vn -0.4366351366043091 0.3674730360507965 0.8211658596992493 
vn 0.1764170229434967 0.9280344247817993 -0.3280687630176544 
vn 0.1764170229434967 0.9280344247817993 -0.3280687630176544 
vn 0.1764170229434967 0.9280344247817993 -0.3280687630176544 
vn 0.1764170229434967 0.9280344247817993 -0.3280687630176544 
vn 0.10467331111431122 0 0.9945066571235657 
vn 0.10467331111431122 0 0.9945066571235657 
vn 0.10467331111431122 0 0.9945066571235657 
vn 0.10467331111431122 0 0.9945066571235657 
vn 0.9141647815704346 -0.007547959219664335 -0.405272513628006 
vn 0.9141647815704346 -0.007547959219664335 -0.405272513628006 
vn 0.9141647815704346 -0.007547959219664335 -0.405272513628006 
vn 0.9141647815704346 -0.007547959219664335 -0.405272513628006 
vn -0.42822572588920593 -0.41889214515686035 0.8007197380065918 
vn -0.42822572588920593 -0.41889214515686035 0.8007197380065918 
vn -0.42822572588920593 -0.41889214515686035 0.8007197380065918 
vn -0.42822572588920593 -0.41889214515686035 0.8007197380065918 
vn 0.20030462741851807 -0.9042422771453857 -0.37712597846984863 
vn 0.20030462741851807 -0.9042422771453857 -0.37712597846984863 
vn 0.20030462741851807 -0.9042422771453857 -0.37712597846984863 
vn 0.20030462741851807 -0.9042422771453857 -0.37712597846984863 
vn -0.8836531639099121 -1.8275989445773466e-13 0.46814218163490295 
vn -0.8836531639099121 -1.8275989445773466e-13 0.46814218163490295 
vn -0.8836531639099121 -1.8275989445773466e-13 0.46814218163490295 
vn -0.8836531639099121 -1.8275989445773466e-13 0.46814218163490295 
vn -0.1695406585931778 -0.0037781267892569304 -0.9855159521102905 
vn -0.1695406585931778 -0.0037781267892569304 -0.9855159521102905 
vn -0.1695406585931778 -0.0037781267892569304 -0.9855159521102905 
vn -0.1695406585931778 -0.0037781267892569304 -0.9855159521102905 
vn 0.08640307188034058 0.39799797534942627 -0.913308322429657 
vn 0.08640307188034058 0.39799797534942627 -0.913308322429657 
vn 0.08640307188034058 0.39799797534942627 -0.913308322429657 
vn 0.08640307188034058 0.39799797534942627 -0.913308322429657 
vn -0.03772559016942978 0.9169268012046814 0.3972681760787964 
vn -0.03772559016942978 0.9169268012046814 0.3972681760787964 
vn -0.03772559016942978 0.9169268012046814 0.3972681760787964 
vn -0.03772559016942978 0.9169268012046814 0.3972681760787964 
vn -0.5081198215484619 0.007565987762063742 -0.8612531423568726 
vn -0.5081198215484619 0.007565987762063742 -0.8612531423568726 
vn -0.5081198215484619 0.007565987762063742 -0.8612531423568726 
vn -0.5081198215484619 0.007565987762063742 -0.8612531423568726 
vn -0.6163420677185059 0.007534599397331476 0.7874425053596497 
vn -0.6163420677185059 0.007534599397331476 0.7874425053596497 
vn -0.6163420677185059 0.007534599397331476 0.7874425053596497 
vn -0.6163420677185059 0.007534599397331476 0.7874425053596497 
vn 0.08970103412866592 -0.3347688317298889 -0.9380210638046265 
vn 0.08970103412866592 -0.3347688317298889 -0.9380210638046265 
vn 0.08970103412866592 -0.3347688317298889 -0.9380210638046265 
vn 0.08970103412866592 -0.3347688317298889 -0.9380210638046265 
vn -0.030184602364897728 -0.9412670135498047 0.3363112509250641 
vn -0.030184602364897728 -0.9412670135498047 0.3363112509250641 
vn -0.030184602364897728 -0.9412670135498047 0.3363112509250641 
vn -0.030184602364897728 -0.9412670135498047 0.3363112509250641 
vn 0.6633312106132507 0.007550748065114021 -0.7482877969741821 
vn 0.6633312106132507 0.007550748065114021 -0.7482877969741821 
vn 0.6633312106132507 0.007550748065114021 -0.7482877969741821 
vn 0.6633312106132507 0.007550748065114021 -0.7482877969741821 
vn 0.450615257024765 0.00753075210377574 0.8926864862442017 
vn 0.450615257024765 0.00753075210377574 0.8926864862442017 
vn 0.450615257024765 0.00753075210377574 0.8926864862442017 
vn 0.450615257024765 0.00753075210377574 0.8926864862442017 
vn 0.5912633538246155 0.36609476804733276 -0.7185974717140198 
vn 0.5912633538246155 0.36609476804733276 -0.7185974717140198 
vn 0.5912633538246155 0.36609476804733276 -0.7185974717140198 
vn 0.5912633538246155 0.36609476804733276 -0.7185974717140198 
vn -0.23519529402256012 0.9287652373313904 0.2864931523799896 
vn -0.23519529402256012 0.9287652373313904 0.2864931523799896 
vn -0.23519529402256012 0.9287652373313904 0.2864931523799896 
vn -0.23519529402256012 0.9287652373313904 0.2864931523799896 
vn 0.09162852168083191 0 -0.9957932829856873 
vn 0.09162852168083191 0 -0.9957932829856873 
vn 0.09162852168083191 0 -0.9957932829856873 
vn 0.09162852168083191 0 -0.9957932829856873 
vn -0.9757252335548401 -0.0075502279214560986 0.21886809170246124 
vn -0.9757252335548401 -0.0075502279214560986 0.21886809170246124 
vn -0.9757252335548401 -0.0075502279214560986 0.21886809170246124 
vn -0.9757252335548401 -0.0075502279214560986 0.21886809170246124 
vn 0.5749824047088623 -0.42335057258605957 -0.7001210451126099 
vn 0.5749824047088623 -0.42335057258605957 -0.7001210451126099 
vn 0.5749824047088623 -0.42335057258605957 -0.7001210451126099 
vn 0.5749824047088623 -0.42335057258605957 -0.7001210451126099 
vn -0.2695915102958679 -0.9053680300712585 0.3280687630176544 
vn -0.2695915102958679 -0.9053680300712585 0.3280687630176544 
vn -0.2695915102958679 -0.9053680300712585 0.3280687630176544 
vn -0.2695915102958679 -0.9053680300712585 0.3280687630176544 
vn 0.9580822587013245 0 -0.2864931523799896 
vn 0.9580822587013245 0 -0.2864931523799896 
vn 0.9580822587013245 0 -0.2864931523799896 
vn 0.9580822587013245 0 -0.2864931523799896 
vn -0.025969194248318672 -0.003569383639842272 0.9996563792228699 
vn -0.025969194248318672 -0.003569383639842272 0.9996563792228699 
vn -0.025969194248318672 -0.003569383639842272 0.9996563792228699 
vn -0.025969194248318672 -0.003569383639842272 0.9996563792228699 
vn 0.8213001489639282 0.36676910519599915 -0.43697428703308105 
vn 0.8213001489639282 0.36676910519599915 -0.43697428703308105 
vn 0.8213001489639282 0.36676910519599915 -0.43697428703308105 
vn 0.8213001489639282 0.36676910519599915 -0.43697428703308105 
vn -0.3277929127216339 0.928203821182251 0.1760382205247879 
vn -0.3277929127216339 0.928203821182251 0.1760382205247879 
vn -0.3277929127216339 0.928203821182251 0.1760382205247879 
vn -0.3277929127216339 0.928203821182251 0.1760382205247879 
vn 0.4662105441093445 0 -0.8846737742424011 
vn 0.4662105441093445 0 -0.8846737742424011 
vn 0.4662105441093445 0 -0.8846737742424011 
vn 0.4662105441093445 0 -0.8846737742424011 
vn -0.9851142168045044 -0.0075485073029994965 -0.17173540592193604 
vn -0.9851142168045044 -0.0075485073029994965 -0.17173540592193604 
vn -0.9851142168045044 -0.0075485073029994965 -0.17173540592193604 
vn -0.9851142168045044 -0.0075485073029994965 -0.17173540592193604 
vn 0.7989835143089294 -0.4213084280490875 -0.42909738421440125 
vn 0.7989835143089294 -0.4213084280490875 -0.42909738421440125 
vn 0.7989835143089294 -0.4213084280490875 -0.42909738421440125 
vn 0.7989835143089294 -0.4213084280490875 -0.42909738421440125 
vn -0.37699076533317566 -0.9039701819419861 0.2017817199230194 
vn -0.37699076533317566 -0.9039701819419861 0.2017817199230194 
vn -0.37699076533317566 -0.9039701819419861 0.2017817199230194 
vn -0.37699076533317566 -0.9039701819419861 0.2017817199230194 
vn 0.9947329759597778 0 0.10250037163496017 
vn 0.9947329759597778 0 0.10250037163496017 
vn 0.9947329759597778 0 0.10250037163496017 
vn 0.9947329759597778 0 0.10250037163496017 
vn -0.40719926357269287 -0.007525881286710501 0.913308322429657 
vn -0.40719926357269287 -0.007525881286710501 0.913308322429657 
vn -0.40719926357269287 -0.007525881286710501 0.913308322429657 
vn -0.40719926357269287 -0.007525881286710501 0.913308322429657 
vn -0.08640307188034058 0.39799797534942627 -0.913308322429657 
vn -0.08640307188034058 0.39799797534942627 -0.913308322429657 
vn -0.08640307188034058 0.39799797534942627 -0.913308322429657 
vn -0.08640307188034058 0.39799797534942627 -0.913308322429657 
vn 0.03772559016942978 0.9169268012046814 0.3972681760787964 
vn 0.03772559016942978 0.9169268012046814 0.3972681760787964 
vn 0.03772559016942978 0.9169268012046814 0.3972681760787964 
vn 0.03772559016942978 0.9169268012046814 0.3972681760787964 
vn -0.6633312106132507 0.007550748065114021 -0.7482877969741821 
vn -0.6633312106132507 0.007550748065114021 -0.7482877969741821 
vn -0.6633312106132507 0.007550748065114021 -0.7482877969741821 
vn -0.6633312106132507 0.007550748065114021 -0.7482877969741821 
vn -0.450615257024765 0.00753075210377574 0.8926864862442017 
vn -0.450615257024765 0.00753075210377574 0.8926864862442017 
vn -0.450615257024765 0.00753075210377574 0.8926864862442017 
vn -0.450615257024765 0.00753075210377574 0.8926864862442017 
vn -0.08970103412866592 -0.3347688317298889 -0.9380210638046265 
vn -0.08970103412866592 -0.3347688317298889 -0.9380210638046265 
vn -0.08970103412866592 -0.3347688317298889 -0.9380210638046265 
vn -0.08970103412866592 -0.3347688317298889 -0.9380210638046265 
vn 0.030184602364897728 -0.9412670135498047 0.3363112509250641 
vn 0.030184602364897728 -0.9412670135498047 0.3363112509250641 
vn 0.030184602364897728 -0.9412670135498047 0.3363112509250641 
vn 0.030184602364897728 -0.9412670135498047 0.3363112509250641 
vn 0.5081198215484619 0.007565987762063742 -0.8612531423568726 
vn 0.5081198215484619 0.007565987762063742 -0.8612531423568726 
vn 0.5081198215484619 0.007565987762063742 -0.8612531423568726 
vn 0.5081198215484619 0.007565987762063742 -0.8612531423568726 
vn 0.6163420677185059 0.007534599397331476 0.7874425053596497 
vn 0.6163420677185059 0.007534599397331476 0.7874425053596497 
vn 0.6163420677185059 0.007534599397331476 0.7874425053596497 
vn 0.6163420677185059 0.007534599397331476 0.7874425053596497 
vn -0.27145299315452576 0.36462464928627014 -0.8907088041305542 
vn -0.27145299315452576 0.36462464928627014 -0.8907088041305542 
vn -0.27145299315452576 0.36462464928627014 -0.8907088041305542 
vn -0.27145299315452576 0.36462464928627014 -0.8907088041305542 
vn 0.11106053739786148 0.9291152358055115 0.3527185618877411 
vn 0.11106053739786148 0.9291152358055115 0.3527185618877411 
vn 0.11106053739786148 0.9291152358055115 0.3527185618877411 
vn 0.11106053739786148 0.9291152358055115 0.3527185618877411 
vn -0.7751622796058655 -0.0037756022065877914 -0.6317508816719055 
vn -0.7751622796058655 -0.0037756022065877914 -0.6317508816719055 
vn -0.7751622796058655 -0.0037756022065877914 -0.6317508816719055 
vn -0.7751622796058655 -0.0037756022065877914 -0.6317508816719055 
vn -0.3587650954723358 -0.00751505745574832 0.933397650718689 
vn -0.3587650954723358 -0.00751505745574832 0.933397650718689 
vn -0.3587650954723358 -0.00751505745574832 0.933397650718689 
vn -0.3587650954723358 -0.00751505745574832 0.933397650718689 
vn -0.26353609561920166 -0.4211912155151367 -0.8678402304649353 
vn -0.26353609561920166 -0.4211912155151367 -0.8678402304649353 
vn -0.26353609561920166 -0.4211912155151367 -0.8678402304649353 
vn -0.26353609561920166 -0.4211912155151367 -0.8678402304649353 
vn 0.12034057825803757 -0.9044455885887146 0.40926313400268555 
vn 0.12034057825803757 -0.9044455885887146 0.40926313400268555 
vn 0.12034057825803757 -0.9044455885887146 0.40926313400268555 
vn 0.12034057825803757 -0.9044455885887146 0.40926313400268555 
vn 0.29694145917892456 0 -0.9548956751823425 
vn 0.29694145917892456 0 -0.9548956751823425 
vn 0.29694145917892456 0 -0.9548956751823425 
vn 0.29694145917892456 0 -0.9548956751823425 
vn 0.8173730969429016 -0.00754163321107626 0.5760593414306641 
vn 0.8173730969429016 -0.00754163321107626 0.5760593414306641 
vn 0.8173730969429016 -0.00754163321107626 0.5760593414306641 
vn 0.8173730969429016 -0.00754163321107626 0.5760593414306641 
vn -0.5919621586799622 0.3649637699127197 0.7185974717140198 
vn -0.5919621586799622 0.3649637699127197 0.7185974717140198 
vn -0.5919621586799622 0.3649637699127197 0.7185974717140198 
vn -0.5919621586799622 0.3649637699127197 0.7185974717140198 
vn 0.23365351557731628 0.9291542768478394 -0.2864931523799896 
vn 0.23365351557731628 0.9291542768478394 -0.2864931523799896 
vn 0.23365351557731628 0.9291542768478394 -0.2864931523799896 
vn 0.23365351557731628 0.9291542768478394 -0.2864931523799896 
vn -0.09162852168083191 -1.895089682781622e-14 0.9957932829856873 
vn -0.09162852168083191 -1.895089682781622e-14 0.9957932829856873 
vn -0.09162852168083191 -1.895089682781622e-14 0.9957932829856873 
vn -0.09162852168083191 -1.895089682781622e-14 0.9957932829856873 
vn 0.9757252335548401 -0.0075502279214560986 -0.21886809170246124 
vn 0.9757252335548401 -0.0075502279214560986 -0.21886809170246124 
vn 0.9757252335548401 -0.0075502279214560986 -0.21886809170246124 
vn 0.9757252335548401 -0.0075502279214560986 -0.21886809170246124 
vn -0.5776576995849609 -0.41969287395477295 0.7001210451126099 
vn -0.5776576995849609 -0.41969287395477295 0.7001210451126099 
vn -0.5776576995849609 -0.41969287395477295 0.7001210451126099 
vn -0.5776576995849609 -0.41969287395477295 0.7001210451126099 
vn 0.27173346281051636 -0.9047274589538574 -0.3280687630176544 
vn 0.27173346281051636 -0.9047274589538574 -0.3280687630176544 
vn 0.27173346281051636 -0.9047274589538574 -0.3280687630176544 
vn 0.27173346281051636 -0.9047274589538574 -0.3280687630176544 
vn -0.9580822587013245 -1.9815355953300973e-13 0.2864931523799896 
vn -0.9580822587013245 -1.9815355953300973e-13 0.2864931523799896 
vn -0.9580822587013245 -1.9815355953300973e-13 0.2864931523799896 
vn -0.9580822587013245 -1.9815355953300973e-13 0.2864931523799896 
vn 0.025048762559890747 -0.007726519834250212 -0.9996563792228699 
vn 0.025048762559890747 -0.007726519834250212 -0.9996563792228699 
vn 0.025048762559890747 -0.007726519834250212 -0.9996563792228699 
vn 0.025048762559890747 -0.007726519834250212 -0.9996563792228699 
vn -0.26876354217529297 0.39500269293785095 -0.8784868121147156 
vn -0.26876354217529297 0.39500269293785095 -0.8784868121147156 
vn -0.26876354217529297 0.39500269293785095 -0.8784868121147156 
vn -0.26876354217529297 0.39500269293785095 -0.8784868121147156 
vn 0.11296436935663223 0.9158909320831299 0.3852050006389618 
vn 0.11296436935663223 0.9158909320831299 0.3852050006389618 
vn 0.11296436935663223 0.9158909320831299 0.3852050006389618 
vn 0.11296436935663223 0.9158909320831299 0.3852050006389618 
vn -0.7967674732208252 0.003775471355766058 -0.6042742133140564 
vn -0.7967674732208252 0.003775471355766058 -0.6042742133140564 
vn -0.7967674732208252 0.003775471355766058 -0.6042742133140564 
vn -0.7967674732208252 0.003775471355766058 -0.6042742133140564 
vn -0.26749566197395325 0.007505204062908888 0.9635298252105713 
vn -0.26749566197395325 0.007505204062908888 0.9635298252105713 
vn -0.26749566197395325 0.007505204062908888 0.9635298252105713 
vn -0.26749566197395325 0.007505204062908888 0.9635298252105713 
vn -0.27547308802604675 -0.3315654993057251 -0.9023185968399048 
vn -0.27547308802604675 -0.3315654993057251 -0.9023185968399048 
vn -0.27547308802604675 -0.3315654993057251 -0.9023185968399048 
vn -0.27547308802604675 -0.3315654993057251 -0.9023185968399048 
vn 0.09789174795150757 -0.9410001635551453 0.3239381015300751 
vn 0.09789174795150757 -0.9410001635551453 0.3239381015300751 
vn 0.09789174795150757 -0.9410001635551453 0.3239381015300751 
vn 0.09789174795150757 -0.9410001635551453 0.3239381015300751 
vn 0.3300449550151825 0.00756969815120101 -0.9439348578453064 
vn 0.3300449550151825 0.00756969815120101 -0.9439348578453064 
vn 0.3300449550151825 0.00756969815120101 -0.9439348578453064 
vn 0.3300449550151825 0.00756969815120101 -0.9439348578453064 
vn 0.7583073377609253 0.0075391498394310474 0.651853621006012 
vn 0.7583073377609253 0.0075391498394310474 0.651853621006012 
vn 0.7583073377609253 0.0075391498394310474 0.651853621006012 
vn 0.7583073377609253 0.0075391498394310474 0.651853621006012 
vn 0.8898237943649292 0.36806610226631165 -0.26970529556274414 
vn 0.8898237943649292 0.36806610226631165 -0.26970529556274414 
vn 0.8898237943649292 0.36806610226631165 -0.26970529556274414 
vn 0.8898237943649292 0.36806610226631165 -0.26970529556274414 
vn -0.3542024493217468 0.9290450215339661 0.10684575140476227 
vn -0.3542024493217468 0.9290450215339661 0.10684575140476227 
vn -0.3542024493217468 0.9290450215339661 0.10684575140476227 
vn -0.3542024493217468 0.9290450215339661 0.10684575140476227 
vn 0.630055844783783 0 -0.7765498161315918 
vn 0.630055844783783 0 -0.7765498161315918 
vn 0.630055844783783 0 -0.7765498161315918 
vn 0.630055844783783 0 -0.7765498161315918 
vn -0.934171736240387 -0.0037770953495055437 -0.3568037748336792 
vn -0.934171736240387 -0.0037770953495055437 -0.3568037748336792 
vn -0.934171736240387 -0.0037770953495055437 -0.3568037748336792 
vn -0.934171736240387 -0.0037770953495055437 -0.3568037748336792 
vn 0.867554247379303 -0.4231811761856079 -0.2612801790237427 
vn 0.867554247379303 -0.4231811761856079 -0.2612801790237427 
vn 0.867554247379303 -0.4231811761856079 -0.2612801790237427 
vn 0.867554247379303 -0.4231811761856079 -0.2612801790237427 
vn -0.4065728187561035 -0.9051361083984375 0.1242060661315918 
vn -0.4065728187561035 -0.9051361083984375 0.1242060661315918 
vn -0.4065728187561035 -0.9051361083984375 0.1242060661315918 
vn -0.4065728187561035 -0.9051361083984375 0.1242060661315918 
vn 0.9555421471595764 0 0.2948545813560486 
vn 0.9555421471595764 0 0.2948545813560486 
vn 0.9555421471595764 0 0.2948545813560486 
vn 0.9555421471595764 0 0.2948545813560486 
vn -0.5777946710586548 -0.007532358169555664 0.8161473870277405 
vn -0.5777946710586548 -0.007532358169555664 0.8161473870277405 
vn -0.5777946710586548 -0.007532358169555664 0.8161473870277405 
vn -0.5777946710586548 -0.007532358169555664 0.8161473870277405 
vn -0.4350506365299225 0.3963001072406769 -0.8085030317306519 
vn -0.4350506365299225 0.3963001072406769 -0.8085030317306519 
vn -0.4350506365299225 0.3963001072406769 -0.8085030317306519 
vn -0.4350506365299225 0.3963001072406769 -0.8085030317306519 
vn 0.18555796146392822 0.9171465635299683 0.3527185618877411 
vn 0.18555796146392822 0.9171465635299683 0.3527185618877411 
vn 0.18555796146392822 0.9171465635299683 0.3527185618877411 
vn 0.18555796146392822 0.9171465635299683 0.3527185618877411 
vn -0.8994422554969788 0.007555474992841482 -0.43697428703308105 
vn -0.8994422554969788 0.007555474992841482 -0.43697428703308105 
vn -0.8994422554969788 0.007555474992841482 -0.43697428703308105 
vn -0.8994422554969788 0.007555474992841482 -0.43697428703308105 
vn -0.07411912083625793 0.003699131542816758 0.9972425103187561 
vn -0.07411912083625793 0.003699131542816758 0.9972425103187561 
vn -0.07411912083625793 0.003699131542816758 0.9972425103187561 
vn -0.07411912083625793 0.003699131542816758 0.9972425103187561 
vn -0.44643285870552063 -0.33183300495147705 -0.8310141563415527 
vn -0.44643285870552063 -0.33183300495147705 -0.8310141563415527 
vn -0.44643285870552063 -0.33183300495147705 -0.8310141563415527 
vn -0.44643285870552063 -0.33183300495147705 -0.8310141563415527 
vn 0.16156984865665436 -0.9404669404029846 0.2990269064903259 
vn 0.16156984865665436 -0.9404669404029846 0.2990269064903259 
vn 0.16156984865665436 -0.9404669404029846 0.2990269064903259 
vn 0.16156984865665436 -0.9404669404029846 0.2990269064903259 
vn 0.13916100561618805 0.00754509074613452 -0.9902410507202148 
vn 0.13916100561618805 0.00754509074613452 -0.9902410507202148 
vn 0.13916100561618805 0.00754509074613452 -0.9902410507202148 
vn 0.13916100561618805 0.00754509074613452 -0.9902410507202148 
vn 0.8710452318191528 0.007549069821834564 0.4911448359489441 
vn 0.8710452318191528 0.007549069821834564 0.4911448359489441 
vn 0.8710452318191528 0.007549069821834564 0.4911448359489441 
vn 0.8710452318191528 0.007549069821834564 0.4911448359489441 
vn -0.7205997705459595 0.3637756407260895 0.590256929397583 
vn -0.7205997705459595 0.3637756407260895 0.590256929397583 
vn -0.7205997705459595 0.3637756407260895 0.590256929397583 
vn -0.7205997705459595 0.3637756407260895 0.590256929397583 
vn 0.2844618856906891 0.9292138814926147 -0.23588760197162628 
vn 0.2844618856906891 0.9292138814926147 -0.23588760197162628 
vn 0.2844618856906891 0.9292138814926147 -0.23588760197162628 
vn 0.2844618856906891 0.9292138814926147 -0.23588760197162628 
vn -0.2843993604183197 -5.882035987838166e-14 0.9587059020996094 
vn -0.2843993604183197 -5.882035987838166e-14 0.9587059020996094 
vn -0.2843993604183197 -5.882035987838166e-14 0.9587059020996094 
vn -0.2843993604183197 -5.882035987838166e-14 0.9587059020996094 
vn 0.9996827244758606 -0.007549653295427561 -0.024029340595006943 
vn 0.9996827244758606 -0.007549653295427561 -0.024029340595006943 
vn 0.9996827244758606 -0.007549653295427561 -0.024029340595006943 
vn 0.9996827244758606 -0.007549653295427561 -0.024029340595006943 
vn -0.7012049555778503 -0.4200800061225891 0.5760593414306641 
vn -0.7012049555778503 -0.4200800061225891 0.5760593414306641 
vn -0.7012049555778503 -0.4200800061225891 0.5760593414306641 
vn -0.7012049555778503 -0.4200800061225891 0.5760593414306641 
vn 0.32757073640823364 -0.9055144786834717 -0.26970529556274414 
vn 0.32757073640823364 -0.9055144786834717 -0.26970529556274414 
vn 0.32757073640823364 -0.9055144786834717 -0.26970529556274414 
vn 0.32757073640823364 -0.9055144786834717 -0.26970529556274414 
vn -0.9955835342407227 -0.0037728985771536827 0.09380380809307098 
vn -0.9955835342407227 -0.0037728985771536827 0.09380380809307098 
vn -0.9955835342407227 -0.0037728985771536827 0.09380380809307098 
vn -0.9955835342407227 -0.0037728985771536827 0.09380380809307098 
vn 0.2208690494298935 -0.007586375344544649 -0.9752739667892456 
vn 0.2208690494298935 -0.007586375344544649 -0.9752739667892456 
vn 0.2208690494298935 -0.007586375344544649 -0.9752739667892456 
vn 0.2208690494298935 -0.007586375344544649 -0.9752739667892456 
vn -0.5815092921257019 0.3982084095478058 -0.7094202041625977 
vn -0.5815092921257019 0.3982084095478058 -0.7094202041625977 
vn -0.5815092921257019 0.3982084095478058 -0.7094202041625977 
vn -0.5815092921257019 0.3982084095478058 -0.7094202041625977 
vn 0.25170809030532837 0.9162996411323547 0.31150925159454346 
vn 0.25170809030532837 0.9162996411323547 0.31150925159454346 
vn 0.25170809030532837 0.9162996411323547 0.31150925159454346 
vn 0.25170809030532837 0.9162996411323547 0.31150925159454346 
vn -0.9675019979476929 0.003775792196393013 -0.25283506512641907 
vn -0.9675019979476929 0.003775792196393013 -0.25283506512641907 
vn -0.9675019979476929 0.003775792196393013 -0.25283506512641907 
vn -0.9675019979476929 0.003775792196393013 -0.25283506512641907 
vn 0.12181100249290466 0.007439921144396067 0.9925254583358765 
vn 0.12181100249290466 0.007439921144396067 0.9925254583358765 
vn 0.12181100249290466 0.007439921144396067 0.9925254583358765 
vn 0.12181100249290466 0.007439921144396067 0.9925254583358765 
vn -0.5996372699737549 -0.33310481905937195 -0.7276512384414673 
vn -0.5996372699737549 -0.33310481905937195 -0.7276512384414673 
vn -0.5996372699737549 -0.33310481905937195 -0.7276512384414673 
vn -0.5996372699737549 -0.33310481905937195 -0.7276512384414673 
vn 0.21689191460609436 -0.940579891204834 0.2612801790237427 
vn 0.21689191460609436 -0.940579891204834 0.2612801790237427 
vn 0.21689191460609436 -0.940579891204834 0.2612801790237427 
vn 0.21689191460609436 -0.940579891204834 0.2612801790237427 
vn -0.05664477497339249 0.003791921539232135 -0.9983872175216675 
vn -0.05664477497339249 0.003791921539232135 -0.9983872175216675 
vn -0.05664477497339249 0.003791921539232135 -0.9983872175216675 
vn -0.05664477497339249 0.003791921539232135 -0.9983872175216675 
vn 0.9502131342887878 0.007548029068857431 0.31150925159454346 
vn 0.9502131342887878 0.007548029068857431 0.31150925159454346 
vn 0.9502131342887878 0.007548029068857431 0.31150925159454346 
vn 0.9502131342887878 0.007548029068857431 0.31150925159454346 
vn 0.9253247380256653 0.3684729337692261 -0.08945280313491821 
vn 0.9253247380256653 0.3684729337692261 -0.08945280313491821 
vn 0.9253247380256653 0.3684729337692261 -0.08945280313491821 
vn 0.9253247380256653 0.3684729337692261 -0.08945280313491821 
vn -0.368431955575943 0.928912878036499 0.03713129088282585 
vn -0.368431955575943 0.928912878036499 0.03713129088282585 
vn -0.368431955575943 0.928912878036499 0.03713129088282585 
vn -0.368431955575943 0.928912878036499 0.03713129088282585 
vn 0.7696212530136108 0 -0.6385006904602051 
vn 0.7696212530136108 0 -0.6385006904602051 
vn 0.7696212530136108 0 -0.6385006904602051 
vn 0.7696212530136108 0 -0.6385006904602051 
vn -0.8464413285255432 -0.007554671727120876 -0.5324283838272095 
vn -0.8464413285255432 -0.007554671727120876 -0.5324283838272095 
vn -0.8464413285255432 -0.007554671727120876 -0.5324283838272095 
vn -0.8464413285255432 -0.007554671727120876 -0.5324283838272095 
vn 0.901296079158783 -0.42386743426322937 -0.08945280313491821 
vn 0.901296079158783 -0.42386743426322937 -0.08945280313491821 
vn 0.901296079158783 -0.42386743426322937 -0.08945280313491821 
vn 0.901296079158783 -0.42386743426322937 -0.08945280313491821 
vn -0.42377328872680664 -0.9048172235488892 0.04149730131030083 
vn -0.42377328872680664 -0.9048172235488892 0.04149730131030083 
vn -0.42377328872680664 -0.9048172235488892 0.04149730131030083 
vn -0.42377328872680664 -0.9048172235488892 0.04149730131030083 
vn 0.8795284628868103 0 0.4758462607860565 
vn 0.8795284628868103 0 0.4758462607860565 
vn 0.8795284628868103 0 0.4758462607860565 
vn 0.8795284628868103 0 0.4758462607860565 
vn -0.726141095161438 -0.003770677838474512 0.6875353455543518 
vn -0.726141095161438 -0.003770677838474512 0.6875353455543518 
vn -0.726141095161438 -0.003770677838474512 0.6875353455543518 
vn -0.726141095161438 -0.003770677838474512 0.6875353455543518 
vn -0.7084888815879822 0.39742186665534973 -0.5831804275512695 
vn -0.7084888815879822 0.39742186665534973 -0.5831804275512695 
vn -0.7084888815879822 0.39742186665534973 -0.5831804275512695 
vn -0.7084888815879822 0.39742186665534973 -0.5831804275512695 
vn 0.3133038282394409 0.9153770208358765 0.25283506512641907 
vn 0.3133038282394409 0.9153770208358765 0.25283506512641907 
vn 0.3133038282394409 0.9153770208358765 0.25283506512641907 
vn 0.3133038282394409 0.9153770208358765 0.25283506512641907 
vn -0.9982536435127258 0.0037739125546067953 -0.058952588587999344 
vn -0.9982536435127258 0.0037739125546067953 -0.058952588587999344 
vn -0.9982536435127258 0.0037739125546067953 -0.058952588587999344 
vn -0.9982536435127258 0.0037739125546067953 -0.058952588587999344 
vn 0.31349432468414307 0.007519544567912817 0.949560284614563 
vn 0.31349432468414307 0.007519544567912817 0.949560284614563 
vn 0.31349432468414307 0.007519544567912817 0.949560284614563 
vn 0.31349432468414307 0.007519544567912817 0.949560284614563 
vn -0.7294776439666748 -0.33333006501197815 -0.5972883701324463 
vn -0.7294776439666748 -0.33333006501197815 -0.5972883701324463 
vn -0.7294776439666748 -0.33333006501197815 -0.5972883701324463 
vn -0.7294776439666748 -0.33333006501197815 -0.5972883701324463 
vn 0.26279976963996887 -0.9406816959381104 0.21460255980491638 
vn 0.26279976963996887 -0.9406816959381104 0.21460255980491638 
vn 0.26279976963996887 -0.9406816959381104 0.21460255980491638 
vn 0.26279976963996887 -0.9406816959381104 0.21460255980491638 
vn -0.25060638785362244 0.00757252611219883 -0.9680594801902771 
vn -0.25060638785362244 0.00757252611219883 -0.9680594801902771 
vn -0.25060638785362244 0.00757252611219883 -0.9680594801902771 
vn -0.25060638785362244 0.00757252611219883 -0.9680594801902771 
vn 0.992760956287384 0.007551841903477907 0.11986933648586273 
vn 0.992760956287384 0.007551841903477907 0.11986933648586273 
vn 0.992760956287384 0.007551841903477907 0.11986933648586273 
vn 0.992760956287384 0.007551841903477907 0.11986933648586273 
vn -0.8199620246887207 0.3697510063648224 0.43697428703308105 
vn -0.8199620246887207 0.3697510063648224 0.43697428703308105 
vn -0.8199620246887207 0.3697510063648224 0.43697428703308105 
vn -0.8199620246887207 0.3697510063648224 0.43697428703308105 
vn 0.32423004508018494 0.9294543862342834 -0.1760382205247879 
vn 0.32423004508018494 0.9294543862342834 -0.1760382205247879 
vn 0.32423004508018494 0.9294543862342834 -0.1760382205247879 
vn 0.32423004508018494 0.9294543862342834 -0.1760382205247879 
vn -0.46619534492492676 -0.0037651099264621735 0.8846737742424011 
vn -0.46619534492492676 -0.0037651099264621735 0.8846737742424011 
vn -0.46619534492492676 -0.0037651099264621735 0.8846737742424011 
vn -0.46619534492492676 -0.0037651099264621735 0.8846737742424011 
vn 0.9851142168045044 -0.0075485073029994965 0.17173540592193604 
vn 0.9851142168045044 -0.0075485073029994965 0.17173540592193604 
vn 0.9851142168045044 -0.0075485073029994965 0.17173540592193604 
vn 0.9851142168045044 -0.0075485073029994965 0.17173540592193604 
vn -0.7992551922798157 -0.42079275846481323 0.42909738421440125 
vn -0.7992551922798157 -0.42079275846481323 0.42909738421440125 
vn -0.7992551922798157 -0.42079275846481323 0.42909738421440125 
vn -0.7992551922798157 -0.42079275846481323 0.42909738421440125 
vn 0.3735034167766571 -0.9054166674613953 -0.2017817199230194 
vn 0.3735034167766571 -0.9054166674613953 -0.2017817199230194 
vn 0.3735034167766571 -0.9054166674613953 -0.2017817199230194 
vn 0.3735034167766571 -0.9054166674613953 -0.2017817199230194 
vn -0.9947329759597778 -2.0573375902194213e-13 -0.10250037163496017 
vn -0.9947329759597778 -2.0573375902194213e-13 -0.10250037163496017 
vn -0.9947329759597778 -2.0573375902194213e-13 -0.10250037163496017 
vn -0.9947329759597778 -2.0573375902194213e-13 -0.10250037163496017 
vn 0.407198429107666 -0.007570407819002867 -0.913308322429657 
vn 0.407198429107666 -0.007570407819002867 -0.913308322429657 
vn 0.407198429107666 -0.007570407819002867 -0.913308322429657 
vn 0.407198429107666 -0.007570407819002867 -0.913308322429657 
vn -0.8107011318206787 0.39400508999824524 -0.43303996324539185 
vn -0.8107011318206787 0.39400508999824524 -0.43303996324539185 
vn -0.8107011318206787 0.39400508999824524 -0.43303996324539185 
vn -0.8107011318206787 0.39400508999824524 -0.43303996324539185 
vn 0.3560820519924164 0.9151570796966553 0.18892620503902435 
vn 0.3560820519924164 0.9151570796966553 0.18892620503902435 
vn 0.3560820519924164 0.9151570796966553 0.18892620503902435 
vn 0.3560820519924164 0.9151570796966553 0.18892620503902435 
vn -0.9905359745025635 0.0037719702813774347 0.1372016966342926 
vn -0.9905359745025635 0.0037719702813774347 0.1372016966342926 
vn -0.9905359745025635 0.0037719702813774347 0.1372016966342926 
vn -0.9905359745025635 0.0037719702813774347 0.1372016966342926 
vn 0.49298906326293945 0.007537185214459896 0.8700028657913208 
vn 0.49298906326293945 0.007537185214459896 0.8700028657913208 
vn 0.49298906326293945 0.007537185214459896 0.8700028657913208 
vn 0.49298906326293945 0.007537185214459896 0.8700028657913208 
vn -0.8304839730262756 -0.33531102538108826 -0.44481781125068665 
vn -0.8304839730262756 -0.33531102538108826 -0.44481781125068665 
vn -0.8304839730262756 -0.33531102538108826 -0.44481781125068665 
vn -0.8304839730262756 -0.33531102538108826 -0.44481781125068665 
vn 0.30078577995300293 -0.9403765797615051 0.15880759060382843 
vn 0.30078577995300293 -0.9403765797615051 0.15880759060382843 
vn 0.30078577995300293 -0.9403765797615051 0.15880759060382843 
vn 0.30078577995300293 -0.9403765797615051 0.15880759060382843 
vn -0.4349426329135895 0.0075499992817640305 -0.9004265069961548 
vn -0.4349426329135895 0.0075499992817640305 -0.9004265069961548 
vn -0.4349426329135895 0.0075499992817640305 -0.9004265069961548 
vn -0.4349426329135895 0.0075499992817640305 -0.9004265069961548 
vn 0.9970494508743286 0.0075479112565517426 -0.0763898640871048 
vn 0.9970494508743286 0.0075479112565517426 -0.0763898640871048 
vn 0.9970494508743286 0.0075479112565517426 -0.0763898640871048 
vn 0.9970494508743286 0.0075479112565517426 -0.0763898640871048 
vn 0.9253247380256653 0.3684729337692261 0.08945280313491821 
vn 0.9253247380256653 0.3684729337692261 0.08945280313491821 
vn 0.9253247380256653 0.3684729337692261 0.08945280313491821 
vn 0.9253247380256653 0.3684729337692261 0.08945280313491821 
vn -0.368431955575943 0.928912878036499 -0.03713129088282585 
vn -0.368431955575943 0.928912878036499 -0.03713129088282585 
vn -0.368431955575943 0.928912878036499 -0.03713129088282585 
vn -0.368431955575943 0.928912878036499 -0.03713129088282585 
vn 0.8795284628868103 0 -0.4758462607860565 
vn 0.8795284628868103 0 -0.4758462607860565 
vn 0.8795284628868103 0 -0.4758462607860565 
vn 0.8795284628868103 0 -0.4758462607860565 
vn -0.7261115908622742 -0.007553739007562399 -0.6875353455543518 
vn -0.7261115908622742 -0.007553739007562399 -0.6875353455543518 
vn -0.7261115908622742 -0.007553739007562399 -0.6875353455543518 
vn -0.7261115908622742 -0.007553739007562399 -0.6875353455543518 
vn 0.901296079158783 -0.42386743426322937 0.08945280313491821 
vn 0.901296079158783 -0.42386743426322937 0.08945280313491821 
vn 0.901296079158783 -0.42386743426322937 0.08945280313491821 
vn 0.901296079158783 -0.42386743426322937 0.08945280313491821 
vn -0.42377328872680664 -0.9048172235488892 -0.04149730131030083 
vn -0.42377328872680664 -0.9048172235488892 -0.04149730131030083 
vn -0.42377328872680664 -0.9048172235488892 -0.04149730131030083 
vn -0.42377328872680664 -0.9048172235488892 -0.04149730131030083 
vn 0.7696212530136108 0 0.6385006904602051 
vn 0.7696212530136108 0 0.6385006904602051 
vn 0.7696212530136108 0 0.6385006904602051 
vn 0.7696212530136108 0 0.6385006904602051 
vn -0.8464666604995728 -0.0037720154505223036 0.5324283838272095 
vn -0.8464666604995728 -0.0037720154505223036 0.5324283838272095 
vn -0.8464666604995728 -0.0037720154505223036 0.5324283838272095 
vn -0.8464666604995728 -0.0037720154505223036 0.5324283838272095 
vn -0.8791140913963318 0.395816445350647 -0.26549527049064636 
vn -0.8791140913963318 0.395816445350647 -0.26549527049064636 
vn -0.8791140913963318 0.395816445350647 -0.26549527049064636 
vn -0.8791140913963318 0.395816445350647 -0.26549527049064636 
vn 0.38055670261383057 0.9175125956535339 0.11553031951189041 
vn 0.38055670261383057 0.9175125956535339 0.11553031951189041 
vn 0.38055670261383057 0.9175125956535339 0.11553031951189041 
vn 0.38055670261383057 0.9175125956535339 0.11553031951189041 
vn -0.9446462988853455 0.0037709143944084644 0.3280687630176544 
vn -0.9446462988853455 0.0037709143944084644 0.3280687630176544 
vn -0.9446462988853455 0.0037709143944084644 0.3280687630176544 
vn -0.9446462988853455 0.0037709143944084644 0.3280687630176544 
vn 0.6501516103744507 0.007537280675023794 0.7597671151161194 
vn 0.6501516103744507 0.007537280675023794 0.7597671151161194 
vn 0.6501516103744507 0.007537280675023794 0.7597671151161194 
vn 0.6501516103744507 0.007537280675023794 0.7597671151161194 
vn -0.9023104906082153 -0.332879900932312 -0.27391019463539124 
vn -0.9023104906082153 -0.332879900932312 -0.27391019463539124 
vn -0.9023104906082153 -0.332879900932312 -0.27391019463539124 
vn -0.9023104906082153 -0.332879900932312 -0.27391019463539124 
vn 0.31899333000183105 -0.9426607489585876 0.0981530249118805 
vn 0.31899333000183105 -0.9426607489585876 0.0981530249118805 
vn 0.31899333000183105 -0.9426607489585876 0.0981530249118805 
vn 0.31899333000183105 -0.9426607489585876 0.0981530249118805 
vn -0.602520227432251 0.003778239479288459 -0.7980946898460388 
vn -0.602520227432251 0.003778239479288459 -0.7980946898460388 
vn -0.602520227432251 0.003778239479288459 -0.7980946898460388 
vn -0.602520227432251 0.003778239479288459 -0.7980946898460388 
vn 0.9629132747650146 0.007553416769951582 -0.26970529556274414 
vn 0.9629132747650146 0.007553416769951582 -0.26970529556274414 
vn 0.9629132747650146 0.007553416769951582 -0.26970529556274414 
vn 0.9629132747650146 0.007553416769951582 -0.26970529556274414 
vn -0.8900036811828613 0.36763089895248413 0.26970529556274414 
vn -0.8900036811828613 0.36763089895248413 0.26970529556274414 
vn -0.8900036811828613 0.36763089895248413 0.26970529556274414 
vn -0.8900036811828613 0.36763089895248413 0.26970529556274414 
vn 0.352846622467041 0.9295607805252075 -0.10684575140476227 
vn 0.352846622467041 0.9295607805252075 -0.10684575140476227 
vn 0.352846622467041 0.9295607805252075 -0.10684575140476227 
vn 0.352846622467041 0.9295607805252075 -0.10684575140476227 
vn -0.6300445795059204 -0.0037702228873968124 0.7765498161315918 
vn -0.6300445795059204 -0.0037702228873968124 0.7765498161315918 
vn -0.6300445795059204 -0.0037702228873968124 0.7765498161315918 
vn -0.6300445795059204 -0.0037702228873968124 0.7765498161315918 
vn 0.934148907661438 -0.007544419262558222 0.3568037748336792 
vn 0.934148907661438 -0.007544419262558222 0.3568037748336792 
vn 0.934148907661438 -0.007544419262558222 0.3568037748336792 
vn 0.934148907661438 -0.007544419262558222 0.3568037748336792 
vn -0.8677929639816284 -0.4226914048194885 0.2612801790237427 
vn -0.8677929639816284 -0.4226914048194885 0.2612801790237427 
vn -0.8677929639816284 -0.4226914048194885 0.2612801790237427 
vn -0.8677929639816284 -0.4226914048194885 0.2612801790237427 
vn 0.4065728187561035 -0.9051361083984375 -0.1242060661315918 
vn 0.4065728187561035 -0.9051361083984375 -0.1242060661315918 
vn 0.4065728187561035 -0.9051361083984375 -0.1242060661315918 
vn 0.4065728187561035 -0.9051361083984375 -0.1242060661315918 
vn -0.9555346965789795 -0.003775995457544923 -0.2948545813560486 
vn -0.9555346965789795 -0.003775995457544923 -0.2948545813560486 
vn -0.9555346965789795 -0.003775995457544923 -0.2948545813560486 
vn -0.9555346965789795 -0.003775995457544923 -0.2948545813560486 
vn 0.5777942538261414 -0.007563740946352482 -0.8161473870277405 
vn 0.5777942538261414 -0.007563740946352482 -0.8161473870277405 
vn 0.5777942538261414 -0.007563740946352482 -0.8161473870277405 
vn 0.5777942538261414 -0.007563740946352482 -0.8161473870277405 
vn -0.9122217297554016 0.39981216192245483 -0.08945280313491821 
vn -0.9122217297554016 0.39981216192245483 -0.08945280313491821 
vn -0.9122217297554016 0.39981216192245483 -0.08945280313491821 
vn -0.9122217297554016 0.39981216192245483 -0.08945280313491821 
vn 0.3963198661804199 0.917361319065094 0.03713129088282585 
vn 0.3963198661804199 0.917361319065094 0.03713129088282585 
vn 0.3963198661804199 0.917361319065094 0.03713129088282585 
vn 0.3963198661804199 0.917361319065094 0.03713129088282585 
vn -0.862328290939331 0.007546388078480959 0.5062933564186096 
vn -0.862328290939331 0.007546388078480959 0.5062933564186096 
vn -0.862328290939331 0.007546388078480959 0.5062933564186096 
vn -0.862328290939331 0.007546388078480959 0.5062933564186096 
vn 0.7860578298568726 0.007540608756244183 0.6181069612503052 
vn 0.7860578298568726 0.007540608756244183 0.6181069612503052 
vn 0.7860578298568726 0.007540608756244183 0.6181069612503052 
vn 0.7860578298568726 0.007540608756244183 0.6181069612503052 
vn -0.9369747042655945 -0.33656975626945496 -0.09380380809307098 
vn -0.9369747042655945 -0.33656975626945496 -0.09380380809307098 
vn -0.9369747042655945 -0.33656975626945496 -0.09380380809307098 
vn -0.9369747042655945 -0.33656975626945496 -0.09380380809307098 
vn 0.33315327763557434 -0.9423032402992249 0.03276457265019417 
vn 0.33315327763557434 -0.9423032402992249 0.03276457265019417 
vn 0.33315327763557434 -0.9423032402992249 0.03276457265019417 
vn 0.33315327763557434 -0.9423032402992249 0.03276457265019417 
vn -0.7468271851539612 0.003778175450861454 -0.6650074124336243 
vn -0.7468271851539612 0.003778175450861454 -0.6650074124336243 
vn -0.7468271851539612 0.003778175450861454 -0.6650074124336243 
vn -0.7468271851539612 0.003778175450861454 -0.6650074124336243 
vn 0.8916677832603455 0.007550738286226988 -0.45262736082077026 
vn 0.8916677832603455 0.007550738286226988 -0.45262736082077026 
vn 0.8916677832603455 0.007550738286226988 -0.45262736082077026 
vn 0.8916677832603455 0.007550738286226988 -0.45262736082077026 
vn 0.8900036811828613 0.36763089895248413 0.26970529556274414 
vn 0.8900036811828613 0.36763089895248413 0.26970529556274414 
vn 0.8900036811828613 0.36763089895248413 0.26970529556274414 
vn 0.8900036811828613 0.36763089895248413 0.26970529556274414 
vn -0.3563752770423889 0.9282136559486389 -0.10684575140476227 
vn -0.3563752770423889 0.9282136559486389 -0.10684575140476227 
vn -0.3563752770423889 0.9282136559486389 -0.10684575140476227 
vn -0.3563752770423889 0.9282136559486389 -0.10684575140476227 
vn 0.9555421471595764 0 -0.2948545813560486 
vn 0.9555421471595764 0 -0.2948545813560486 
vn 0.9555421471595764 0 -0.2948545813560486 
vn 0.9555421471595764 0 -0.2948545813560486 
vn -0.5777942538261414 -0.007563740946352482 -0.8161473870277405 
vn -0.5777942538261414 -0.007563740946352482 -0.8161473870277405 
vn -0.5777942538261414 -0.007563740946352482 -0.8161473870277405 
vn -0.5777942538261414 -0.007563740946352482 -0.8161473870277405 
vn 0.8677929639816284 -0.4226914048194885 0.2612801790237427 
vn 0.8677929639816284 -0.4226914048194885 0.2612801790237427 
vn 0.8677929639816284 -0.4226914048194885 0.2612801790237427 
vn 0.8677929639816284 -0.4226914048194885 0.2612801790237427 
vn -0.4065728187561035 -0.9051361083984375 -0.1242060661315918 
vn -0.4065728187561035 -0.9051361083984375 -0.1242060661315918 
vn -0.4065728187561035 -0.9051361083984375 -0.1242060661315918 
vn -0.4065728187561035 -0.9051361083984375 -0.1242060661315918 
vn 0.630055844783783 0 0.7765498161315918 
vn 0.630055844783783 0 0.7765498161315918 
vn 0.630055844783783 0 0.7765498161315918 
vn 0.630055844783783 0 0.7765498161315918 
vn -0.934148907661438 -0.007544419262558222 0.3568037748336792 
vn -0.934148907661438 -0.007544419262558222 0.3568037748336792 
vn -0.934148907661438 -0.007544419262558222 0.3568037748336792 
vn -0.934148907661438 -0.007544419262558222 0.3568037748336792 
vn -0.9122217297554016 0.39981216192245483 0.08945280313491821 
vn -0.9122217297554016 0.39981216192245483 0.08945280313491821 
vn -0.9122217297554016 0.39981216192245483 0.08945280313491821 
vn -0.9122217297554016 0.39981216192245483 0.08945280313491821 
vn 0.3963198661804199 0.917361319065094 -0.03713129088282585 
vn 0.3963198661804199 0.917361319065094 -0.03713129088282585 
vn 0.3963198661804199 0.917361319065094 -0.03713129088282585 
vn 0.3963198661804199 0.917361319065094 -0.03713129088282585 
vn -0.7467986941337585 0.007544106338173151 0.6650074124336243 
vn -0.7467986941337585 0.007544106338173151 0.6650074124336243 
vn -0.7467986941337585 0.007544106338173151 0.6650074124336243 
vn -0.7467986941337585 0.007544106338173151 0.6650074124336243 
vn 0.891667902469635 0.007540576159954071 0.45262736082077026 
vn 0.891667902469635 0.007540576159954071 0.45262736082077026 
vn 0.891667902469635 0.007540576159954071 0.45262736082077026 
vn 0.891667902469635 0.007540576159954071 0.45262736082077026 
vn -0.9369747042655945 -0.33656975626945496 0.09380380809307098 
vn -0.9369747042655945 -0.33656975626945496 0.09380380809307098 
vn -0.9369747042655945 -0.33656975626945496 0.09380380809307098 
vn -0.9369747042655945 -0.33656975626945496 0.09380380809307098 
vn 0.33315327763557434 -0.9423032402992249 -0.03276457265019417 
vn 0.33315327763557434 -0.9423032402992249 -0.03276457265019417 
vn 0.33315327763557434 -0.9423032402992249 -0.03276457265019417 
vn 0.33315327763557434 -0.9423032402992249 -0.03276457265019417 
vn -0.8623530268669128 0.0037784927990287542 -0.5062933564186096 
vn -0.8623530268669128 0.0037784927990287542 -0.5062933564186096 
vn -0.8623530268669128 0.0037784927990287542 -0.5062933564186096 
vn -0.8623530268669128 0.0037784927990287542 -0.5062933564186096 
vn 0.786057710647583 0.007552138064056635 -0.6181069612503052 
vn 0.786057710647583 0.007552138064056635 -0.6181069612503052 
vn 0.786057710647583 0.007552138064056635 -0.6181069612503052 
vn 0.786057710647583 0.007552138064056635 -0.6181069612503052 
vn -0.9267144799232483 0.3649636507034302 0.08945280313491821 
vn -0.9267144799232483 0.3649636507034302 0.08945280313491821 
vn -0.9267144799232483 0.3649636507034302 0.08945280313491821 
vn -0.9267144799232483 0.3649636507034302 0.08945280313491821 
vn 0.368431955575943 0.928912878036499 -0.03713129088282585 
vn 0.368431955575943 0.928912878036499 -0.03713129088282585 
vn 0.368431955575943 0.928912878036499 -0.03713129088282585 
vn 0.368431955575943 0.928912878036499 -0.03713129088282585 
vn -0.7696120142936707 -0.0037719605024904013 0.6385006904602051 
vn -0.7696120142936707 -0.0037719605024904013 0.6385006904602051 
vn -0.7696120142936707 -0.0037719605024904013 0.6385006904602051 
vn -0.7696120142936707 -0.0037719605024904013 0.6385006904602051 
vn 0.8464414477348328 -0.007543956395238638 0.5324283838272095 
vn 0.8464414477348328 -0.007543956395238638 0.5324283838272095 
vn 0.8464414477348328 -0.007543956395238638 0.5324283838272095 
vn 0.8464414477348328 -0.007543956395238638 0.5324283838272095 
vn -0.9028958678245544 -0.42044883966445923 0.08945280313491821 
vn -0.9028958678245544 -0.42044883966445923 0.08945280313491821 
vn -0.9028958678245544 -0.42044883966445923 0.08945280313491821 
vn -0.9028958678245544 -0.42044883966445923 0.08945280313491821 
vn 0.42377328872680664 -0.9048172235488892 -0.04149730131030083 
vn 0.42377328872680664 -0.9048172235488892 -0.04149730131030083 
vn 0.42377328872680664 -0.9048172235488892 -0.04149730131030083 
vn 0.42377328872680664 -0.9048172235488892 -0.04149730131030083 
vn -0.8795284628868103 -1.8190681708336875e-13 -0.4758462607860565 
vn -0.8795284628868103 -1.8190681708336875e-13 -0.4758462607860565 
vn -0.8795284628868103 -1.8190681708336875e-13 -0.4758462607860565 
vn -0.8795284628868103 -1.8190681708336875e-13 -0.4758462607860565 
vn 0.7261115908622742 -0.007553739007562399 -0.6875353455543518 
vn 0.7261115908622742 -0.007553739007562399 -0.6875353455543518 
vn 0.7261115908622742 -0.007553739007562399 -0.6875353455543518 
vn 0.7261115908622742 -0.007553739007562399 -0.6875353455543518 
vn -0.8777690529823303 0.3987903594970703 0.26549527049064636 
vn -0.8777690529823303 0.3987903594970703 0.26549527049064636 
vn -0.8777690529823303 0.3987903594970703 0.26549527049064636 
vn -0.8777690529823303 0.3987903594970703 0.26549527049064636 
vn 0.38055670261383057 0.9175125956535339 -0.11553031951189041 
vn 0.38055670261383057 0.9175125956535339 -0.11553031951189041 
vn 0.38055670261383057 0.9175125956535339 -0.11553031951189041 
vn 0.38055670261383057 0.9175125956535339 -0.11553031951189041 
vn -0.6024848818778992 0.007541278377175331 0.7980946898460388 
vn -0.6024848818778992 0.007541278377175331 0.7980946898460388 
vn -0.6024848818778992 0.007541278377175331 0.7980946898460388 
vn -0.6024848818778992 0.007541278377175331 0.7980946898460388 
vn 0.9629133343696594 0.007543998770415783 0.26970529556274414 
vn 0.9629133343696594 0.007543998770415783 0.26970529556274414 
vn 0.9629133343696594 0.007543998770415783 0.26970529556274414 
vn 0.9629133343696594 0.007543998770415783 0.26970529556274414 
vn -0.9011462926864624 -0.3360186815261841 0.27391019463539124 
vn -0.9011462926864624 -0.3360186815261841 0.27391019463539124 
vn -0.9011462926864624 -0.3360186815261841 0.27391019463539124 
vn -0.9011462926864624 -0.3360186815261841 0.27391019463539124 
vn 0.31899333000183105 -0.9426607489585876 -0.0981530249118805 
vn 0.31899333000183105 -0.9426607489585876 -0.0981530249118805 
vn 0.31899333000183105 -0.9426607489585876 -0.0981530249118805 
vn 0.31899333000183105 -0.9426607489585876 -0.0981530249118805 
vn -0.9446236491203308 0.007551363669335842 -0.3280687630176544 
vn -0.9446236491203308 0.007551363669335842 -0.3280687630176544 
vn -0.9446236491203308 0.007551363669335842 -0.3280687630176544 
vn -0.9446236491203308 0.007551363669335842 -0.3280687630176544 
vn 0.6501514315605164 0.00755121186375618 -0.7597671151161194 
vn 0.6501514315605164 0.00755121186375618 -0.7597671151161194 
vn 0.6501514315605164 0.00755121186375618 -0.7597671151161194 
vn 0.6501514315605164 0.00755121186375618 -0.7597671151161194 
vn 0.8215056657791138 0.3663085103034973 0.43697428703308105 
vn 0.8215056657791138 0.3663085103034973 0.43697428703308105 
vn 0.8215056657791138 0.3663085103034973 0.43697428703308105 
vn 0.8215056657791138 0.3663085103034973 0.43697428703308105 
vn -0.3277929127216339 0.928203821182251 -0.1760382205247879 
vn -0.3277929127216339 0.928203821182251 -0.1760382205247879 
vn -0.3277929127216339 0.928203821182251 -0.1760382205247879 
vn -0.3277929127216339 0.928203821182251 -0.1760382205247879 
vn 0.9947329759597778 0 -0.10250037163496017 
vn 0.9947329759597778 0 -0.10250037163496017 
vn 0.9947329759597778 0 -0.10250037163496017 
vn 0.9947329759597778 0 -0.10250037163496017 
vn -0.407198429107666 -0.007570407819002867 -0.913308322429657 
vn -0.407198429107666 -0.007570407819002867 -0.913308322429657 
vn -0.407198429107666 -0.007570407819002867 -0.913308322429657 
vn -0.407198429107666 -0.007570407819002867 -0.913308322429657 
vn 0.7992551922798157 -0.42079275846481323 0.42909738421440125 
vn 0.7992551922798157 -0.42079275846481323 0.42909738421440125 
vn 0.7992551922798157 -0.42079275846481323 0.42909738421440125 
vn 0.7992551922798157 -0.42079275846481323 0.42909738421440125 
vn -0.37699076533317566 -0.9039701819419861 -0.2017817199230194 
vn -0.37699076533317566 -0.9039701819419861 -0.2017817199230194 
vn -0.37699076533317566 -0.9039701819419861 -0.2017817199230194 
vn -0.37699076533317566 -0.9039701819419861 -0.2017817199230194 
vn 0.4662105441093445 0 0.8846737742424011 
vn 0.4662105441093445 0 0.8846737742424011 
vn 0.4662105441093445 0 0.8846737742424011 
vn 0.4662105441093445 0 0.8846737742424011 
vn -0.9851142168045044 -0.0075485073029994965 0.17173540592193604 
vn -0.9851142168045044 -0.0075485073029994965 0.17173540592193604 
vn -0.9851142168045044 -0.0075485073029994965 0.17173540592193604 
vn -0.9851142168045044 -0.0075485073029994965 0.17173540592193604 
vn -0.8092851042747498 0.3969055414199829 0.43303996324539185 
vn -0.8092851042747498 0.3969055414199829 0.43303996324539185 
vn -0.8092851042747498 0.3969055414199829 0.43303996324539185 
vn -0.8092851042747498 0.3969055414199829 0.43303996324539185 
vn 0.3560820519924164 0.9151570796966553 -0.18892620503902435 
vn 0.3560820519924164 0.9151570796966553 -0.18892620503902435 
vn 0.3560820519924164 0.9151570796966553 -0.18892620503902435 
vn 0.3560820519924164 0.9151570796966553 -0.18892620503902435 
vn -0.43499186635017395 0.0037647420540452003 0.9004265069961548 
vn -0.43499186635017395 0.0037647420540452003 0.9004265069961548 
vn -0.43499186635017395 0.0037647420540452003 0.9004265069961548 
vn -0.43499186635017395 0.0037647420540452003 0.9004265069961548 
vn 0.9970494508743286 0.0075479112565517426 0.0763898640871048 
vn 0.9970494508743286 0.0075479112565517426 0.0763898640871048 
vn 0.9970494508743286 0.0075479112565517426 0.0763898640871048 
vn 0.9970494508743286 0.0075479112565517426 0.0763898640871048 
vn -0.8320592641830444 -0.33138272166252136 0.44481781125068665 
vn -0.8320592641830444 -0.33138272166252136 0.44481781125068665 
vn -0.8320592641830444 -0.33138272166252136 0.44481781125068665 
vn -0.8320592641830444 -0.33138272166252136 0.44481781125068665 
vn 0.30078577995300293 -0.9403765797615051 -0.15880759060382843 
vn 0.30078577995300293 -0.9403765797615051 -0.15880759060382843 
vn 0.30078577995300293 -0.9403765797615051 -0.15880759060382843 
vn 0.30078577995300293 -0.9403765797615051 -0.15880759060382843 
vn -0.99051433801651 0.007553040981292725 -0.1372016966342926 
vn -0.99051433801651 0.007553040981292725 -0.1372016966342926 
vn -0.99051433801651 0.007553040981292725 -0.1372016966342926 
vn -0.99051433801651 0.007553040981292725 -0.1372016966342926 
vn 0.49298879504203796 0.007555567193776369 -0.8700028657913208 
vn 0.49298879504203796 0.007555567193776369 -0.8700028657913208 
vn 0.49298879504203796 0.007555567193776369 -0.8700028657913208 
vn 0.49298879504203796 0.007555567193776369 -0.8700028657913208 
vn 0.08957728743553162 0.39729559421539307 0.913308322429657 
vn 0.08957728743553162 0.39729559421539307 0.913308322429657 
vn 0.08957728743553162 0.39729559421539307 0.913308322429657 
vn 0.08957728743553162 0.39729559421539307 0.913308322429657 
vn -0.03966261073946953 0.9168450832366943 -0.3972681760787964 
vn -0.03966261073946953 0.9168450832366943 -0.3972681760787964 
vn -0.03966261073946953 0.9168450832366943 -0.3972681760787964 
vn -0.03966261073946953 0.9168450832366943 -0.3972681760787964 
vn 0.6633313894271851 0.007537094876170158 0.7482877969741821 
vn 0.6633313894271851 0.007537094876170158 0.7482877969741821 
vn 0.6633313894271851 0.007537094876170158 0.7482877969741821 
vn 0.6633313894271851 0.007537094876170158 0.7482877969741821 
vn 0.45061492919921875 0.007550832349807024 -0.8926864862442017 
vn 0.45061492919921875 0.007550832349807024 -0.8926864862442017 
vn 0.45061492919921875 0.007550832349807024 -0.8926864862442017 
vn 0.45061492919921875 0.007550832349807024 -0.8926864862442017 
vn 0.09271948784589767 -0.3339454233646393 0.9380210638046265 
vn 0.09271948784589767 -0.3339454233646393 0.9380210638046265 
vn 0.09271948784589767 -0.3339454233646393 0.9380210638046265 
vn 0.09271948784589767 -0.3339454233646393 0.9380210638046265 
vn -0.030184602364897728 -0.9412670135498047 -0.3363112509250641 
vn -0.030184602364897728 -0.9412670135498047 -0.3363112509250641 
vn -0.030184602364897728 -0.9412670135498047 -0.3363112509250641 
vn -0.030184602364897728 -0.9412670135498047 -0.3363112509250641 
vn -0.5081203579902649 0.007530301809310913 0.8612531423568726 
vn -0.5081203579902649 0.007530301809310913 0.8612531423568726 
vn -0.5081203579902649 0.007530301809310913 0.8612531423568726 
vn -0.5081203579902649 0.007530301809310913 0.8612531423568726 
vn -0.6163417100906372 0.0075640301220119 -0.7874425053596497 
vn -0.6163417100906372 0.0075640301220119 -0.7874425053596497 
vn -0.6163417100906372 0.0075640301220119 -0.7874425053596497 
vn -0.6163417100906372 0.0075640301220119 -0.7874425053596497 
vn -0.9267144799232483 0.3649636507034302 -0.08945280313491821 
vn -0.9267144799232483 0.3649636507034302 -0.08945280313491821 
vn -0.9267144799232483 0.3649636507034302 -0.08945280313491821 
vn -0.9267144799232483 0.3649636507034302 -0.08945280313491821 
vn 0.368431955575943 0.928912878036499 0.03713129088282585 
vn 0.368431955575943 0.928912878036499 0.03713129088282585 
vn 0.368431955575943 0.928912878036499 0.03713129088282585 
vn 0.368431955575943 0.928912878036499 0.03713129088282585 
vn -0.8795284628868103 -1.8190681708336875e-13 0.4758462607860565 
vn -0.8795284628868103 -1.8190681708336875e-13 0.4758462607860565 
vn -0.8795284628868103 -1.8190681708336875e-13 0.4758462607860565 
vn -0.8795284628868103 -1.8190681708336875e-13 0.4758462607860565 
vn 0.7261117100715637 -0.007541253697127104 0.6875353455543518 
vn 0.7261117100715637 -0.007541253697127104 0.6875353455543518 
vn 0.7261117100715637 -0.007541253697127104 0.6875353455543518 
vn 0.7261117100715637 -0.007541253697127104 0.6875353455543518 
vn -0.9028958678245544 -0.42044883966445923 -0.08945280313491821 
vn -0.9028958678245544 -0.42044883966445923 -0.08945280313491821 
vn -0.9028958678245544 -0.42044883966445923 -0.08945280313491821 
vn -0.9028958678245544 -0.42044883966445923 -0.08945280313491821 
vn 0.42377328872680664 -0.9048172235488892 0.04149730131030083 
vn 0.42377328872680664 -0.9048172235488892 0.04149730131030083 
vn 0.42377328872680664 -0.9048172235488892 0.04149730131030083 
vn 0.42377328872680664 -0.9048172235488892 0.04149730131030083 
vn -0.7696212530136108 -1.5917546144009198e-13 -0.6385006904602051 
vn -0.7696212530136108 -1.5917546144009198e-13 -0.6385006904602051 
vn -0.7696212530136108 -1.5917546144009198e-13 -0.6385006904602051 
vn -0.7696212530136108 -1.5917546144009198e-13 -0.6385006904602051 
vn 0.8464413285255432 -0.007554671727120876 -0.5324283838272095 
vn 0.8464413285255432 -0.007554671727120876 -0.5324283838272095 
vn 0.8464413285255432 -0.007554671727120876 -0.5324283838272095 
vn 0.8464413285255432 -0.007554671727120876 -0.5324283838272095 
vn -0.7069393992424011 0.40017157793045044 0.5831804275512695 
vn -0.7069393992424011 0.40017157793045044 0.5831804275512695 
vn -0.7069393992424011 0.40017157793045044 0.5831804275512695 
vn -0.7069393992424011 0.40017157793045044 0.5831804275512695 
vn 0.3133038282394409 0.9153770208358765 -0.25283506512641907 
vn 0.3133038282394409 0.9153770208358765 -0.25283506512641907 
vn 0.3133038282394409 0.9153770208358765 -0.25283506512641907 
vn 0.3133038282394409 0.9153770208358765 -0.25283506512641907 
vn -0.25060853362083435 0.00750042824074626 0.9680594801902771 
vn -0.25060853362083435 0.00750042824074626 0.9680594801902771 
vn -0.25060853362083435 0.00750042824074626 0.9680594801902771 
vn -0.25060853362083435 0.00750042824074626 0.9680594801902771 
vn 0.992760956287384 0.007551841903477907 -0.11986933648586273 
vn 0.992760956287384 0.007551841903477907 -0.11986933648586273 
vn 0.992760956287384 0.007551841903477907 -0.11986933648586273 
vn 0.992760956287384 0.007551841903477907 -0.11986933648586273 
vn -0.7281178832054138 -0.3362899422645569 0.5972883701324463 
vn -0.7281178832054138 -0.3362899422645569 0.5972883701324463 
vn -0.7281178832054138 -0.3362899422645569 0.5972883701324463 
vn -0.7281178832054138 -0.3362899422645569 0.5972883701324463 
vn 0.26279976963996887 -0.9406816959381104 -0.21460255980491638 
vn 0.26279976963996887 -0.9406816959381104 -0.21460255980491638 
vn 0.26279976963996887 -0.9406816959381104 -0.21460255980491638 
vn 0.26279976963996887 -0.9406816959381104 -0.21460255980491638 
vn -0.9982536435127258 0.0037739125546067953 0.058952588587999344 
vn -0.9982536435127258 0.0037739125546067953 0.058952588587999344 
vn -0.9982536435127258 0.0037739125546067953 0.058952588587999344 
vn -0.9982536435127258 0.0037739125546067953 0.058952588587999344 
vn 0.31349292397499084 0.00757737597450614 -0.949560284614563 
vn 0.31349292397499084 0.00757737597450614 -0.949560284614563 
vn 0.31349292397499084 0.00757737597450614 -0.949560284614563 
vn 0.31349292397499084 0.00757737597450614 -0.949560284614563 
vn 0.2675793766975403 0.39580580592155457 0.8784868121147156 
vn 0.2675793766975403 0.39580580592155457 0.8784868121147156 
vn 0.2675793766975403 0.39580580592155457 0.8784868121147156 
vn 0.2675793766975403 0.39580580592155457 0.8784868121147156 
vn -0.11296436935663223 0.9158909320831299 -0.3852050006389618 
vn -0.11296436935663223 0.9158909320831299 -0.3852050006389618 
vn -0.11296436935663223 0.9158909320831299 -0.3852050006389618 
vn -0.11296436935663223 0.9158909320831299 -0.3852050006389618 
vn 0.7967407703399658 0.007539486512541771 0.6042742133140564 
vn 0.7967407703399658 0.007539486512541771 0.6042742133140564 
vn 0.7967407703399658 0.007539486512541771 0.6042742133140564 
vn 0.7967407703399658 0.007539486512541771 0.6042742133140564 
vn 0.26749375462532043 0.007572800852358341 -0.9635298252105713 
vn 0.26749375462532043 0.007572800852358341 -0.9635298252105713 
vn 0.26749375462532043 0.007572800852358341 -0.9635298252105713 
vn 0.26749375462532043 0.007572800852358341 -0.9635298252105713 
vn 0.271280974149704 -0.3350040912628174 0.9023185968399048 
vn 0.271280974149704 -0.3350040912628174 0.9023185968399048 
vn 0.271280974149704 -0.3350040912628174 0.9023185968399048 
vn 0.271280974149704 -0.3350040912628174 0.9023185968399048 
vn -0.09989362955093384 -0.9407897591590881 -0.3239381015300751 
vn -0.09989362955093384 -0.9407897591590881 -0.3239381015300751 
vn -0.09989362955093384 -0.9407897591590881 -0.3239381015300751 
vn -0.09989362955093384 -0.9407897591590881 -0.3239381015300751 
vn -0.33004623651504517 0.007514854893088341 0.9439348578453064 
vn -0.33004623651504517 0.007514854893088341 0.9439348578453064 
vn -0.33004623651504517 0.007514854893088341 0.9439348578453064 
vn -0.33004623651504517 0.007514854893088341 0.9439348578453064 
vn -0.7583354115486145 0.0037755954544991255 -0.651853621006012 
vn -0.7583354115486145 0.0037755954544991255 -0.651853621006012 
vn -0.7583354115486145 0.0037755954544991255 -0.651853621006012 
vn -0.7583354115486145 0.0037755954544991255 -0.651853621006012 
vn 0.7205997705459595 0.3637756407260895 0.590256929397583 
vn 0.7205997705459595 0.3637756407260895 0.590256929397583 
vn 0.7205997705459595 0.3637756407260895 0.590256929397583 
vn 0.7205997705459595 0.3637756407260895 0.590256929397583 
vn -0.28806814551353455 0.9281022548675537 -0.23588760197162628 
vn -0.28806814551353455 0.9281022548675537 -0.23588760197162628 
vn -0.28806814551353455 0.9281022548675537 -0.23588760197162628 
vn -0.28806814551353455 0.9281022548675537 -0.23588760197162628 
vn 0.9955906867980957 0 0.09380380809307098 
vn 0.9955906867980957 0 0.09380380809307098 
vn 0.9955906867980957 0 0.09380380809307098 
vn 0.9955906867980957 0 0.09380380809307098 
vn -0.22096672654151917 -0.0037937466986477375 -0.9752739667892456 
vn -0.22096672654151917 -0.0037937466986477375 -0.9752739667892456 
vn -0.22096672654151917 -0.0037937466986477375 -0.9752739667892456 
vn -0.22096672654151917 -0.0037937466986477375 -0.9752739667892456 
vn 0.6992595791816711 -0.4233103394508362 0.5760593414306641 
vn 0.6992595791816711 -0.4233103394508362 0.5760593414306641 
vn 0.6992595791816711 -0.4233103394508362 0.5760593414306641 
vn 0.6992595791816711 -0.4233103394508362 0.5760593414306641 
vn -0.33111971616744995 -0.9042227268218994 -0.26970529556274414 
vn -0.33111971616744995 -0.9042227268218994 -0.26970529556274414 
vn -0.33111971616744995 -0.9042227268218994 -0.26970529556274414 
vn -0.33111971616744995 -0.9042227268218994 -0.26970529556274414 
vn 0.2843993604183197 0 0.9587059020996094 
vn 0.2843993604183197 0 0.9587059020996094 
vn 0.2843993604183197 0 0.9587059020996094 
vn 0.2843993604183197 0 0.9587059020996094 
vn -0.9996827244758606 -0.007549653295427561 -0.024029340595006943 
vn -0.9996827244758606 -0.007549653295427561 -0.024029340595006943 
vn -0.9996827244758606 -0.007549653295427561 -0.024029340595006943 
vn -0.9996827244758606 -0.007549653295427561 -0.024029340595006943 
vn -0.5840359330177307 0.39449331164360046 0.7094202041625977 
vn -0.5840359330177307 0.39449331164360046 0.7094202041625977 
vn -0.5840359330177307 0.39449331164360046 0.7094202041625977 
vn -0.5840359330177307 0.39449331164360046 0.7094202041625977 
vn 0.25170809030532837 0.9162996411323547 -0.31150925159454346 
vn 0.25170809030532837 0.9162996411323547 -0.31150925159454346 
vn 0.25170809030532837 0.9162996411323547 -0.31150925159454346 
vn 0.25170809030532837 0.9162996411323547 -0.31150925159454346 
vn -0.0566549077630043 0.0036373657640069723 0.9983872175216675 
vn -0.0566549077630043 0.0036373657640069723 0.9983872175216675 
vn -0.0566549077630043 0.0036373657640069723 0.9983872175216675 
vn -0.0566549077630043 0.0036373657640069723 0.9983872175216675 
vn 0.9502131342887878 0.007548029068857431 -0.31150925159454346 
vn 0.9502131342887878 0.007548029068857431 -0.31150925159454346 
vn 0.9502131342887878 0.007548029068857431 -0.31150925159454346 
vn 0.9502131342887878 0.007548029068857431 -0.31150925159454346 
vn -0.6002269387245178 -0.3320411741733551 0.7276512384414673 
vn -0.6002269387245178 -0.3320411741733551 0.7276512384414673 
vn -0.6002269387245178 -0.3320411741733551 0.7276512384414673 
vn -0.6002269387245178 -0.3320411741733551 0.7276512384414673 
vn 0.21531715989112854 -0.9409416317939758 -0.2612801790237427 
vn 0.21531715989112854 -0.9409416317939758 -0.2612801790237427 
vn 0.21531715989112854 -0.9409416317939758 -0.2612801790237427 
vn 0.21531715989112854 -0.9409416317939758 -0.2612801790237427 
vn -0.9675019979476929 0.003775792196393013 0.25283506512641907 
vn -0.9675019979476929 0.003775792196393013 0.25283506512641907 
vn -0.9675019979476929 0.003775792196393013 0.25283506512641907 
vn -0.9675019979476929 0.003775792196393013 0.25283506512641907 
vn 0.12180192768573761 0.007587058003991842 -0.9925254583358765 
vn 0.12180192768573761 0.007587058003991842 -0.9925254583358765 
vn 0.12180192768573761 0.007587058003991842 -0.9925254583358765 
vn 0.12180192768573761 0.007587058003991842 -0.9925254583358765 
vn 0.4337051212787628 0.3977721929550171 0.8085030317306519 
vn 0.4337051212787628 0.3977721929550171 0.8085030317306519 
vn 0.4337051212787628 0.3977721929550171 0.8085030317306519 
vn 0.4337051212787628 0.3977721929550171 0.8085030317306519 
vn -0.191344752907753 0.9159567356109619 -0.3527185618877411 
vn -0.191344752907753 0.9159567356109619 -0.3527185618877411 
vn -0.191344752907753 0.9159567356109619 -0.3527185618877411 
vn -0.191344752907753 0.9159567356109619 -0.3527185618877411 
vn 0.8994423747062683 0.007545387838035822 0.43697428703308105 
vn 0.8994423747062683 0.007545387838035822 0.43697428703308105 
vn 0.8994423747062683 0.007545387838035822 0.43697428703308105 
vn 0.8994423747062683 0.007545387838035822 0.43697428703308105 
vn 0.07381804287433624 0.007630487438291311 -0.9972425103187561 
vn 0.07381804287433624 0.007630487438291311 -0.9972425103187561 
vn 0.07381804287433624 0.007630487438291311 -0.9972425103187561 
vn 0.07381804287433624 0.007630487438291311 -0.9972425103187561 
vn 0.4428277611732483 -0.33662891387939453 0.8310141563415527 
vn 0.4428277611732483 -0.33662891387939453 0.8310141563415527 
vn 0.4428277611732483 -0.33662891387939453 0.8310141563415527 
vn 0.4428277611732483 -0.33662891387939453 0.8310141563415527 
vn -0.16156984865665436 -0.9404669404029846 -0.2990269064903259 
vn -0.16156984865665436 -0.9404669404029846 -0.2990269064903259 
vn -0.16156984865665436 -0.9404669404029846 -0.2990269064903259 
vn -0.16156984865665436 -0.9404669404029846 -0.2990269064903259 
vn -0.1393151730298996 0.003741681342944503 0.9902410507202148 
vn -0.1393151730298996 0.003741681342944503 0.9902410507202148 
vn -0.1393151730298996 0.003741681342944503 0.9902410507202148 
vn -0.1393151730298996 0.003741681342944503 0.9902410507202148 
vn -0.8710697293281555 0.0037745703011751175 -0.4911448359489441 
vn -0.8710697293281555 0.0037745703011751175 -0.4911448359489441 
vn -0.8710697293281555 0.0037745703011751175 -0.4911448359489441 
vn -0.8710697293281555 0.0037745703011751175 -0.4911448359489441 
vn -0.89126056432724 0.36457329988479614 -0.26970529556274414 
vn -0.89126056432724 0.36457329988479614 -0.26970529556274414 
vn -0.89126056432724 0.36457329988479614 -0.26970529556274414 
vn -0.89126056432724 0.36457329988479614 -0.26970529556274414 
vn 0.3542024493217468 0.9290450215339661 0.10684575140476227 
vn 0.3542024493217468 0.9290450215339661 0.10684575140476227 
vn 0.3542024493217468 0.9290450215339661 0.10684575140476227 
vn 0.3542024493217468 0.9290450215339661 0.10684575140476227 
vn -0.9555421471595764 -1.9762819581780472e-13 0.2948545813560486 
vn -0.9555421471595764 -1.9762819581780472e-13 0.2948545813560486 
vn -0.9555421471595764 -1.9762819581780472e-13 0.2948545813560486 
vn -0.9555421471595764 -1.9762819581780472e-13 0.2948545813560486 
vn 0.5777946710586548 -0.007532358169555664 0.8161473870277405 
vn 0.5777946710586548 -0.007532358169555664 0.8161473870277405 
vn 0.5777946710586548 -0.007532358169555664 0.8161473870277405 
vn 0.5777946710586548 -0.007532358169555664 0.8161473870277405 
vn -0.8692032098770142 -0.4197837710380554 -0.2612801790237427 
vn -0.8692032098770142 -0.4197837710380554 -0.2612801790237427 
vn -0.8692032098770142 -0.4197837710380554 -0.2612801790237427 
vn -0.8692032098770142 -0.4197837710380554 -0.2612801790237427 
vn 0.4065728187561035 -0.9051361083984375 0.1242060661315918 
vn 0.4065728187561035 -0.9051361083984375 0.1242060661315918 
vn 0.4065728187561035 -0.9051361083984375 0.1242060661315918 
vn 0.4065728187561035 -0.9051361083984375 0.1242060661315918 
vn -0.630055844783783 -1.3031011003323406e-13 -0.7765498161315918 
vn -0.630055844783783 -1.3031011003323406e-13 -0.7765498161315918 
vn -0.630055844783783 -1.3031011003323406e-13 -0.7765498161315918 
vn -0.630055844783783 -1.3031011003323406e-13 -0.7765498161315918 
vn 0.9341487884521484 -0.0075541287660598755 -0.3568037748336792 
vn 0.9341487884521484 -0.0075541287660598755 -0.3568037748336792 
vn 0.9341487884521484 -0.0075541287660598755 -0.3568037748336792 
vn 0.9341487884521484 -0.0075541287660598755 -0.3568037748336792 
vn -0.4311511814594269 0.40053901076316833 0.8085030317306519 
vn -0.4311511814594269 0.40053901076316833 0.8085030317306519 
vn -0.4311511814594269 0.40053901076316833 0.8085030317306519 
vn -0.4311511814594269 0.40053901076316833 0.8085030317306519 
vn 0.191344752907753 0.9159567356109619 -0.3527185618877411 
vn 0.191344752907753 0.9159567356109619 -0.3527185618877411 
vn 0.191344752907753 0.9159567356109619 -0.3527185618877411 
vn 0.191344752907753 0.9159567356109619 -0.3527185618877411 
vn 0.1391644924879074 0.007480665110051632 0.9902410507202148 
vn 0.1391644924879074 0.007480665110051632 0.9902410507202148 
vn 0.1391644924879074 0.007480665110051632 0.9902410507202148 
vn 0.1391644924879074 0.007480665110051632 0.9902410507202148 
vn 0.8710452318191528 0.007549069821834564 -0.4911448359489441 
vn 0.8710452318191528 0.007549069821834564 -0.4911448359489441 
vn 0.8710452318191528 0.007549069821834564 -0.4911448359489441 
vn 0.8710452318191528 0.007549069821834564 -0.4911448359489441 
vn -0.4428277611732483 -0.33662891387939453 0.8310141563415527 
vn -0.4428277611732483 -0.33662891387939453 0.8310141563415527 
vn -0.4428277611732483 -0.33662891387939453 0.8310141563415527 
vn -0.4428277611732483 -0.33662891387939453 0.8310141563415527 
vn 0.16156984865665436 -0.9404669404029846 -0.2990269064903259 
vn 0.16156984865665436 -0.9404669404029846 -0.2990269064903259 
vn 0.16156984865665436 -0.9404669404029846 -0.2990269064903259 
vn 0.16156984865665436 -0.9404669404029846 -0.2990269064903259 
vn -0.8994660973548889 0.0037727272137999535 0.43697428703308105 
vn -0.8994660973548889 0.0037727272137999535 0.43697428703308105 
vn -0.8994660973548889 0.0037727272137999535 0.43697428703308105 
vn -0.8994660973548889 0.0037727272137999535 0.43697428703308105 
vn -0.07411297410726547 0.0038203089497983456 -0.9972425103187561 
vn -0.07411297410726547 0.0038203089497983456 -0.9972425103187561 
vn -0.07411297410726547 0.0038203089497983456 -0.9972425103187561 
vn -0.07411297410726547 0.0038203089497983456 -0.9972425103187561 
vn 0.5819162726402283 0.39761337637901306 0.7094202041625977 
vn 0.5819162726402283 0.39761337637901306 0.7094202041625977 
vn 0.5819162726402283 0.39761337637901306 0.7094202041625977 
vn 0.5819162726402283 0.39761337637901306 0.7094202041625977 
vn -0.25534534454345703 0.9152927398681641 -0.31150925159454346 
vn -0.25534534454345703 0.9152927398681641 -0.31150925159454346 
vn -0.25534534454345703 0.9152927398681641 -0.31150925159454346 
vn -0.25534534454345703 0.9152927398681641 -0.31150925159454346 
vn 0.967479944229126 0.0075515266507864 0.25283506512641907 
vn 0.967479944229126 0.0075515266507864 0.25283506512641907 
vn 0.967479944229126 0.0075515266507864 0.25283506512641907 
vn 0.967479944229126 0.0075515266507864 0.25283506512641907 
vn -0.12197896093130112 0.003795364871621132 -0.9925254583358765 
vn -0.12197896093130112 0.003795364871621132 -0.9925254583358765 
vn -0.12197896093130112 0.003795364871621132 -0.9925254583358765 
vn -0.12197896093130112 0.003795364871621132 -0.9925254583358765 
vn 0.6002269387245178 -0.3320411741733551 0.7276512384414673 
vn 0.6002269387245178 -0.3320411741733551 0.7276512384414673 
vn 0.6002269387245178 -0.3320411741733551 0.7276512384414673 
vn 0.6002269387245178 -0.3320411741733551 0.7276512384414673 
vn -0.21163424849510193 -0.9417768120765686 -0.2612801790237427 
vn -0.21163424849510193 -0.9417768120765686 -0.2612801790237427 
vn -0.21163424849510193 -0.9417768120765686 -0.2612801790237427 
vn -0.21163424849510193 -0.9417768120765686 -0.2612801790237427 
vn 0.05630545690655708 0.007259785197675228 0.9983872175216675 
vn 0.05630545690655708 0.007259785197675228 0.9983872175216675 
vn 0.05630545690655708 0.007259785197675228 0.9983872175216675 
vn 0.05630545690655708 0.007259785197675228 0.9983872175216675 
vn -0.9502356052398682 0.0037740441039204597 -0.31150925159454346 
vn -0.9502356052398682 0.0037740441039204597 -0.31150925159454346 
vn -0.9502356052398682 0.0037740441039204597 -0.31150925159454346 
vn -0.9502356052398682 0.0037740441039204597 -0.31150925159454346 
vn 0.5919621586799622 0.3649637699127197 0.7185974717140198 
vn 0.5919621586799622 0.3649637699127197 0.7185974717140198 
vn 0.5919621586799622 0.3649637699127197 0.7185974717140198 
vn 0.5919621586799622 0.3649637699127197 0.7185974717140198 
vn -0.23731419444084167 0.9282260537147522 -0.2864931523799896 
vn -0.23731419444084167 0.9282260537147522 -0.2864931523799896 
vn -0.23731419444084167 0.9282260537147522 -0.2864931523799896 
vn -0.23731419444084167 0.9282260537147522 -0.2864931523799896 
vn 0.9580822587013245 0 0.2864931523799896 
vn 0.9580822587013245 0 0.2864931523799896 
vn 0.9580822587013245 0 0.2864931523799896 
vn 0.9580822587013245 0 0.2864931523799896 
vn -0.0259205661714077 -0.0039068968035280704 -0.9996563792228699 
vn -0.0259205661714077 -0.0039068968035280704 -0.9996563792228699 
vn -0.0259205661714077 -0.0039068968035280704 -0.9996563792228699 
vn -0.0259205661714077 -0.0039068968035280704 -0.9996563792228699 
vn 0.5754336714744568 -0.4227370321750641 0.7001210451126099 
vn 0.5754336714744568 -0.4227370321750641 0.7001210451126099 
vn 0.5754336714744568 -0.4227370321750641 0.7001210451126099 
vn 0.5754336714744568 -0.4227370321750641 0.7001210451126099 
vn -0.27173346281051636 -0.9047274589538574 -0.3280687630176544 
vn -0.27173346281051636 -0.9047274589538574 -0.3280687630176544 
vn -0.27173346281051636 -0.9047274589538574 -0.3280687630176544 
vn -0.27173346281051636 -0.9047274589538574 -0.3280687630176544 
vn 0.09162852168083191 0 0.9957932829856873 
vn 0.09162852168083191 0 0.9957932829856873 
vn 0.09162852168083191 0 0.9957932829856873 
vn 0.09162852168083191 0 0.9957932829856873 
vn -0.9757252335548401 -0.0075502279214560986 -0.21886809170246124 
vn -0.9757252335548401 -0.0075502279214560986 -0.21886809170246124 
vn -0.9757252335548401 -0.0075502279214560986 -0.21886809170246124 
vn -0.9757252335548401 -0.0075502279214560986 -0.21886809170246124 
vn -0.2644546627998352 0.3979003429412842 0.8784868121147156 
vn -0.2644546627998352 0.3979003429412842 0.8784868121147156 
vn -0.2644546627998352 0.3979003429412842 0.8784868121147156 
vn -0.2644546627998352 0.3979003429412842 0.8784868121147156 
vn 0.11296436935663223 0.9158909320831299 -0.3852050006389618 
vn 0.11296436935663223 0.9158909320831299 -0.3852050006389618 
vn 0.11296436935663223 0.9158909320831299 -0.3852050006389618 
vn 0.11296436935663223 0.9158909320831299 -0.3852050006389618 
vn 0.33004623651504517 0.007514854893088341 0.9439348578453064 
vn 0.33004623651504517 0.007514854893088341 0.9439348578453064 
vn 0.33004623651504517 0.007514854893088341 0.9439348578453064 
vn 0.33004623651504517 0.007514854893088341 0.9439348578453064 
vn 0.7583072185516357 0.007551097311079502 -0.651853621006012 
vn 0.7583072185516357 0.007551097311079502 -0.651853621006012 
vn 0.7583072185516357 0.007551097311079502 -0.651853621006012 
vn 0.7583072185516357 0.007551097311079502 -0.651853621006012 
vn -0.271280974149704 -0.3350040912628174 0.9023185968399048 
vn -0.271280974149704 -0.3350040912628174 0.9023185968399048 
vn -0.271280974149704 -0.3350040912628174 0.9023185968399048 
vn -0.271280974149704 -0.3350040912628174 0.9023185968399048 
vn 0.09613734483718872 -0.9411810040473938 -0.3239381015300751 
vn 0.09613734483718872 -0.9411810040473938 -0.3239381015300751 
vn 0.09613734483718872 -0.9411810040473938 -0.3239381015300751 
vn 0.09613734483718872 -0.9411810040473938 -0.3239381015300751 
vn -0.7967407703399658 0.007539486512541771 0.6042742133140564 
vn -0.7967407703399658 0.007539486512541771 0.6042742133140564 
vn -0.7967407703399658 0.007539486512541771 0.6042742133140564 
vn -0.7967407703399658 0.007539486512541771 0.6042742133140564 
vn -0.26749375462532043 0.007572800852358341 -0.9635298252105713 
vn -0.26749375462532043 0.007572800852358341 -0.9635298252105713 
vn -0.26749375462532043 0.007572800852358341 -0.9635298252105713 
vn -0.26749375462532043 0.007572800852358341 -0.9635298252105713 
vn 0.7087887525558472 0.39688676595687866 0.5831804275512695 
vn 0.7087887525558472 0.39688676595687866 0.5831804275512695 
vn 0.7087887525558472 0.39688676595687866 0.5831804275512695 
vn 0.7087887525558472 0.39688676595687866 0.5831804275512695 
vn -0.30972909927368164 0.9165927767753601 -0.25283506512641907 
vn -0.30972909927368164 0.9165927767753601 -0.25283506512641907 
vn -0.30972909927368164 0.9165927767753601 -0.25283506512641907 
vn -0.30972909927368164 0.9165927767753601 -0.25283506512641907 
vn 0.9982322454452515 0.007547771092504263 0.058952588587999344 
vn 0.9982322454452515 0.007547771092504263 0.058952588587999344 
vn 0.9982322454452515 0.007547771092504263 0.058952588587999344 
vn 0.9982322454452515 0.007547771092504263 0.058952588587999344 
vn -0.31349292397499084 0.00757737597450614 -0.949560284614563 
vn -0.31349292397499084 0.00757737597450614 -0.949560284614563 
vn -0.31349292397499084 0.00757737597450614 -0.949560284614563 
vn -0.31349292397499084 0.00757737597450614 -0.949560284614563 
vn 0.7281178832054138 -0.3362899422645569 0.5972883701324463 
vn 0.7281178832054138 -0.3362899422645569 0.5972883701324463 
vn 0.7281178832054138 -0.3362899422645569 0.5972883701324463 
vn 0.7281178832054138 -0.3362899422645569 0.5972883701324463 
vn -0.2591628432273865 -0.9416901469230652 -0.21460255980491638 
vn -0.2591628432273865 -0.9416901469230652 -0.21460255980491638 
vn -0.2591628432273865 -0.9416901469230652 -0.21460255980491638 
vn -0.2591628432273865 -0.9416901469230652 -0.21460255980491638 
vn 0.25060853362083435 0.00750042824074626 0.9680594801902771 
vn 0.25060853362083435 0.00750042824074626 0.9680594801902771 
vn 0.25060853362083435 0.00750042824074626 0.9680594801902771 
vn 0.25060853362083435 0.00750042824074626 0.9680594801902771 
vn -0.992760956287384 0.007551841903477907 -0.11986933648586273 
vn -0.992760956287384 0.007551841903477907 -0.11986933648586273 
vn -0.992760956287384 0.007551841903477907 -0.11986933648586273 
vn -0.992760956287384 0.007551841903477907 -0.11986933648586273 
vn -0.8213001489639282 0.36676910519599915 -0.43697428703308105 
vn -0.8213001489639282 0.36676910519599915 -0.43697428703308105 
vn -0.8213001489639282 0.36676910519599915 -0.43697428703308105 
vn -0.8213001489639282 0.36676910519599915 -0.43697428703308105 
vn 0.32423004508018494 0.9294543862342834 0.1760382205247879 
vn 0.32423004508018494 0.9294543862342834 0.1760382205247879 
vn 0.32423004508018494 0.9294543862342834 0.1760382205247879 
vn 0.32423004508018494 0.9294543862342834 0.1760382205247879 
vn -0.9947329759597778 -2.0573375902194213e-13 0.10250037163496017 
vn -0.9947329759597778 -2.0573375902194213e-13 0.10250037163496017 
vn -0.9947329759597778 -2.0573375902194213e-13 0.10250037163496017 
vn -0.9947329759597778 -2.0573375902194213e-13 0.10250037163496017 
vn 0.40719926357269287 -0.007525881286710501 0.913308322429657 
vn 0.40719926357269287 -0.007525881286710501 0.913308322429657 
vn 0.40719926357269287 -0.007525881286710501 0.913308322429657 
vn 0.40719926357269287 -0.007525881286710501 0.913308322429657 
vn -0.7972140908241272 -0.4246470332145691 -0.42909738421440125 
vn -0.7972140908241272 -0.4246470332145691 -0.42909738421440125 
vn -0.7972140908241272 -0.4246470332145691 -0.42909738421440125 
vn -0.7972140908241272 -0.4246470332145691 -0.42909738421440125 
vn 0.3735034167766571 -0.9054166674613953 0.2017817199230194 
vn 0.3735034167766571 -0.9054166674613953 0.2017817199230194 
vn 0.3735034167766571 -0.9054166674613953 0.2017817199230194 
vn 0.3735034167766571 -0.9054166674613953 0.2017817199230194 
vn -0.4661951959133148 -0.0037845673505216837 -0.8846737742424011 
vn -0.4661951959133148 -0.0037845673505216837 -0.8846737742424011 
vn -0.4661951959133148 -0.0037845673505216837 -0.8846737742424011 
vn -0.4661951959133148 -0.0037845673505216837 -0.8846737742424011 
vn 0.9851142168045044 -0.0075485073029994965 -0.17173540592193604 
vn 0.9851142168045044 -0.0075485073029994965 -0.17173540592193604 
vn 0.9851142168045044 -0.0075485073029994965 -0.17173540592193604 
vn 0.9851142168045044 -0.0075485073029994965 -0.17173540592193604 
vn -0.08957728743553162 0.39729559421539307 0.913308322429657 
vn -0.08957728743553162 0.39729559421539307 0.913308322429657 
vn -0.08957728743553162 0.39729559421539307 0.913308322429657 
vn -0.08957728743553162 0.39729559421539307 0.913308322429657 
vn 0.03588724508881569 0.9170005917549133 -0.3972681760787964 
vn 0.03588724508881569 0.9170005917549133 -0.3972681760787964 
vn 0.03588724508881569 0.9170005917549133 -0.3972681760787964 
vn 0.03588724508881569 0.9170005917549133 -0.3972681760787964 
vn 0.5081203579902649 0.007530301809310913 0.8612531423568726 
vn 0.5081203579902649 0.007530301809310913 0.8612531423568726 
vn 0.5081203579902649 0.007530301809310913 0.8612531423568726 
vn 0.5081203579902649 0.007530301809310913 0.8612531423568726 
vn 0.6163417100906372 0.0075640301220119 -0.7874425053596497 
vn 0.6163417100906372 0.0075640301220119 -0.7874425053596497 
vn 0.6163417100906372 0.0075640301220119 -0.7874425053596497 
vn 0.6163417100906372 0.0075640301220119 -0.7874425053596497 
vn -0.09271948784589767 -0.3339454233646393 0.9380210638046265 
vn -0.09271948784589767 -0.3339454233646393 0.9380210638046265 
vn -0.09271948784589767 -0.3339454233646393 0.9380210638046265 
vn -0.09271948784589767 -0.3339454233646393 0.9380210638046265 
vn 0.030184602364897728 -0.9412670135498047 -0.3363112509250641 
vn 0.030184602364897728 -0.9412670135498047 -0.3363112509250641 
vn 0.030184602364897728 -0.9412670135498047 -0.3363112509250641 
vn 0.030184602364897728 -0.9412670135498047 -0.3363112509250641 
vn -0.663363516330719 0.003768608206883073 0.7482877969741821 
vn -0.663363516330719 0.003768608206883073 0.7482877969741821 
vn -0.663363516330719 0.003768608206883073 0.7482877969741821 
vn -0.663363516330719 0.003768608206883073 0.7482877969741821 
vn -0.45066237449645996 0.003775548655539751 -0.8926864862442017 
vn -0.45066237449645996 0.003775548655539751 -0.8926864862442017 
vn -0.45066237449645996 0.003775548655539751 -0.8926864862442017 
vn -0.45066237449645996 0.003775548655539751 -0.8926864862442017 
vn 0.8076176643371582 0.4002874791622162 0.43303996324539185 
vn 0.8076176643371582 0.4002874791622162 0.43303996324539185 
vn 0.8076176643371582 0.4002874791622162 0.43303996324539185 
vn 0.8076176643371582 0.4002874791622162 0.43303996324539185 
vn -0.3525604009628296 0.9165195226669312 -0.18892620503902435 
vn -0.3525604009628296 0.9165195226669312 -0.18892620503902435 
vn -0.3525604009628296 0.9165195226669312 -0.18892620503902435 
vn -0.3525604009628296 0.9165195226669312 -0.18892620503902435 
vn 0.99051433801651 0.007553040981292725 -0.1372016966342926 
vn 0.99051433801651 0.007553040981292725 -0.1372016966342926 
vn 0.99051433801651 0.007553040981292725 -0.1372016966342926 
vn 0.99051433801651 0.007553040981292725 -0.1372016966342926 
vn -0.49298879504203796 0.007555567193776369 -0.8700028657913208 
vn -0.49298879504203796 0.007555567193776369 -0.8700028657913208 
vn -0.49298879504203796 0.007555567193776369 -0.8700028657913208 
vn -0.49298879504203796 0.007555567193776369 -0.8700028657913208 
vn 0.8320592641830444 -0.33138272166252136 0.44481781125068665 
vn 0.8320592641830444 -0.33138272166252136 0.44481781125068665 
vn 0.8320592641830444 -0.33138272166252136 0.44481781125068665 
vn 0.8320592641830444 -0.33138272166252136 0.44481781125068665 
vn -0.30078577995300293 -0.9403765797615051 -0.15880759060382843 
vn -0.30078577995300293 -0.9403765797615051 -0.15880759060382843 
vn -0.30078577995300293 -0.9403765797615051 -0.15880759060382843 
vn -0.30078577995300293 -0.9403765797615051 -0.15880759060382843 
vn 0.43494299054145813 0.0075292023830115795 0.9004265069961548 
vn 0.43494299054145813 0.0075292023830115795 0.9004265069961548 
vn 0.43494299054145813 0.0075292023830115795 0.9004265069961548 
vn 0.43494299054145813 0.0075292023830115795 0.9004265069961548 
vn -0.9970494508743286 0.0075479112565517426 0.0763898640871048 
vn -0.9970494508743286 0.0075479112565517426 0.0763898640871048 
vn -0.9970494508743286 0.0075479112565517426 0.0763898640871048 
vn -0.9970494508743286 0.0075479112565517426 0.0763898640871048 
vn 0.4366351366043091 0.3674730360507965 0.8211658596992493 
vn 0.4366351366043091 0.3674730360507965 0.8211658596992493 
vn 0.4366351366043091 0.3674730360507965 0.8211658596992493 
vn 0.4366351366043091 0.3674730360507965 0.8211658596992493 
vn -0.1764170229434967 0.9280344247817993 -0.3280687630176544 
vn -0.1764170229434967 0.9280344247817993 -0.3280687630176544 
vn -0.1764170229434967 0.9280344247817993 -0.3280687630176544 
vn -0.1764170229434967 0.9280344247817993 -0.3280687630176544 
vn 0.8836531639099121 0 0.46814218163490295 
vn 0.8836531639099121 0 0.46814218163490295 
vn 0.8836531639099121 0 0.46814218163490295 
vn 0.8836531639099121 0 0.46814218163490295 
vn 0.16941441595554352 -0.007554377894848585 -0.9855159521102905 
vn 0.16941441595554352 -0.007554377894848585 -0.9855159521102905 
vn 0.16941441595554352 -0.007554377894848585 -0.9855159521102905 
vn 0.16941441595554352 -0.007554377894848585 -0.9855159521102905 
vn 0.4255800247192383 -0.42157983779907227 0.8007197380065918 
vn 0.4255800247192383 -0.42157983779907227 0.8007197380065918 
vn 0.4255800247192383 -0.42157983779907227 0.8007197380065918 
vn 0.4255800247192383 -0.42157983779907227 0.8007197380065918 
vn -0.2039874643087387 -0.9034186005592346 -0.37712597846984863 
vn -0.2039874643087387 -0.9034186005592346 -0.37712597846984863 
vn -0.2039874643087387 -0.9034186005592346 -0.37712597846984863 
vn -0.2039874643087387 -0.9034186005592346 -0.37712597846984863 
vn -0.10467331111431122 -2.164885939514704e-14 0.9945066571235657 
vn -0.10467331111431122 -2.164885939514704e-14 0.9945066571235657 
vn -0.10467331111431122 -2.164885939514704e-14 0.9945066571235657 
vn -0.10467331111431122 -2.164885939514704e-14 0.9945066571235657 
vn -0.9141881465911865 -0.0037740119732916355 -0.405272513628006 
vn -0.9141881465911865 -0.0037740119732916355 -0.405272513628006 
vn -0.9141881465911865 -0.0037740119732916355 -0.405272513628006 
vn -0.9141881465911865 -0.0037740119732916355 -0.405272513628006 
vn 0.8793225288391113 0.395353227853775 0.26549527049064636 
vn 0.8793225288391113 0.395353227853775 0.26549527049064636 
vn 0.8793225288391113 0.395353227853775 0.26549527049064636 
vn 0.8793225288391113 0.395353227853775 0.26549527049064636 
vn -0.38403937220573425 0.9160603284835815 -0.11553031951189041 
vn -0.38403937220573425 0.9160603284835815 -0.11553031951189041 
vn -0.38403937220573425 0.9160603284835815 -0.11553031951189041 
vn -0.38403937220573425 0.9160603284835815 -0.11553031951189041 
vn 0.9446236491203308 0.007551363669335842 -0.3280687630176544 
vn 0.9446236491203308 0.007551363669335842 -0.3280687630176544 
vn 0.9446236491203308 0.007551363669335842 -0.3280687630176544 
vn 0.9446236491203308 0.007551363669335842 -0.3280687630176544 
vn -0.6501843333244324 0.003775669727474451 -0.7597671151161194 
vn -0.6501843333244324 0.003775669727474451 -0.7597671151161194 
vn -0.6501843333244324 0.003775669727474451 -0.7597671151161194 
vn -0.6501843333244324 0.003775669727474451 -0.7597671151161194 
vn 0.9024572372436523 -0.3324817419052124 0.27391019463539124 
vn 0.9024572372436523 -0.3324817419052124 0.27391019463539124 
vn 0.9024572372436523 -0.3324817419052124 0.27391019463539124 
vn 0.9024572372436523 -0.3324817419052124 0.27391019463539124 
vn -0.31899333000183105 -0.9426607489585876 -0.0981530249118805 
vn -0.31899333000183105 -0.9426607489585876 -0.0981530249118805 
vn -0.31899333000183105 -0.9426607489585876 -0.0981530249118805 
vn -0.31899333000183105 -0.9426607489585876 -0.0981530249118805 
vn 0.6024848818778992 0.007541278377175331 0.7980946898460388 
vn 0.6024848818778992 0.007541278377175331 0.7980946898460388 
vn 0.6024848818778992 0.007541278377175331 0.7980946898460388 
vn 0.6024848818778992 0.007541278377175331 0.7980946898460388 
vn -0.9629133343696594 0.007543998770415783 0.26970529556274414 
vn -0.9629133343696594 0.007543998770415783 0.26970529556274414 
vn -0.9629133343696594 0.007543998770415783 0.26970529556274414 
vn -0.9629133343696594 0.007543998770415783 0.26970529556274414 
vn 0.08805076777935028 0.3687826097011566 -0.9253358840942383 
vn 0.08805076777935028 0.3687826097011566 -0.9253358840942383 
vn 0.08805076777935028 0.3687826097011566 -0.9253358840942383 
vn 0.08805076777935028 0.3687826097011566 -0.9253358840942383 
vn -0.03394437953829765 0.9288021326065063 0.3690181374549866 
vn -0.03394437953829765 0.9288021326065063 0.3690181374549866 
vn -0.03394437953829765 0.9288021326065063 0.3690181374549866 
vn -0.03394437953829765 0.9288021326065063 0.3690181374549866 
vn -0.47392362356185913 -9.80183545006702e-14 -0.8805659413337708 
vn -0.47392362356185913 -9.80183545006702e-14 -0.8805659413337708 
vn -0.47392362356185913 -9.80183545006702e-14 -0.8805659413337708 
vn -0.47392362356185913 -9.80183545006702e-14 -0.8805659413337708 
vn -0.6890788674354553 -0.00754317594692111 0.7246471047401428 
vn -0.6890788674354553 -0.00754317594692111 0.7246471047401428 
vn -0.6890788674354553 -0.00754317594692111 0.7246471047401428 
vn -0.6890788674354553 -0.00754317594692111 0.7246471047401428 
vn 0.08641508221626282 -0.422319233417511 -0.9023185968399048 
vn 0.08641508221626282 -0.422319233417511 -0.9023185968399048 
vn 0.08641508221626282 -0.422319233417511 -0.9023185968399048 
vn 0.08641508221626282 -0.422319233417511 -0.9023185968399048 
vn -0.04146937280893326 -0.9041740298271179 0.42514660954475403 
vn -0.04146937280893326 -0.9041740298271179 0.42514660954475403 
vn -0.04146937280893326 -0.9041740298271179 0.42514660954475403 
vn -0.04146937280893326 -0.9041740298271179 0.42514660954475403 
vn 0.6368178129196167 0 -0.7710143327713013 
vn 0.6368178129196167 0 -0.7710143327713013 
vn 0.6368178129196167 0 -0.7710143327713013 
vn 0.6368178129196167 0 -0.7710143327713013 
vn 0.5342234373092651 -0.007526562083512545 0.8453097939491272 
vn 0.5342234373092651 -0.007526562083512545 0.8453097939491272 
vn 0.5342234373092651 -0.007526562083512545 0.8453097939491272 
vn 0.5342234373092651 -0.007526562083512545 0.8453097939491272 
vn 0.913730263710022 0.3963523209095001 0.08945280313491821 
vn 0.913730263710022 0.3963523209095001 0.08945280313491821 
vn 0.913730263710022 0.3963523209095001 0.08945280313491821 
vn 0.913730263710022 0.3963523209095001 0.08945280313491821 
vn -0.3963198661804199 0.917361319065094 -0.03713129088282585 
vn -0.3963198661804199 0.917361319065094 -0.03713129088282585 
vn -0.3963198661804199 0.917361319065094 -0.03713129088282585 
vn -0.3963198661804199 0.917361319065094 -0.03713129088282585 
vn 0.8623281717300415 0.0075569129548966885 -0.5062933564186096 
vn 0.8623281717300415 0.0075569129548966885 -0.5062933564186096 
vn 0.8623281717300415 0.0075569129548966885 -0.5062933564186096 
vn 0.8623281717300415 0.0075569129548966885 -0.5062933564186096 
vn -0.786057710647583 0.007552138064056635 -0.6181069612503052 
vn -0.786057710647583 0.007552138064056635 -0.6181069612503052 
vn -0.786057710647583 0.007552138064056635 -0.6181069612503052 
vn -0.786057710647583 0.007552138064056635 -0.6181069612503052 
vn 0.9382434487342834 -0.333016574382782 0.09380380809307098 
vn 0.9382434487342834 -0.333016574382782 0.09380380809307098 
vn 0.9382434487342834 -0.333016574382782 0.09380380809307098 
vn 0.9382434487342834 -0.333016574382782 0.09380380809307098 
vn -0.33315327763557434 -0.9423032402992249 -0.03276457265019417 
vn -0.33315327763557434 -0.9423032402992249 -0.03276457265019417 
vn -0.33315327763557434 -0.9423032402992249 -0.03276457265019417 
vn -0.33315327763557434 -0.9423032402992249 -0.03276457265019417 
vn 0.7467986941337585 0.007544106338173151 0.6650074124336243 
vn 0.7467986941337585 0.007544106338173151 0.6650074124336243 
vn 0.7467986941337585 0.007544106338173151 0.6650074124336243 
vn 0.7467986941337585 0.007544106338173151 0.6650074124336243 
vn -0.8916918039321899 0.0037703218404203653 0.45262736082077026 
vn -0.8916918039321899 0.0037703218404203653 0.45262736082077026 
vn -0.8916918039321899 0.0037703218404203653 0.45262736082077026 
vn -0.8916918039321899 0.0037703218404203653 0.45262736082077026 
vn -0.718632698059082 0.3676462471485138 -0.590256929397583 
vn -0.718632698059082 0.3676462471485138 -0.590256929397583 
vn -0.718632698059082 0.3676462471485138 -0.590256929397583 
vn -0.718632698059082 0.3676462471485138 -0.590256929397583 
vn 0.2844618856906891 0.9292138814926147 0.23588760197162628 
vn 0.2844618856906891 0.9292138814926147 0.23588760197162628 
vn 0.2844618856906891 0.9292138814926147 0.23588760197162628 
vn 0.2844618856906891 0.9292138814926147 0.23588760197162628 
vn -0.9955835342407227 -0.0037728985771536827 -0.09380380809307098 
vn -0.9955835342407227 -0.0037728985771536827 -0.09380380809307098 
vn -0.9955835342407227 -0.0037728985771536827 -0.09380380809307098 
vn -0.9955835342407227 -0.0037728985771536827 -0.09380380809307098 
vn 0.22087183594703674 -0.0075043924152851105 0.9752739667892456 
vn 0.22087183594703674 -0.0075043924152851105 0.9752739667892456 
vn 0.22087183594703674 -0.0075043924152851105 0.9752739667892456 
vn 0.22087183594703674 -0.0075043924152851105 0.9752739667892456 
vn -0.698920488357544 -0.4238699674606323 -0.5760593414306641 
vn -0.698920488357544 -0.4238699674606323 -0.5760593414306641 
vn -0.698920488357544 -0.4238699674606323 -0.5760593414306641 
vn -0.698920488357544 -0.4238699674606323 -0.5760593414306641 
vn 0.32895201444625854 -0.9050136208534241 0.26970529556274414 
vn 0.32895201444625854 -0.9050136208534241 0.26970529556274414 
vn 0.32895201444625854 -0.9050136208534241 0.26970529556274414 
vn 0.32895201444625854 -0.9050136208534241 0.26970529556274414 
vn -0.2843993604183197 -5.882035987838166e-14 -0.9587059020996094 
vn -0.2843993604183197 -5.882035987838166e-14 -0.9587059020996094 
vn -0.2843993604183197 -5.882035987838166e-14 -0.9587059020996094 
vn -0.2843993604183197 -5.882035987838166e-14 -0.9587059020996094 
vn 0.9996827244758606 -0.007549653295427561 0.024029340595006943 
vn 0.9996827244758606 -0.007549653295427561 0.024029340595006943 
vn 0.9996827244758606 -0.007549653295427561 0.024029340595006943 
vn 0.9996827244758606 -0.007549653295427561 0.024029340595006943 
vn 0.913730263710022 0.3963523209095001 -0.08945280313491821 
vn 0.913730263710022 0.3963523209095001 -0.08945280313491821 
vn 0.913730263710022 0.3963523209095001 -0.08945280313491821 
vn 0.913730263710022 0.3963523209095001 -0.08945280313491821 
vn -0.3963198661804199 0.917361319065094 0.03713129088282585 
vn -0.3963198661804199 0.917361319065094 0.03713129088282585 
vn -0.3963198661804199 0.917361319065094 0.03713129088282585 
vn -0.3963198661804199 0.917361319065094 0.03713129088282585 
vn 0.7467985153198242 0.007556254044175148 -0.6650074124336243 
vn 0.7467985153198242 0.007556254044175148 -0.6650074124336243 
vn 0.7467985153198242 0.007556254044175148 -0.6650074124336243 
vn 0.7467985153198242 0.007556254044175148 -0.6650074124336243 
vn -0.8916677832603455 0.007550738286226988 -0.45262736082077026 
vn -0.8916677832603455 0.007550738286226988 -0.45262736082077026 
vn -0.8916677832603455 0.007550738286226988 -0.45262736082077026 
vn -0.8916677832603455 0.007550738286226988 -0.45262736082077026 
vn 0.9382434487342834 -0.333016574382782 -0.09380380809307098 
vn 0.9382434487342834 -0.333016574382782 -0.09380380809307098 
vn 0.9382434487342834 -0.333016574382782 -0.09380380809307098 
vn 0.9382434487342834 -0.333016574382782 -0.09380380809307098 
vn -0.33315327763557434 -0.9423032402992249 0.03276457265019417 
vn -0.33315327763557434 -0.9423032402992249 0.03276457265019417 
vn -0.33315327763557434 -0.9423032402992249 0.03276457265019417 
vn -0.33315327763557434 -0.9423032402992249 0.03276457265019417 
vn 0.862328290939331 0.007546388078480959 0.5062933564186096 
vn 0.862328290939331 0.007546388078480959 0.5062933564186096 
vn 0.862328290939331 0.007546388078480959 0.5062933564186096 
vn 0.862328290939331 0.007546388078480959 0.5062933564186096 
vn -0.7860849499702454 0.003770347684621811 0.6181069612503052 
vn -0.7860849499702454 0.003770347684621811 0.6181069612503052 
vn -0.7860849499702454 0.003770347684621811 0.6181069612503052 
vn -0.7860849499702454 0.003770347684621811 0.6181069612503052 
vn 0.27234771847724915 0.36395683884620667 0.8907088041305542 
vn 0.27234771847724915 0.36395683884620667 0.8907088041305542 
vn 0.27234771847724915 0.36395683884620667 0.8907088041305542 
vn 0.27234771847724915 0.36395683884620667 0.8907088041305542 
vn -0.10932651907205582 0.9293208718299866 -0.3527185618877411 
vn -0.10932651907205582 0.9293208718299866 -0.3527185618877411 
vn -0.10932651907205582 0.9293208718299866 -0.3527185618877411 
vn -0.10932651907205582 0.9293208718299866 -0.3527185618877411 
vn 0.7751715183258057 0 0.6317508816719055 
vn 0.7751715183258057 0 0.6317508816719055 
vn 0.7751715183258057 0 0.6317508816719055 
vn 0.7751715183258057 0 0.6317508816719055 
vn 0.35876405239105225 -0.0075654867105185986 -0.933397650718689 
vn 0.35876405239105225 -0.0075654867105185986 -0.933397650718689 
vn 0.35876405239105225 -0.0075654867105185986 -0.933397650718689 
vn 0.35876405239105225 -0.0075654867105185986 -0.933397650718689 
vn 0.2624002695083618 -0.4218997657299042 0.8678402304649353 
vn 0.2624002695083618 -0.4218997657299042 0.8678402304649353 
vn 0.2624002695083618 -0.4218997657299042 0.8678402304649353 
vn 0.2624002695083618 -0.4218997657299042 0.8678402304649353 
vn -0.12236970663070679 -0.9041733145713806 -0.40926313400268555 
vn -0.12236970663070679 -0.9041733145713806 -0.40926313400268555 
vn -0.12236970663070679 -0.9041733145713806 -0.40926313400268555 
vn -0.12236970663070679 -0.9041733145713806 -0.40926313400268555 
vn -0.29694145917892456 -6.14143542336347e-14 0.9548956751823425 
vn -0.29694145917892456 -6.14143542336347e-14 0.9548956751823425 
vn -0.29694145917892456 -6.14143542336347e-14 0.9548956751823425 
vn -0.29694145917892456 -6.14143542336347e-14 0.9548956751823425 
vn -0.8173729777336121 -0.007552723400294781 -0.5760593414306641 
vn -0.8173729777336121 -0.007552723400294781 -0.5760593414306641 
vn -0.8173729777336121 -0.007552723400294781 -0.5760593414306641 
vn -0.8173729777336121 -0.007552723400294781 -0.5760593414306641 
vn 0.8791140913963318 0.395816445350647 -0.26549527049064636 
vn 0.8791140913963318 0.395816445350647 -0.26549527049064636 
vn 0.8791140913963318 0.395816445350647 -0.26549527049064636 
vn 0.8791140913963318 0.395816445350647 -0.26549527049064636 
vn -0.38403937220573425 0.9160603284835815 0.11553031951189041 
vn -0.38403937220573425 0.9160603284835815 0.11553031951189041 
vn -0.38403937220573425 0.9160603284835815 0.11553031951189041 
vn -0.38403937220573425 0.9160603284835815 0.11553031951189041 
vn 0.6024847030639648 0.0075563304126262665 -0.7980946898460388 
vn 0.6024847030639648 0.0075563304126262665 -0.7980946898460388 
vn 0.6024847030639648 0.0075563304126262665 -0.7980946898460388 
vn 0.6024847030639648 0.0075563304126262665 -0.7980946898460388 
vn -0.9629355072975159 0.003776737255975604 -0.26970529556274414 
vn -0.9629355072975159 0.003776737255975604 -0.26970529556274414 
vn -0.9629355072975159 0.003776737255975604 -0.26970529556274414 
vn -0.9629355072975159 0.003776737255975604 -0.26970529556274414 
vn 0.9023104906082153 -0.332879900932312 -0.27391019463539124 
vn 0.9023104906082153 -0.332879900932312 -0.27391019463539124 
vn 0.9023104906082153 -0.332879900932312 -0.27391019463539124 
vn 0.9023104906082153 -0.332879900932312 -0.27391019463539124 
vn -0.31899333000183105 -0.9426607489585876 0.0981530249118805 
vn -0.31899333000183105 -0.9426607489585876 0.0981530249118805 
vn -0.31899333000183105 -0.9426607489585876 0.0981530249118805 
vn -0.31899333000183105 -0.9426607489585876 0.0981530249118805 
vn 0.9446237087249756 0.007541768718510866 0.3280687630176544 
vn 0.9446237087249756 0.007541768718510866 0.3280687630176544 
vn 0.9446237087249756 0.007541768718510866 0.3280687630176544 
vn 0.9446237087249756 0.007541768718510866 0.3280687630176544 
vn -0.6501516103744507 0.007537280675023794 0.7597671151161194 
vn -0.6501516103744507 0.007537280675023794 0.7597671151161194 
vn -0.6501516103744507 0.007537280675023794 0.7597671151161194 
vn -0.6501516103744507 0.007537280675023794 0.7597671151161194 
vn 0.27145299315452576 0.36462464928627014 -0.8907088041305542 
vn 0.27145299315452576 0.36462464928627014 -0.8907088041305542 
vn 0.27145299315452576 0.36462464928627014 -0.8907088041305542 
vn 0.27145299315452576 0.36462464928627014 -0.8907088041305542 
vn -0.1073126569390297 0.9295555949211121 0.3527185618877411 
vn -0.1073126569390297 0.9295555949211121 0.3527185618877411 
vn -0.1073126569390297 0.9295555949211121 0.3527185618877411 
vn -0.1073126569390297 0.9295555949211121 0.3527185618877411 
vn -0.2969174385070801 -0.0037766960449516773 -0.9548956751823425 
vn -0.2969174385070801 -0.0037766960449516773 -0.9548956751823425 
vn -0.2969174385070801 -0.0037766960449516773 -0.9548956751823425 
vn -0.2969174385070801 -0.0037766960449516773 -0.9548956751823425 
vn -0.8173992037773132 -0.003770856885239482 0.5760593414306641 
vn -0.8173992037773132 -0.003770856885239482 0.5760593414306641 
vn -0.8173992037773132 -0.003770856885239482 0.5760593414306641 
vn -0.8173992037773132 -0.003770856885239482 0.5760593414306641 
vn 0.2603245973587036 -0.4231836795806885 -0.8678402304649353 
vn 0.2603245973587036 -0.4231836795806885 -0.8678402304649353 
vn 0.2603245973587036 -0.4231836795806885 -0.8678402304649353 
vn 0.2603245973587036 -0.4231836795806885 -0.8678402304649353 
vn -0.12034057825803757 -0.9044455885887146 0.40926313400268555 
vn -0.12034057825803757 -0.9044455885887146 0.40926313400268555 
vn -0.12034057825803757 -0.9044455885887146 0.40926313400268555 
vn -0.12034057825803757 -0.9044455885887146 0.40926313400268555 
vn 0.7751715183258057 0 -0.6317508816719055 
vn 0.7751715183258057 0 -0.6317508816719055 
vn 0.7751715183258057 0 -0.6317508816719055 
vn 0.7751715183258057 0 -0.6317508816719055 
vn 0.3587650954723358 -0.00751505745574832 0.933397650718689 
vn 0.3587650954723358 -0.00751505745574832 0.933397650718689 
vn 0.3587650954723358 -0.00751505745574832 0.933397650718689 
vn 0.3587650954723358 -0.00751505745574832 0.933397650718689 
vn 0.8107011318206787 0.39400508999824524 -0.43303996324539185 
vn 0.8107011318206787 0.39400508999824524 -0.43303996324539185 
vn 0.8107011318206787 0.39400508999824524 -0.43303996324539185 
vn 0.8107011318206787 0.39400508999824524 -0.43303996324539185 
vn -0.3525604009628296 0.9165195226669312 0.18892620503902435 
vn -0.3525604009628296 0.9165195226669312 0.18892620503902435 
vn -0.3525604009628296 0.9165195226669312 0.18892620503902435 
vn -0.3525604009628296 0.9165195226669312 0.18892620503902435 
vn 0.4349426329135895 0.0075499992817640305 -0.9004265069961548 
vn 0.4349426329135895 0.0075499992817640305 -0.9004265069961548 
vn 0.4349426329135895 0.0075499992817640305 -0.9004265069961548 
vn 0.4349426329135895 0.0075499992817640305 -0.9004265069961548 
vn -0.9970494508743286 0.0075479112565517426 -0.0763898640871048 
vn -0.9970494508743286 0.0075479112565517426 -0.0763898640871048 
vn -0.9970494508743286 0.0075479112565517426 -0.0763898640871048 
vn -0.9970494508743286 0.0075479112565517426 -0.0763898640871048 
vn 0.8318905830383301 -0.3318059742450714 -0.44481781125068665 
vn 0.8318905830383301 -0.3318059742450714 -0.44481781125068665 
vn 0.8318905830383301 -0.3318059742450714 -0.44481781125068665 
vn 0.8318905830383301 -0.3318059742450714 -0.44481781125068665 
vn -0.30078577995300293 -0.9403765797615051 0.15880759060382843 
vn -0.30078577995300293 -0.9403765797615051 0.15880759060382843 
vn -0.30078577995300293 -0.9403765797615051 0.15880759060382843 
vn -0.30078577995300293 -0.9403765797615051 0.15880759060382843 
vn 0.9905143976211548 0.0075438860803842545 0.1372016966342926 
vn 0.9905143976211548 0.0075438860803842545 0.1372016966342926 
vn 0.9905143976211548 0.0075438860803842545 0.1372016966342926 
vn 0.9905143976211548 0.0075438860803842545 0.1372016966342926 
vn -0.4930322766304016 0.0037687027361243963 0.8700028657913208 
vn -0.4930322766304016 0.0037687027361243963 0.8700028657913208 
vn -0.4930322766304016 0.0037687027361243963 0.8700028657913208 
vn -0.4930322766304016 0.0037687027361243963 0.8700028657913208 
vn -0.5912633538246155 0.36609476804733276 -0.7185974717140198 
vn -0.5912633538246155 0.36609476804733276 -0.7185974717140198 
vn -0.5912633538246155 0.36609476804733276 -0.7185974717140198 
vn -0.5912633538246155 0.36609476804733276 -0.7185974717140198 
vn 0.23519529402256012 0.9287652373313904 0.2864931523799896 
vn 0.23519529402256012 0.9287652373313904 0.2864931523799896 
vn 0.23519529402256012 0.9287652373313904 0.2864931523799896 
vn 0.23519529402256012 0.9287652373313904 0.2864931523799896 
vn -0.9580748677253723 -0.0037765325978398323 -0.2864931523799896 
vn -0.9580748677253723 -0.0037765325978398323 -0.2864931523799896 
vn -0.9580748677253723 -0.0037765325978398323 -0.2864931523799896 
vn -0.9580748677253723 -0.0037765325978398323 -0.2864931523799896 
vn 0.02524128556251526 -0.007072276435792446 0.9996563792228699 
vn 0.02524128556251526 -0.007072276435792446 0.9996563792228699 
vn 0.02524128556251526 -0.007072276435792446 0.9996563792228699 
vn 0.02524128556251526 -0.007072276435792446 0.9996563792228699 
vn -0.5749824047088623 -0.42335057258605957 -0.7001210451126099 
vn -0.5749824047088623 -0.42335057258605957 -0.7001210451126099 
vn -0.5749824047088623 -0.42335057258605957 -0.7001210451126099 
vn -0.5749824047088623 -0.42335057258605957 -0.7001210451126099 
vn 0.27320346236228943 -0.904284656047821 0.3280687630176544 
vn 0.27320346236228943 -0.904284656047821 0.3280687630176544 
vn 0.27320346236228943 -0.904284656047821 0.3280687630176544 
vn 0.27320346236228943 -0.904284656047821 0.3280687630176544 
vn -0.09162852168083191 -1.895089682781622e-14 -0.9957932829856873 
vn -0.09162852168083191 -1.895089682781622e-14 -0.9957932829856873 
vn -0.09162852168083191 -1.895089682781622e-14 -0.9957932829856873 
vn -0.09162852168083191 -1.895089682781622e-14 -0.9957932829856873 
vn 0.9757252335548401 -0.0075502279214560986 0.21886809170246124 
vn 0.9757252335548401 -0.0075502279214560986 0.21886809170246124 
vn 0.9757252335548401 -0.0075502279214560986 0.21886809170246124 
vn 0.9757252335548401 -0.0075502279214560986 0.21886809170246124 
vn 0.7084888815879822 0.39742186665534973 -0.5831804275512695 
vn 0.7084888815879822 0.39742186665534973 -0.5831804275512695 
vn 0.7084888815879822 0.39742186665534973 -0.5831804275512695 
vn 0.7084888815879822 0.39742186665534973 -0.5831804275512695 
vn -0.30972909927368164 0.9165927767753601 0.25283506512641907 
vn -0.30972909927368164 0.9165927767753601 0.25283506512641907 
vn -0.30972909927368164 0.9165927767753601 0.25283506512641907 
vn -0.30972909927368164 0.9165927767753601 0.25283506512641907 
vn 0.25060638785362244 0.00757252611219883 -0.9680594801902771 
vn 0.25060638785362244 0.00757252611219883 -0.9680594801902771 
vn 0.25060638785362244 0.00757252611219883 -0.9680594801902771 
vn 0.25060638785362244 0.00757252611219883 -0.9680594801902771 
vn -0.992760956287384 0.007551841903477907 0.11986933648586273 
vn -0.992760956287384 0.007551841903477907 0.11986933648586273 
vn -0.992760956287384 0.007551841903477907 0.11986933648586273 
vn -0.992760956287384 0.007551841903477907 0.11986933648586273 
vn 0.7278995513916016 -0.3367622196674347 -0.5972883701324463 
vn 0.7278995513916016 -0.3367622196674347 -0.5972883701324463 
vn 0.7278995513916016 -0.3367622196674347 -0.5972883701324463 
vn 0.7278995513916016 -0.3367622196674347 -0.5972883701324463 
vn -0.2591628432273865 -0.9416901469230652 0.21460255980491638 
vn -0.2591628432273865 -0.9416901469230652 0.21460255980491638 
vn -0.2591628432273865 -0.9416901469230652 0.21460255980491638 
vn -0.2591628432273865 -0.9416901469230652 0.21460255980491638 
vn 0.9982322454452515 0.007547771092504263 -0.058952588587999344 
vn 0.9982322454452515 0.007547771092504263 -0.058952588587999344 
vn 0.9982322454452515 0.007547771092504263 -0.058952588587999344 
vn 0.9982322454452515 0.007547771092504263 -0.058952588587999344 
vn -0.31349432468414307 0.007519544567912817 0.949560284614563 
vn -0.31349432468414307 0.007519544567912817 0.949560284614563 
vn -0.31349432468414307 0.007519544567912817 0.949560284614563 
vn -0.31349432468414307 0.007519544567912817 0.949560284614563 
vn 0.09115706384181976 0.36802709102630615 0.9253358840942383 
vn 0.09115706384181976 0.36802709102630615 0.9253358840942383 
vn 0.09115706384181976 0.36802709102630615 0.9253358840942383 
vn 0.09115706384181976 0.36802709102630615 0.9253358840942383 
vn -0.0358755961060524 0.9287295341491699 -0.3690181374549866 
vn -0.0358755961060524 0.9287295341491699 -0.3690181374549866 
vn -0.0358755961060524 0.9287295341491699 -0.3690181374549866 
vn -0.0358755961060524 0.9287295341491699 -0.3690181374549866 
vn 0.6368178129196167 0 0.7710143327713013 
vn 0.6368178129196167 0 0.7710143327713013 
vn 0.6368178129196167 0 0.7710143327713013 
vn 0.6368178129196167 0 0.7710143327713013 
vn 0.5342229604721069 -0.00756046362221241 -0.8453097939491272 
vn 0.5342229604721069 -0.00756046362221241 -0.8453097939491272 
vn 0.5342229604721069 -0.00756046362221241 -0.8453097939491272 
vn 0.5342229604721069 -0.00756046362221241 -0.8453097939491272 
vn 0.08962443470954895 -0.4216498136520386 0.9023185968399048 
vn 0.08962443470954895 -0.4216498136520386 0.9023185968399048 
vn 0.08962443470954895 -0.4216498136520386 0.9023185968399048 
vn 0.08962443470954895 -0.4216498136520386 0.9023185968399048 
vn -0.04341046139597893 -0.9040828943252563 -0.42514660954475403 
vn -0.04341046139597893 -0.9040828943252563 -0.42514660954475403 
vn -0.04341046139597893 -0.9040828943252563 -0.42514660954475403 
vn -0.04341046139597893 -0.9040828943252563 -0.42514660954475403 
vn -0.4739086329936981 -0.003769264090806246 0.8805659413337708 
vn -0.4739086329936981 -0.003769264090806246 0.8805659413337708 
vn -0.4739086329936981 -0.003769264090806246 0.8805659413337708 
vn -0.4739086329936981 -0.003769264090806246 0.8805659413337708 
vn -0.6891098022460938 -0.003778226673603058 -0.7246471047401428 
vn -0.6891098022460938 -0.003778226673603058 -0.7246471047401428 
vn -0.6891098022460938 -0.003778226673603058 -0.7246471047401428 
vn -0.6891098022460938 -0.003778226673603058 -0.7246471047401428 
vn -0.2693215012550354 0.36620184779167175 0.8907088041305542 
vn -0.2693215012550354 0.36620184779167175 0.8907088041305542 
vn -0.2693215012550354 0.36620184779167175 0.8907088041305542 
vn -0.2693215012550354 0.36620184779167175 0.8907088041305542 
vn 0.10932651907205582 0.9293208718299866 -0.3527185618877411 
vn 0.10932651907205582 0.9293208718299866 -0.3527185618877411 
vn 0.10932651907205582 0.9293208718299866 -0.3527185618877411 
vn 0.10932651907205582 0.9293208718299866 -0.3527185618877411 
vn 0.29694145917892456 0 0.9548956751823425 
vn 0.29694145917892456 0 0.9548956751823425 
vn 0.29694145917892456 0 0.9548956751823425 
vn 0.29694145917892456 0 0.9548956751823425 
vn 0.8173729777336121 -0.007552723400294781 -0.5760593414306641 
vn 0.8173729777336121 -0.007552723400294781 -0.5760593414306641 
vn 0.8173729777336121 -0.007552723400294781 -0.5760593414306641 
vn 0.8173729777336121 -0.007552723400294781 -0.5760593414306641 
vn -0.2655865550041199 -0.4199013113975525 0.8678402304649353 
vn -0.2655865550041199 -0.4199013113975525 0.8678402304649353 
vn -0.2655865550041199 -0.4199013113975525 0.8678402304649353 
vn -0.2655865550041199 -0.4199013113975525 0.8678402304649353 
vn 0.12611113488674164 -0.9036590456962585 -0.40926313400268555 
vn 0.12611113488674164 -0.9036590456962585 -0.40926313400268555 
vn 0.12611113488674164 -0.9036590456962585 -0.40926313400268555 
vn 0.12611113488674164 -0.9036590456962585 -0.40926313400268555 
vn -0.7751715183258057 -1.6032337404273816e-13 0.6317508816719055 
vn -0.7751715183258057 -1.6032337404273816e-13 0.6317508816719055 
vn -0.7751715183258057 -1.6032337404273816e-13 0.6317508816719055 
vn -0.7751715183258057 -1.6032337404273816e-13 0.6317508816719055 
vn -0.35876405239105225 -0.0075654867105185986 -0.933397650718689 
vn -0.35876405239105225 -0.0075654867105185986 -0.933397650718689 
vn -0.35876405239105225 -0.0075654867105185986 -0.933397650718689 
vn -0.35876405239105225 -0.0075654867105185986 -0.933397650718689 
vn 0.5815092921257019 0.3982084095478058 -0.7094202041625977 
vn 0.5815092921257019 0.3982084095478058 -0.7094202041625977 
vn 0.5815092921257019 0.3982084095478058 -0.7094202041625977 
vn 0.5815092921257019 0.3982084095478058 -0.7094202041625977 
vn -0.25534534454345703 0.9152927398681641 0.31150925159454346 
vn -0.25534534454345703 0.9152927398681641 0.31150925159454346 
vn -0.25534534454345703 0.9152927398681641 0.31150925159454346 
vn -0.25534534454345703 0.9152927398681641 0.31150925159454346 
vn 0.056265007704496384 0.0075669074431061745 -0.9983872175216675 
vn 0.056265007704496384 0.0075669074431061745 -0.9983872175216675 
vn 0.056265007704496384 0.0075669074431061745 -0.9983872175216675 
vn 0.056265007704496384 0.0075669074431061745 -0.9983872175216675 
vn -0.9502356052398682 0.0037740441039204597 0.31150925159454346 
vn -0.9502356052398682 0.0037740441039204597 0.31150925159454346 
vn -0.9502356052398682 0.0037740441039204597 0.31150925159454346 
vn -0.9502356052398682 0.0037740441039204597 0.31150925159454346 
vn 0.5996372699737549 -0.33310481905937195 -0.7276512384414673 
vn 0.5996372699737549 -0.33310481905937195 -0.7276512384414673 
vn 0.5996372699737549 -0.33310481905937195 -0.7276512384414673 
vn 0.5996372699737549 -0.33310481905937195 -0.7276512384414673 
vn -0.21689191460609436 -0.940579891204834 0.2612801790237427 
vn -0.21689191460609436 -0.940579891204834 0.2612801790237427 
vn -0.21689191460609436 -0.940579891204834 0.2612801790237427 
vn -0.21689191460609436 -0.940579891204834 0.2612801790237427 
vn 0.967479944229126 0.0075515266507864 -0.25283506512641907 
vn 0.967479944229126 0.0075515266507864 -0.25283506512641907 
vn 0.967479944229126 0.0075515266507864 -0.25283506512641907 
vn 0.967479944229126 0.0075515266507864 -0.25283506512641907 
vn -0.12198123335838318 0.003721691435202956 0.9925254583358765 
vn -0.12198123335838318 0.003721691435202956 0.9925254583358765 
vn -0.12198123335838318 0.003721691435202956 0.9925254583358765 
vn -0.12198123335838318 0.003721691435202956 0.9925254583358765 
vn 0.4355485141277313 0.3687603175640106 -0.8211658596992493 
vn 0.4355485141277313 0.3687603175640106 -0.8211658596992493 
vn 0.4355485141277313 0.3687603175640106 -0.8211658596992493 
vn 0.4355485141277313 0.3687603175640106 -0.8211658596992493 
vn -0.1743427813053131 0.9284263253211975 0.3280687630176544 
vn -0.1743427813053131 0.9284263253211975 0.3280687630176544 
vn -0.1743427813053131 0.9284263253211975 0.3280687630176544 
vn -0.1743427813053131 0.9284263253211975 0.3280687630176544 
vn -0.10460507124662399 -0.003778959158807993 -0.9945066571235657 
vn -0.10460507124662399 -0.003778959158807993 -0.9945066571235657 
vn -0.10460507124662399 -0.003778959158807993 -0.9945066571235657 
vn -0.10460507124662399 -0.003778959158807993 -0.9945066571235657 
vn -0.9141881465911865 -0.0037740119732916355 0.405272513628006 
vn -0.9141881465911865 -0.0037740119732916355 0.405272513628006 
vn -0.9141881465911865 -0.0037740119732916355 0.405272513628006 
vn -0.9141881465911865 -0.0037740119732916355 0.405272513628006 
vn 0.42491862177848816 -0.42224645614624023 -0.8007197380065918 
vn 0.42491862177848816 -0.42224645614624023 -0.8007197380065918 
vn 0.42491862177848816 -0.42224645614624023 -0.8007197380065918 
vn 0.42491862177848816 -0.42224645614624023 -0.8007197380065918 
vn -0.2039874643087387 -0.9034186005592346 0.37712597846984863 
vn -0.2039874643087387 -0.9034186005592346 0.37712597846984863 
vn -0.2039874643087387 -0.9034186005592346 0.37712597846984863 
vn -0.2039874643087387 -0.9034186005592346 0.37712597846984863 
vn 0.8836531639099121 0 -0.46814218163490295 
vn 0.8836531639099121 0 -0.46814218163490295 
vn 0.8836531639099121 0 -0.46814218163490295 
vn 0.8836531639099121 0 -0.46814218163490295 
vn 0.16941677033901215 -0.007501212880015373 0.9855159521102905 
vn 0.16941677033901215 -0.007501212880015373 0.9855159521102905 
vn 0.16941677033901215 -0.007501212880015373 0.9855159521102905 
vn 0.16941677033901215 -0.007501212880015373 0.9855159521102905 
vn 0.7203461527824402 0.3642776310443878 -0.590256929397583 
vn 0.7203461527824402 0.3642776310443878 -0.590256929397583 
vn 0.7203461527824402 0.3642776310443878 -0.590256929397583 
vn 0.7203461527824402 0.3642776310443878 -0.590256929397583 
vn -0.28806814551353455 0.9281022548675537 0.23588760197162628 
vn -0.28806814551353455 0.9281022548675537 0.23588760197162628 
vn -0.28806814551353455 0.9281022548675537 0.23588760197162628 
vn -0.28806814551353455 0.9281022548675537 0.23588760197162628 
vn 0.2843993604183197 0 -0.9587059020996094 
vn 0.2843993604183197 0 -0.9587059020996094 
vn 0.2843993604183197 0 -0.9587059020996094 
vn 0.2843993604183197 0 -0.9587059020996094 
vn -0.9996827244758606 -0.007549653295427561 0.024029340595006943 
vn -0.9996827244758606 -0.007549653295427561 0.024029340595006943 
vn -0.9996827244758606 -0.007549653295427561 0.024029340595006943 
vn -0.9996827244758606 -0.007549653295427561 0.024029340595006943 
vn 0.698920488357544 -0.4238699674606323 -0.5760593414306641 
vn 0.698920488357544 -0.4238699674606323 -0.5760593414306641 
vn 0.698920488357544 -0.4238699674606323 -0.5760593414306641 
vn 0.698920488357544 -0.4238699674606323 -0.5760593414306641 
vn -0.32895201444625854 -0.9050136208534241 0.26970529556274414 
vn -0.32895201444625854 -0.9050136208534241 0.26970529556274414 
vn -0.32895201444625854 -0.9050136208534241 0.26970529556274414 
vn -0.32895201444625854 -0.9050136208534241 0.26970529556274414 
vn 0.9955906867980957 0 -0.09380380809307098 
vn 0.9955906867980957 0 -0.09380380809307098 
vn 0.9955906867980957 0 -0.09380380809307098 
vn 0.9955906867980957 0 -0.09380380809307098 
vn -0.22096742689609528 -0.003752737306058407 0.9752739667892456 
vn -0.22096742689609528 -0.003752737306058407 0.9752739667892456 
vn -0.22096742689609528 -0.003752737306058407 0.9752739667892456 
vn -0.22096742689609528 -0.003752737306058407 0.9752739667892456 
vn 0.432495653629303 0.39908692240715027 -0.8085030317306519 
vn 0.432495653629303 0.39908692240715027 -0.8085030317306519 
vn 0.432495653629303 0.39908692240715027 -0.8085030317306519 
vn 0.432495653629303 0.39908692240715027 -0.8085030317306519 
vn -0.18925516307353973 0.9163907766342163 0.3527185618877411 
vn -0.18925516307353973 0.9163907766342163 0.3527185618877411 
vn -0.18925516307353973 0.9163907766342163 0.3527185618877411 
vn -0.18925516307353973 0.9163907766342163 0.3527185618877411 
vn -0.13916100561618805 0.00754509074613452 -0.9902410507202148 
vn -0.13916100561618805 0.00754509074613452 -0.9902410507202148 
vn -0.13916100561618805 0.00754509074613452 -0.9902410507202148 
vn -0.13916100561618805 0.00754509074613452 -0.9902410507202148 
vn -0.8710697293281555 0.0037745703011751175 0.4911448359489441 
vn -0.8710697293281555 0.0037745703011751175 0.4911448359489441 
vn -0.8710697293281555 0.0037745703011751175 0.4911448359489441 
vn -0.8710697293281555 0.0037745703011751175 0.4911448359489441 
vn 0.44643285870552063 -0.33183300495147705 -0.8310141563415527 
vn 0.44643285870552063 -0.33183300495147705 -0.8310141563415527 
vn 0.44643285870552063 -0.33183300495147705 -0.8310141563415527 
vn 0.44643285870552063 -0.33183300495147705 -0.8310141563415527 
vn -0.16156984865665436 -0.9404669404029846 0.2990269064903259 
vn -0.16156984865665436 -0.9404669404029846 0.2990269064903259 
vn -0.16156984865665436 -0.9404669404029846 0.2990269064903259 
vn -0.16156984865665436 -0.9404669404029846 0.2990269064903259 
vn 0.8994422554969788 0.007555474992841482 -0.43697428703308105 
vn 0.8994422554969788 0.007555474992841482 -0.43697428703308105 
vn 0.8994422554969788 0.007555474992841482 -0.43697428703308105 
vn 0.8994422554969788 0.007555474992841482 -0.43697428703308105 
vn 0.0738425999879837 0.007389066740870476 0.9972425103187561 
vn 0.0738425999879837 0.007389066740870476 0.9972425103187561 
vn 0.0738425999879837 0.007389066740870476 0.9972425103187561 
vn 0.0738425999879837 0.007389066740870476 0.9972425103187561 
vn -0.4355485141277313 0.3687603175640106 -0.8211658596992493 
vn -0.4355485141277313 0.3687603175640106 -0.8211658596992493 
vn -0.4355485141277313 0.3687603175640106 -0.8211658596992493 
vn -0.4355485141277313 0.3687603175640106 -0.8211658596992493 
vn 0.1780475229024887 0.9277229905128479 0.3280687630176544 
vn 0.1780475229024887 0.9277229905128479 0.3280687630176544 
vn 0.1780475229024887 0.9277229905128479 0.3280687630176544 
vn 0.1780475229024887 0.9277229905128479 0.3280687630176544 
vn -0.8836450576782227 -0.0037769656628370285 -0.46814218163490295 
vn -0.8836450576782227 -0.0037769656628370285 -0.46814218163490295 
vn -0.8836450576782227 -0.0037769656628370285 -0.46814218163490295 
vn -0.8836450576782227 -0.0037769656628370285 -0.46814218163490295 
vn -0.16941677033901215 -0.007501212880015373 0.9855159521102905 
vn -0.16941677033901215 -0.007501212880015373 0.9855159521102905 
vn -0.16941677033901215 -0.007501212880015373 0.9855159521102905 
vn -0.16941677033901215 -0.007501212880015373 0.9855159521102905 
vn -0.42491862177848816 -0.42224645614624023 -0.8007197380065918 
vn -0.42491862177848816 -0.42224645614624023 -0.8007197380065918 
vn -0.42491862177848816 -0.42224645614624023 -0.8007197380065918 
vn -0.42491862177848816 -0.42224645614624023 -0.8007197380065918 
vn 0.20030462741851807 -0.9042422771453857 0.37712597846984863 
vn 0.20030462741851807 -0.9042422771453857 0.37712597846984863 
vn 0.20030462741851807 -0.9042422771453857 0.37712597846984863 
vn 0.20030462741851807 -0.9042422771453857 0.37712597846984863 
vn 0.10467331111431122 0 -0.9945066571235657 
vn 0.10467331111431122 0 -0.9945066571235657 
vn 0.10467331111431122 0 -0.9945066571235657 
vn 0.10467331111431122 0 -0.9945066571235657 
vn 0.9141647815704346 -0.007547959219664335 0.405272513628006 
vn 0.9141647815704346 -0.007547959219664335 0.405272513628006 
vn 0.9141647815704346 -0.007547959219664335 0.405272513628006 
vn 0.9141647815704346 -0.007547959219664335 0.405272513628006 
s on 
f 1//1 2//2 3//3 
f 2//2 2//2 3//3 
f 3//3 2//2 4//4 
f 2//2 5//5 4//4 
f 4//4 5//5 6//6 
f 5//5 7//7 6//6 
f 6//6 7//7 8//8 
f 7//7 9//9 8//8 
f 8//8 9//9 10//10 
f 9//9 11//11 10//10 
f 10//10 11//11 12//12 
f 11//11 13//13 12//12 
f 12//12 13//13 14//14 
f 13//13 15//15 14//14 
f 14//14 15//15 16//16 
f 15//15 17//17 16//16 
f 16//16 17//17 18//18 
f 17//17 19//19 18//18 
f 18//18 19//19 20//20 
f 19//19 21//21 20//20 
f 20//20 21//21 22//22 
f 21//21 23//23 22//22 
f 22//22 23//23 24//24 
f 23//23 25//25 24//24 
f 24//24 25//25 26//26 
f 25//25 27//27 26//26 
f 26//26 27//27 28//28 
f 27//27 29//29 28//28 
f 28//28 29//29 30//30 
f 29//29 31//31 30//30 
f 30//30 31//31 32//32 
f 31//31 32//32 32//32 
f 32//32 32//32 33//33 
f 32//32 33//33 33//33 
f 33//33 33//33 33//33 
f 33//33 34//34 33//33 
f 33//33 34//34 35//35 
f 34//34 36//36 35//35 
f 35//35 36//36 36//36 
f 36//36 37//37 36//36 
f 36//36 37//37 37//37 
f 37//37 38//38 37//37 
f 37//37 38//38 39//39 
f 38//38 40//40 39//39 
f 39//39 40//40 40//40 
f 40//40 41//41 40//40 
f 40//40 41//41 41//41 
f 41//41 42//42 41//41 
f 41//41 42//42 43//43 
f 42//42 44//44 43//43 
f 43//43 44//44 44//44 
f 44//44 45//45 44//44 
f 44//44 45//45 45//45 
f 45//45 46//46 45//45 
f 45//45 46//46 47//47 
f 46//46 48//48 47//47 
f 47//47 48//48 48//48 
f 48//48 49//49 48//48 
f 48//48 49//49 49//49 
f 49//49 50//50 49//49 
f 49//49 50//50 51//51 
f 50//50 52//52 51//51 
f 51//51 52//52 52//52 
f 52//52 53//53 52//52 
f 52//52 53//53 53//53 
f 53//53 54//54 53//53 
f 53//53 54//54 55//55 
f 54//54 56//56 55//55 
f 55//55 56//56 56//56 
f 56//56 57//57 56//56 
f 56//56 57//57 57//57 
f 57//57 58//58 57//57 
f 57//57 58//58 59//59 
f 58//58 60//60 59//59 
f 59//59 60//60 60//60 
f 60//60 61//61 60//60 
f 60//60 61//61 61//61 
f 61//61 62//62 61//61 
f 61//61 62//62 63//63 
f 62//62 64//64 63//63 
f 63//63 64//64 64//64 
f 64//64 65//65 64//64 
f 64//64 65//65 65//65 
f 65//65 66//66 65//65 
f 65//65 66//66 67//67 
f 66//66 68//68 67//67 
f 67//67 68//68 68//68 
f 68//68 69//69 68//68 
f 68//68 69//69 69//69 
f 69//69 70//70 69//69 
f 69//69 70//70 71//71 
f 70//70 72//72 71//71 
f 71//71 72//72 72//72 
f 72//72 73//73 72//72 
f 72//72 73//73 73//73 
f 73//73 74//74 73//73 
f 73//73 74//74 75//75 
f 74//74 76//76 75//75 
f 75//75 76//76 76//76 
f 76//76 77//77 76//76 
f 76//76 77//77 77//77 
f 77//77 78//78 77//77 
f 77//77 78//78 79//79 
f 78//78 80//80 79//79 
f 79//79 80//80 80//80 
f 80//80 81//81 80//80 
f 80//80 81//81 81//81 
f 81//81 82//82 81//81 
f 81//81 82//82 83//83 
f 82//82 84//84 83//83 
f 83//83 84//84 84//84 
f 84//84 85//85 84//84 
f 84//84 85//85 85//85 
f 85//85 86//86 85//85 
f 85//85 86//86 87//87 
f 86//86 88//88 87//87 
f 87//87 88//88 88//88 
f 88//88 89//89 88//88 
f 88//88 89//89 89//89 
f 89//89 90//90 89//89 
f 89//89 90//90 91//91 
f 90//90 92//92 91//91 
f 91//91 92//92 92//92 
f 92//92 93//93 92//92 
f 92//92 93//93 93//93 
f 93//93 94//94 93//93 
f 93//93 94//94 95//95 
f 94//94 96//96 95//95 
f 95//95 96//96 96//96 
f 96//96 97//97 96//96 
f 96//96 97//97 97//97 
f 97//97 98//98 97//97 
f 97//97 98//98 99//99 
f 98//98 100//100 99//99 
f 99//99 100//100 100//100 
f 100//100 101//101 100//100 
f 100//100 101//101 101//101 
f 101//101 102//102 101//101 
f 101//101 102//102 103//103 
f 102//102 104//104 103//103 
f 103//103 104//104 104//104 
f 104//104 105//105 104//104 
f 104//104 105//105 105//105 
f 105//105 106//106 105//105 
f 105//105 106//106 107//107 
f 106//106 108//108 107//107 
f 107//107 108//108 108//108 
f 108//108 109//109 108//108 
f 108//108 109//109 109//109 
f 109//109 110//110 109//109 
f 109//109 110//110 111//111 
f 110//110 112//112 111//111 
f 111//111 112//112 112//112 
f 112//112 113//113 112//112 
f 112//112 113//113 113//113 
f 113//113 114//114 113//113 
f 113//113 114//114 115//115 
f 114//114 116//116 115//115 
f 115//115 116//116 116//116 
f 116//116 117//117 116//116 
f 116//116 117//117 117//117 
f 117//117 118//118 117//117 
f 117//117 118//118 119//119 
f 118//118 120//120 119//119 
f 119//119 120//120 120//120 
f 120//120 121//121 120//120 
f 120//120 121//121 121//121 
f 121//121 122//122 121//121 
f 121//121 122//122 123//123 
f 122//122 124//124 123//123 
f 123//123 124//124 124//124 
f 124//124 125//125 124//124 
f 124//124 125//125 125//125 
f 125//125 126//126 125//125 
f 125//125 126//126 127//127 
f 126//126 128//128 127//127 
f 127//127 128//128 128//128 
f 128//128 129//129 128//128 
f 128//128 129//129 129//129 
f 129//129 130//130 129//129 
f 129//129 130//130 131//131 
f 130//130 132//132 131//131 
f 131//131 132//132 132//132 
f 132//132 133//133 132//132 
f 132//132 133//133 133//133 
f 133//133 134//134 133//133 
f 133//133 134//134 135//135 
f 134//134 136//136 135//135 
f 135//135 136//136 136//136 
f 136//136 137//137 136//136 
f 136//136 137//137 137//137 
f 137//137 138//138 137//137 
f 137//137 138//138 139//139 
f 138//138 140//140 139//139 
f 139//139 140//140 140//140 
f 140//140 141//141 140//140 
f 140//140 141//141 141//141 
f 141//141 142//142 141//141 
f 141//141 142//142 143//143 
f 142//142 144//144 143//143 
f 143//143 144//144 144//144 
f 144//144 145//145 144//144 
f 144//144 145//145 145//145 
f 145//145 146//146 145//145 
f 145//145 146//146 147//147 
f 146//146 148//148 147//147 
f 147//147 148//148 148//148 
f 148//148 149//149 148//148 
f 148//148 149//149 149//149 
f 149//149 150//150 149//149 
f 149//149 150//150 151//151 
f 150//150 152//152 151//151 
f 151//151 152//152 152//152 
f 152//152 153//153 152//152 
f 152//152 153//153 153//153 
f 153//153 154//154 153//153 
f 153//153 154//154 155//155 
f 154//154 156//156 155//155 
f 155//155 156//156 156//156 
f 156//156 157//157 156//156 
f 156//156 157//157 157//157 
f 157//157 158//158 157//157 
f 157//157 158//158 159//159 
f 158//158 160//160 159//159 
f 159//159 160//160 160//160 
f 160//160 161//161 160//160 
f 160//160 161//161 161//161 
f 161//161 162//162 161//161 
f 161//161 162//162 163//163 
f 162//162 164//164 163//163 
f 163//163 164//164 164//164 
f 164//164 165//165 164//164 
f 164//164 165//165 165//165 
f 165//165 166//166 165//165 
f 165//165 166//166 167//167 
f 166//166 168//168 167//167 
f 167//167 168//168 168//168 
f 168//168 169//169 168//168 
f 168//168 169//169 169//169 
f 169//169 170//170 169//169 
f 169//169 170//170 171//171 
f 170//170 172//172 171//171 
f 171//171 172//172 172//172 
f 172//172 173//173 172//172 
f 172//172 173//173 173//173 
f 173//173 174//174 173//173 
f 173//173 174//174 175//175 
f 174//174 176//176 175//175 
f 175//175 176//176 176//176 
f 176//176 177//177 176//176 
f 176//176 177//177 177//177 
f 177//177 178//178 177//177 
f 177//177 178//178 179//179 
f 178//178 180//180 179//179 
f 179//179 180//180 180//180 
f 180//180 181//181 180//180 
f 180//180 181//181 181//181 
f 181//181 182//182 181//181 
f 181//181 182//182 183//183 
f 182//182 184//184 183//183 
f 183//183 184//184 184//184 
f 184//184 185//185 184//184 
f 184//184 185//185 185//185 
f 185//185 186//186 185//185 
f 185//185 186//186 187//187 
f 186//186 188//188 187//187 
f 187//187 188//188 188//188 
f 188//188 189//189 188//188 
f 188//188 189//189 189//189 
f 189//189 190//190 189//189 
f 189//189 190//190 191//191 
f 190//190 192//192 191//191 
f 191//191 192//192 192//192 
f 192//192 193//193 192//192 
f 192//192 193//193 193//193 
f 193//193 194//194 193//193 
f 193//193 194//194 195//195 
f 194//194 196//196 195//195 
f 195//195 196//196 196//196 
f 196//196 197//197 196//196 
f 196//196 197//197 197//197 
f 197//197 198//198 197//197 
f 197//197 198//198 199//199 
f 198//198 200//200 199//199 
f 199//199 200//200 200//200 
f 200//200 201//201 200//200 
f 200//200 201//201 201//201 
f 201//201 202//202 201//201 
f 201//201 202//202 203//203 
f 202//202 204//204 203//203 
f 203//203 204//204 204//204 
f 204//204 205//205 204//204 
f 204//204 205//205 205//205 
f 205//205 206//206 205//205 
f 205//205 206//206 207//207 
f 206//206 208//208 207//207 
f 207//207 208//208 208//208 
f 208//208 209//209 208//208 
f 208//208 209//209 209//209 
f 209//209 210//210 209//209 
f 209//209 210//210 211//211 
f 210//210 212//212 211//211 
f 211//211 212//212 212//212 
f 212//212 213//213 212//212 
f 212//212 213//213 213//213 
f 213//213 214//214 213//213 
f 213//213 214//214 215//215 
f 214//214 216//216 215//215 
f 215//215 216//216 216//216 
f 216//216 217//217 216//216 
f 216//216 217//217 217//217 
f 217//217 218//218 217//217 
f 217//217 218//218 219//219 
f 218//218 220//220 219//219 
f 219//219 220//220 220//220 
f 220//220 221//221 220//220 
f 220//220 221//221 221//221 
f 221//221 222//222 221//221 
f 221//221 222//222 223//223 
f 222//222 224//224 223//223 
f 223//223 224//224 224//224 
f 224//224 225//225 224//224 
f 224//224 225//225 225//225 
f 225//225 226//226 225//225 
f 225//225 226//226 227//227 
f 226//226 228//228 227//227 
f 227//227 228//228 228//228 
f 228//228 229//229 228//228 
f 228//228 229//229 229//229 
f 229//229 230//230 229//229 
f 229//229 230//230 231//231 
f 230//230 232//232 231//231 
f 231//231 232//232 232//232 
f 232//232 233//233 232//232 
f 232//232 233//233 233//233 
f 233//233 234//234 233//233 
f 233//233 234//234 235//235 
f 234//234 236//236 235//235 
f 235//235 236//236 236//236 
f 236//236 237//237 236//236 
f 236//236 237//237 237//237 
f 237//237 238//238 237//237 
f 237//237 238//238 239//239 
f 238//238 240//240 239//239 
f 239//239 240//240 240//240 
f 240//240 241//241 240//240 
f 240//240 241//241 241//241 
f 241//241 242//242 241//241 
f 241//241 242//242 243//243 
f 242//242 244//244 243//243 
f 243//243 244//244 244//244 
f 244//244 245//245 244//244 
f 244//244 245//245 245//245 
f 245//245 246//246 245//245 
f 245//245 246//246 247//247 
f 246//246 248//248 247//247 
f 247//247 248//248 248//248 
f 248//248 249//249 248//248 
f 248//248 249//249 249//249 
f 249//249 250//250 249//249 
f 249//249 250//250 251//251 
f 250//250 252//252 251//251 
f 251//251 252//252 252//252 
f 252//252 253//253 252//252 
f 252//252 253//253 253//253 
f 253//253 254//254 253//253 
f 253//253 254//254 255//255 
f 254//254 256//256 255//255 
f 255//255 256//256 256//256 
f 256//256 257//257 256//256 
f 256//256 257//257 257//257 
f 257//257 258//258 257//257 
f 257//257 258//258 259//259 
f 258//258 260//260 259//259 
f 259//259 260//260 260//260 
f 260//260 261//261 260//260 
f 260//260 261//261 261//261 
f 261//261 262//262 261//261 
f 261//261 262//262 263//263 
f 262//262 264//264 263//263 
f 263//263 264//264 264//264 
f 264//264 265//265 264//264 
f 264//264 265//265 265//265 
f 265//265 266//266 265//265 
f 265//265 266//266 267//267 
f 266//266 268//268 267//267 
f 267//267 268//268 268//268 
f 268//268 269//269 268//268 
f 268//268 269//269 269//269 
f 269//269 270//270 269//269 
f 269//269 270//270 271//271 
f 270//270 272//272 271//271 
f 271//271 272//272 272//272 
f 272//272 273//273 272//272 
f 272//272 273//273 273//273 
f 273//273 274//274 273//273 
f 273//273 274//274 275//275 
f 274//274 276//276 275//275 
f 275//275 276//276 276//276 
f 276//276 277//277 276//276 
f 276//276 277//277 277//277 
f 277//277 278//278 277//277 
f 277//277 278//278 279//279 
f 278//278 280//280 279//279 
f 279//279 280//280 280//280 
f 280//280 281//281 280//280 
f 280//280 281//281 281//281 
f 281//281 282//282 281//281 
f 281//281 282//282 283//283 
f 282//282 284//284 283//283 
f 283//283 284//284 284//284 
f 284//284 285//285 284//284 
f 284//284 285//285 285//285 
f 285//285 286//286 285//285 
f 285//285 286//286 287//287 
f 286//286 288//288 287//287 
f 287//287 288//288 288//288 
f 288//288 289//289 288//288 
f 288//288 289//289 289//289 
f 289//289 290//290 289//289 
f 289//289 290//290 291//291 
f 290//290 292//292 291//291 
f 291//291 292//292 292//292 
f 292//292 293//293 292//292 
f 292//292 293//293 293//293 
f 293//293 294//294 293//293 
f 293//293 294//294 295//295 
f 294//294 296//296 295//295 
f 295//295 296//296 296//296 
f 296//296 297//297 296//296 
f 296//296 297//297 297//297 
f 297//297 298//298 297//297 
f 297//297 298//298 299//299 
f 298//298 300//300 299//299 
f 299//299 300//300 300//300 
f 300//300 301//301 300//300 
f 300//300 301//301 301//301 
f 301//301 302//302 301//301 
f 301//301 302//302 303//303 
f 302//302 304//304 303//303 
f 303//303 304//304 304//304 
f 304//304 305//305 304//304 
f 304//304 305//305 305//305 
f 305//305 306//306 305//305 
f 305//305 306//306 307//307 
f 306//306 308//308 307//307 
f 307//307 308//308 308//308 
f 308//308 309//309 308//308 
f 308//308 309//309 309//309 
f 309//309 310//310 309//309 
f 309//309 310//310 311//311 
f 310//310 312//312 311//311 
f 311//311 312//312 312//312 
f 312//312 313//313 312//312 
f 312//312 313//313 313//313 
f 313//313 314//314 313//313 
f 313//313 314//314 315//315 
f 314//314 316//316 315//315 
f 315//315 316//316 316//316 
f 316//316 317//317 316//316 
f 316//316 317//317 317//317 
f 317//317 318//318 317//317 
f 317//317 318//318 319//319 
f 318//318 320//320 319//319 
f 319//319 320//320 320//320 
f 320//320 321//321 320//320 
f 320//320 321//321 321//321 
f 321//321 322//322 321//321 
f 321//321 322//322 323//323 
f 322//322 324//324 323//323 
f 323//323 324//324 324//324 
f 324//324 325//325 324//324 
f 324//324 325//325 325//325 
f 325//325 326//326 325//325 
f 325//325 326//326 327//327 
f 326//326 328//328 327//327 
f 327//327 328//328 328//328 
f 328//328 329//329 328//328 
f 328//328 329//329 329//329 
f 329//329 330//330 329//329 
f 329//329 330//330 331//331 
f 330//330 332//332 331//331 
f 331//331 332//332 332//332 
f 332//332 333//333 332//332 
f 332//332 333//333 333//333 
f 333//333 334//334 333//333 
f 333//333 334//334 335//335 
f 334//334 336//336 335//335 
f 335//335 336//336 336//336 
f 336//336 337//337 336//336 
f 336//336 337//337 337//337 
f 337//337 338//338 337//337 
f 337//337 338//338 339//339 
f 338//338 340//340 339//339 
f 339//339 340//340 340//340 
f 340//340 341//341 340//340 
f 340//340 341//341 341//341 
f 341//341 342//342 341//341 
f 341//341 342//342 343//343 
f 342//342 344//344 343//343 
f 343//343 344//344 344//344 
f 344//344 345//345 344//344 
f 344//344 345//345 345//345 
f 345//345 346//346 345//345 
f 345//345 346//346 347//347 
f 346//346 348//348 347//347 
f 347//347 348//348 348//348 
f 348//348 349//349 348//348 
f 348//348 349//349 349//349 
f 349//349 350//350 349//349 
f 349//349 350//350 351//351 
f 350//350 352//352 351//351 
f 351//351 352//352 352//352 
f 352//352 353//353 352//352 
f 352//352 353//353 353//353 
f 353//353 354//354 353//353 
f 353//353 354//354 355//355 
f 354//354 356//356 355//355 
f 355//355 356//356 356//356 
f 356//356 357//357 356//356 
f 356//356 357//357 357//357 
f 357//357 358//358 357//357 
f 357//357 358//358 359//359 
f 358//358 360//360 359//359 
f 359//359 360//360 360//360 
f 360//360 361//361 360//360 
f 360//360 361//361 361//361 
f 361//361 362//362 361//361 
f 361//361 362//362 363//363 
f 362//362 364//364 363//363 
f 363//363 364//364 364//364 
f 364//364 365//365 364//364 
f 364//364 365//365 365//365 
f 365//365 366//366 365//365 
f 365//365 366//366 367//367 
f 366//366 368//368 367//367 
f 367//367 368//368 368//368 
f 368//368 369//369 368//368 
f 368//368 369//369 369//369 
f 369//369 370//370 369//369 
f 369//369 370//370 371//371 
f 370//370 372//372 371//371 
f 371//371 372//372 372//372 
f 372//372 373//373 372//372 
f 372//372 373//373 373//373 
f 373//373 374//374 373//373 
f 373//373 374//374 375//375 
f 374//374 376//376 375//375 
f 375//375 376//376 376//376 
f 376//376 377//377 376//376 
f 376//376 377//377 377//377 
f 377//377 378//378 377//377 
f 377//377 378//378 379//379 
f 378//378 380//380 379//379 
f 379//379 380//380 380//380 
f 380//380 381//381 380//380 
f 380//380 381//381 381//381 
f 381//381 382//382 381//381 
f 381//381 382//382 383//383 
f 382//382 384//384 383//383 
f 383//383 384//384 384//384 
f 384//384 385//385 384//384 
f 384//384 385//385 385//385 
f 385//385 386//386 385//385 
f 385//385 386//386 387//387 
f 386//386 388//388 387//387 
f 387//387 388//388 388//388 
f 388//388 389//389 388//388 
f 388//388 389//389 389//389 
f 389//389 390//390 389//389 
f 389//389 390//390 391//391 
f 390//390 392//392 391//391 
f 391//391 392//392 392//392 
f 392//392 393//393 392//392 
f 392//392 393//393 393//393 
f 393//393 394//394 393//393 
f 393//393 394//394 395//395 
f 394//394 396//396 395//395 
f 395//395 396//396 396//396 
f 396//396 397//397 396//396 
f 396//396 397//397 397//397 
f 397//397 398//398 397//397 
f 397//397 398//398 399//399 
f 398//398 400//400 399//399 
f 399//399 400//400 400//400 
f 400//400 401//401 400//400 
f 400//400 401//401 401//401 
f 401//401 402//402 401//401 
f 401//401 402//402 403//403 
f 402//402 404//404 403//403 
f 403//403 404//404 404//404 
f 404//404 405//405 404//404 
f 404//404 405//405 405//405 
f 405//405 406//406 405//405 
f 405//405 406//406 407//407 
f 406//406 408//408 407//407 
f 407//407 408//408 408//408 
f 408//408 409//409 408//408 
f 408//408 409//409 409//409 
f 409//409 410//410 409//409 
f 409//409 410//410 411//411 
f 410//410 412//412 411//411 
f 411//411 412//412 412//412 
f 412//412 413//413 412//412 
f 412//412 413//413 413//413 
f 413//413 414//414 413//413 
f 413//413 414//414 415//415 
f 414//414 416//416 415//415 
f 415//415 416//416 416//416 
f 416//416 417//417 416//416 
f 416//416 417//417 417//417 
f 417//417 418//418 417//417 
f 417//417 418//418 419//419 
f 418//418 420//420 419//419 
f 419//419 420//420 420//420 
f 420//420 421//421 420//420 
f 420//420 421//421 421//421 
f 421//421 422//422 421//421 
f 421//421 422//422 423//423 
f 422//422 424//424 423//423 
f 423//423 424//424 424//424 
f 424//424 425//425 424//424 
f 424//424 425//425 425//425 
f 425//425 426//426 425//425 
f 425//425 426//426 427//427 
f 426//426 428//428 427//427 
f 427//427 428//428 428//428 
f 428//428 429//429 428//428 
f 428//428 429//429 429//429 
f 429//429 430//430 429//429 
f 429//429 430//430 431//431 
f 430//430 432//432 431//431 
f 431//431 432//432 432//432 
f 432//432 433//433 432//432 
f 432//432 433//433 433//433 
f 433//433 434//434 433//433 
f 433//433 434//434 435//435 
f 434//434 436//436 435//435 
f 435//435 436//436 436//436 
f 436//436 437//437 436//436 
f 436//436 437//437 437//437 
f 437//437 438//438 437//437 
f 437//437 438//438 439//439 
f 438//438 440//440 439//439 
f 439//439 440//440 440//440 
f 440//440 441//441 440//440 
f 440//440 441//441 441//441 
f 441//441 442//442 441//441 
f 441//441 442//442 443//443 
f 442//442 444//444 443//443 
f 443//443 444//444 444//444 
f 444//444 445//445 444//444 
f 444//444 445//445 445//445 
f 445//445 446//446 445//445 
f 445//445 446//446 447//447 
f 446//446 448//448 447//447 
f 447//447 448//448 448//448 
f 448//448 449//449 448//448 
f 448//448 449//449 449//449 
f 449//449 450//450 449//449 
f 449//449 450//450 451//451 
f 450//450 452//452 451//451 
f 451//451 452//452 452//452 
f 452//452 453//453 452//452 
f 452//452 453//453 453//453 
f 453//453 454//454 453//453 
f 453//453 454//454 455//455 
f 454//454 456//456 455//455 
f 455//455 456//456 456//456 
f 456//456 457//457 456//456 
f 456//456 457//457 457//457 
f 457//457 458//458 457//457 
f 457//457 458//458 459//459 
f 458//458 460//460 459//459 
f 459//459 460//460 460//460 
f 460//460 461//461 460//460 
f 460//460 461//461 461//461 
f 461//461 462//462 461//461 
f 461//461 462//462 463//463 
f 462//462 464//464 463//463 
f 463//463 464//464 464//464 
f 464//464 465//465 464//464 
f 464//464 465//465 465//465 
f 465//465 466//466 465//465 
f 465//465 466//466 467//467 
f 466//466 468//468 467//467 
f 467//467 468//468 468//468 
f 468//468 469//469 468//468 
f 468//468 469//469 469//469 
f 469//469 470//470 469//469 
f 469//469 470//470 471//471 
f 470//470 472//472 471//471 
f 471//471 472//472 472//472 
f 472//472 473//473 472//472 
f 472//472 473//473 473//473 
f 473//473 474//474 473//473 
f 473//473 474//474 475//475 
f 474//474 476//476 475//475 
f 475//475 476//476 476//476 
f 476//476 477//477 476//476 
f 476//476 477//477 477//477 
f 477//477 478//478 477//477 
f 477//477 478//478 479//479 
f 478//478 480//480 479//479 
f 479//479 480//480 480//480 
f 480//480 481//481 480//480 
f 480//480 481//481 481//481 
f 481//481 482//482 481//481 
f 481//481 482//482 483//483 
f 482//482 484//484 483//483 
f 483//483 484//484 484//484 
f 484//484 485//485 484//484 
f 484//484 485//485 485//485 
f 485//485 486//486 485//485 
f 485//485 486//486 487//487 
f 486//486 488//488 487//487 
f 487//487 488//488 488//488 
f 488//488 489//489 488//488 
f 488//488 489//489 489//489 
f 489//489 490//490 489//489 
f 489//489 490//490 491//491 
f 490//490 492//492 491//491 
f 491//491 492//492 492//492 
f 492//492 493//493 492//492 
f 492//492 493//493 493//493 
f 493//493 494//494 493//493 
f 493//493 494//494 495//495 
f 494//494 496//496 495//495 
f 495//495 496//496 496//496 
f 496//496 497//497 496//496 
f 496//496 497//497 497//497 
f 497//497 498//498 497//497 
f 497//497 498//498 499//499 
f 498//498 500//500 499//499 
f 499//499 500//500 500//500 
f 500//500 501//501 500//500 
f 500//500 501//501 501//501 
f 501//501 502//502 501//501 
f 501//501 502//502 503//503 
f 502//502 504//504 503//503 
f 503//503 504//504 504//504 
f 504//504 505//505 504//504 
f 504//504 505//505 505//505 
f 505//505 506//506 505//505 
f 505//505 506//506 507//507 
f 506//506 508//508 507//507 
f 507//507 508//508 508//508 
f 508//508 509//509 508//508 
f 508//508 509//509 509//509 
f 509//509 510//510 509//509 
f 509//509 510//510 511//511 
f 510//510 512//512 511//511 
f 511//511 512//512 512//512 
f 512//512 513//513 512//512 
f 512//512 513//513 513//513 
f 513//513 514//514 513//513 
f 513//513 514//514 515//515 
f 514//514 516//516 515//515 
f 515//515 516//516 516//516 
f 516//516 517//517 516//516 
f 516//516 517//517 517//517 
f 517//517 518//518 517//517 
f 517//517 518//518 519//519 
f 518//518 520//520 519//519 
f 519//519 520//520 520//520 
f 520//520 521//521 520//520 
f 520//520 521//521 521//521 
f 521//521 522//522 521//521 
f 521//521 522//522 523//523 
f 522//522 524//524 523//523 
f 523//523 524//524 524//524 
f 524//524 525//525 524//524 
f 524//524 525//525 525//525 
f 525//525 526//526 525//525 
f 525//525 526//526 527//527 
f 526//526 528//528 527//527 
f 527//527 528//528 528//528 
f 528//528 529//529 528//528 
f 528//528 529//529 529//529 
f 529//529 530//530 529//529 
f 529//529 530//530 531//531 
f 530//530 532//532 531//531 
f 531//531 532//532 532//532 
f 532//532 533//533 532//532 
f 532//532 533//533 533//533 
f 533//533 534//534 533//533 
f 533//533 534//534 535//535 
f 534//534 536//536 535//535 
f 535//535 536//536 536//536 
f 536//536 537//537 536//536 
f 536//536 537//537 537//537 
f 537//537 538//538 537//537 
f 537//537 538//538 539//539 
f 538//538 540//540 539//539 
f 539//539 540//540 540//540 
f 540//540 541//541 540//540 
f 540//540 541//541 541//541 
f 541//541 542//542 541//541 
f 541//541 542//542 543//543 
f 542//542 544//544 543//543 
f 543//543 544//544 544//544 
f 544//544 545//545 544//544 
f 544//544 545//545 545//545 
f 545//545 546//546 545//545 
f 545//545 546//546 547//547 
f 546//546 548//548 547//547 
f 547//547 548//548 548//548 
f 548//548 549//549 548//548 
f 548//548 549//549 549//549 
f 549//549 550//550 549//549 
f 549//549 550//550 551//551 
f 550//550 552//552 551//551 
f 551//551 552//552 552//552 
f 552//552 553//553 552//552 
f 552//552 553//553 553//553 
f 553//553 554//554 553//553 
f 553//553 554//554 555//555 
f 554//554 556//556 555//555 
f 555//555 556//556 556//556 
f 556//556 557//557 556//556 
f 556//556 557//557 557//557 
f 557//557 558//558 557//557 
f 557//557 558//558 559//559 
f 558//558 560//560 559//559 
f 559//559 560//560 560//560 
f 560//560 561//561 560//560 
f 560//560 561//561 561//561 
f 561//561 562//562 561//561 
f 561//561 562//562 563//563 
f 562//562 564//564 563//563 
f 563//563 564//564 564//564 
f 564//564 565//565 564//564 
f 564//564 565//565 565//565 
f 565//565 566//566 565//565 
f 565//565 566//566 567//567 
f 566//566 568//568 567//567 
f 567//567 568//568 568//568 
f 568//568 569//569 568//568 
f 568//568 569//569 569//569 
f 569//569 570//570 569//569 
f 569//569 570//570 571//571 
f 570//570 572//572 571//571 
f 571//571 572//572 572//572 
f 572//572 573//573 572//572 
f 572//572 573//573 573//573 
f 573//573 574//574 573//573 
f 573//573 574//574 575//575 
f 574//574 576//576 575//575 
f 575//575 576//576 576//576 
f 576//576 577//577 576//576 
f 576//576 577//577 577//577 
f 577//577 578//578 577//577 
f 577//577 578//578 579//579 
f 578//578 580//580 579//579 
f 579//579 580//580 580//580 
f 580//580 581//581 580//580 
f 580//580 581//581 581//581 
f 581//581 582//582 581//581 
f 581//581 582//582 583//583 
f 582//582 584//584 583//583 
f 583//583 584//584 584//584 
f 584//584 585//585 584//584 
f 584//584 585//585 585//585 
f 585//585 586//586 585//585 
f 585//585 586//586 587//587 
f 586//586 588//588 587//587 
f 587//587 588//588 588//588 
f 588//588 589//589 588//588 
f 588//588 589//589 589//589 
f 589//589 590//590 589//589 
f 589//589 590//590 591//591 
f 590//590 592//592 591//591 
f 591//591 592//592 592//592 
f 592//592 593//593 592//592 
f 592//592 593//593 593//593 
f 593//593 594//594 593//593 
f 593//593 594//594 595//595 
f 594//594 596//596 595//595 
f 595//595 596//596 596//596 
f 596//596 597//597 596//596 
f 596//596 597//597 597//597 
f 597//597 598//598 597//597 
f 597//597 598//598 599//599 
f 598//598 600//600 599//599 
f 599//599 600//600 600//600 
f 600//600 601//601 600//600 
f 600//600 601//601 601//601 
f 601//601 602//602 601//601 
f 601//601 602//602 603//603 
f 602//602 604//604 603//603 
f 603//603 604//604 604//604 
f 604//604 605//605 604//604 
f 604//604 605//605 605//605 
f 605//605 606//606 605//605 
f 605//605 606//606 607//607 
f 606//606 608//608 607//607 
f 607//607 608//608 608//608 
f 608//608 609//609 608//608 
f 608//608 609//609 609//609 
f 609//609 610//610 609//609 
f 609//609 610//610 611//611 
f 610//610 612//612 611//611 
f 611//611 612//612 612//612 
f 612//612 613//613 612//612 
f 612//612 613//613 613//613 
f 613//613 614//614 613//613 
f 613//613 614//614 615//615 
f 614//614 616//616 615//615 
f 615//615 616//616 616//616 
f 616//616 617//617 616//616 
f 616//616 617//617 617//617 
f 617//617 618//618 617//617 
f 617//617 618//618 619//619 
f 618//618 620//620 619//619 
f 619//619 620//620 620//620 
f 620//620 621//621 620//620 
f 620//620 621//621 621//621 
f 621//621 622//622 621//621 
f 621//621 622//622 623//623 
f 622//622 624//624 623//623 
f 623//623 624//624 624//624 
f 624//624 625//625 624//624 
f 624//624 625//625 625//625 
f 625//625 626//626 625//625 
f 625//625 626//626 627//627 
f 626//626 628//628 627//627 
f 627//627 628//628 628//628 
f 628//628 629//629 628//628 
f 628//628 629//629 629//629 
f 629//629 630//630 629//629 
f 629//629 630//630 631//631 
f 630//630 632//632 631//631 
f 631//631 632//632 632//632 
f 632//632 633//633 632//632 
f 632//632 633//633 633//633 
f 633//633 634//634 633//633 
f 633//633 634//634 635//635 
f 634//634 636//636 635//635 
f 635//635 636//636 636//636 
f 636//636 637//637 636//636 
f 636//636 637//637 637//637 
f 637//637 638//638 637//637 
f 637//637 638//638 639//639 
f 638//638 640//640 639//639 
f 639//639 640//640 640//640 
f 640//640 641//641 640//640 
f 640//640 641//641 641//641 
f 641//641 642//642 641//641 
f 641//641 642//642 643//643 
f 642//642 644//644 643//643 
f 643//643 644//644 644//644 
f 644//644 645//645 644//644 
f 644//644 645//645 645//645 
f 645//645 646//646 645//645 
f 645//645 646//646 647//647 
f 646//646 648//648 647//647 
f 647//647 648//648 648//648 
f 648//648 649//649 648//648 
f 648//648 649//649 649//649 
f 649//649 650//650 649//649 
f 649//649 650//650 651//651 
f 650//650 652//652 651//651 
f 651//651 652//652 652//652 
f 652//652 653//653 652//652 
f 652//652 653//653 653//653 
f 653//653 654//654 653//653 
f 653//653 654//654 655//655 
f 654//654 656//656 655//655 
f 655//655 656//656 656//656 
f 656//656 657//657 656//656 
f 656//656 657//657 657//657 
f 657//657 658//658 657//657 
f 657//657 658//658 659//659 
f 658//658 660//660 659//659 
f 659//659 660//660 660//660 
f 660//660 661//661 660//660 
f 660//660 661//661 661//661 
f 661//661 662//662 661//661 
f 661//661 662//662 663//663 
f 662//662 664//664 663//663 
f 663//663 664//664 664//664 
f 664//664 665//665 664//664 
f 664//664 665//665 665//665 
f 665//665 666//666 665//665 
f 665//665 666//666 667//667 
f 666//666 668//668 667//667 
f 667//667 668//668 668//668 
f 668//668 669//669 668//668 
f 668//668 669//669 669//669 
f 669//669 670//670 669//669 
f 669//669 670//670 671//671 
f 670//670 672//672 671//671 
f 671//671 672//672 672//672 
f 672//672 673//673 672//672 
f 672//672 673//673 673//673 
f 673//673 674//674 673//673 
f 673//673 674//674 675//675 
f 674//674 676//676 675//675 
f 675//675 676//676 676//676 
f 676//676 677//677 676//676 
f 676//676 677//677 677//677 
f 677//677 678//678 677//677 
f 677//677 678//678 679//679 
f 678//678 680//680 679//679 
f 679//679 680//680 680//680 
f 680//680 681//681 680//680 
f 680//680 681//681 681//681 
f 681//681 682//682 681//681 
f 681//681 682//682 683//683 
f 682//682 684//684 683//683 
f 683//683 684//684 684//684 
f 684//684 685//685 684//684 
f 684//684 685//685 685//685 
f 685//685 686//686 685//685 
f 685//685 686//686 687//687 
f 686//686 688//688 687//687 
f 687//687 688//688 688//688 
f 688//688 689//689 688//688 
f 688//688 689//689 689//689 
f 689//689 690//690 689//689 
f 689//689 690//690 691//691 
f 690//690 692//692 691//691 
f 691//691 692//692 692//692 
f 692//692 693//693 692//692 
f 692//692 693//693 693//693 
f 693//693 694//694 693//693 
f 693//693 694//694 695//695 
f 694//694 696//696 695//695 
f 695//695 696//696 696//696 
f 696//696 697//697 696//696 
f 696//696 697//697 697//697 
f 697//697 698//698 697//697 
f 697//697 698//698 699//699 
f 698//698 700//700 699//699 
f 699//699 700//700 700//700 
f 700//700 701//701 700//700 
f 700//700 701//701 701//701 
f 701//701 702//702 701//701 
f 701//701 702//702 703//703 
f 702//702 704//704 703//703 
f 703//703 704//704 704//704 
f 704//704 705//705 704//704 
f 704//704 705//705 705//705 
f 705//705 706//706 705//705 
f 705//705 706//706 707//707 
f 706//706 708//708 707//707 
f 707//707 708//708 708//708 
f 708//708 709//709 708//708 
f 708//708 709//709 709//709 
f 709//709 710//710 709//709 
f 709//709 710//710 711//711 
f 710//710 712//712 711//711 
f 711//711 712//712 712//712 
f 712//712 713//713 712//712 
f 712//712 713//713 713//713 
f 713//713 714//714 713//713 
f 713//713 714//714 715//715 
f 714//714 716//716 715//715 
f 715//715 716//716 716//716 
f 716//716 717//717 716//716 
f 716//716 717//717 717//717 
f 717//717 718//718 717//717 
f 717//717 718//718 719//719 
f 718//718 720//720 719//719 
f 719//719 720//720 720//720 
f 720//720 721//721 720//720 
f 720//720 721//721 721//721 
f 721//721 722//722 721//721 
f 721//721 722//722 723//723 
f 722//722 724//724 723//723 
f 723//723 724//724 724//724 
f 724//724 725//725 724//724 
f 724//724 725//725 725//725 
f 725//725 726//726 725//725 
f 725//725 726//726 727//727 
f 726//726 728//728 727//727 
f 727//727 728//728 728//728 
f 728//728 729//729 728//728 
f 728//728 729//729 729//729 
f 729//729 730//730 729//729 
f 729//729 730//730 731//731 
f 730//730 732//732 731//731 
f 731//731 732//732 732//732 
f 732//732 733//733 732//732 
f 732//732 733//733 733//733 
f 733//733 734//734 733//733 
f 733//733 734//734 735//735 
f 734//734 736//736 735//735 
f 735//735 736//736 736//736 
f 736//736 737//737 736//736 
f 736//736 737//737 737//737 
f 737//737 738//738 737//737 
f 737//737 738//738 739//739 
f 738//738 740//740 739//739 
f 739//739 740//740 740//740 
f 740//740 741//741 740//740 
f 740//740 741//741 741//741 
f 741//741 742//742 741//741 
f 741//741 742//742 743//743 
f 742//742 744//744 743//743 
f 743//743 744//744 744//744 
f 744//744 745//745 744//744 
f 744//744 745//745 745//745 
f 745//745 746//746 745//745 
f 745//745 746//746 747//747 
f 746//746 748//748 747//747 
f 747//747 748//748 748//748 
f 748//748 749//749 748//748 
f 748//748 749//749 749//749 
f 749//749 750//750 749//749 
f 749//749 750//750 751//751 
f 750//750 752//752 751//751 
f 751//751 752//752 752//752 
f 752//752 753//753 752//752 
f 752//752 753//753 753//753 
f 753//753 754//754 753//753 
f 753//753 754//754 755//755 
f 754//754 756//756 755//755 
f 755//755 756//756 756//756 
f 756//756 757//757 756//756 
f 756//756 757//757 757//757 
f 757//757 758//758 757//757 
f 757//757 758//758 759//759 
f 758//758 760//760 759//759 
f 759//759 760//760 760//760 
f 760//760 761//761 760//760 
f 760//760 761//761 761//761 
f 761//761 762//762 761//761 
f 761//761 762//762 763//763 
f 762//762 764//764 763//763 
f 763//763 764//764 764//764 
f 764//764 765//765 764//764 
f 764//764 765//765 765//765 
f 765//765 766//766 765//765 
f 765//765 766//766 767//767 
f 766//766 768//768 767//767 
f 767//767 768//768 768//768 
f 768//768 769//769 768//768 
f 768//768 769//769 769//769 
f 769//769 770//770 769//769 
f 769//769 770//770 771//771 
f 770//770 772//772 771//771 
f 771//771 772//772 772//772 
f 772//772 773//773 772//772 
f 772//772 773//773 773//773 
f 773//773 774//774 773//773 
f 773//773 774//774 775//775 
f 774//774 776//776 775//775 
f 775//775 776//776 776//776 
f 776//776 777//777 776//776 
f 776//776 777//777 777//777 
f 777//777 778//778 777//777 
f 777//777 778//778 779//779 
f 778//778 780//780 779//779 
f 779//779 780//780 780//780 
f 780//780 781//781 780//780 
f 780//780 781//781 781//781 
f 781//781 782//782 781//781 
f 781//781 782//782 783//783 
f 782//782 784//784 783//783 
f 783//783 784//784 784//784 
f 784//784 785//785 784//784 
f 784//784 785//785 785//785 
f 785//785 786//786 785//785 
f 785//785 786//786 787//787 
f 786//786 788//788 787//787 
f 787//787 788//788 788//788 
f 788//788 789//789 788//788 
f 788//788 789//789 789//789 
f 789//789 790//790 789//789 
f 789//789 790//790 791//791 
f 790//790 792//792 791//791 
f 791//791 792//792 792//792 
f 792//792 793//793 792//792 
f 792//792 793//793 793//793 
f 793//793 794//794 793//793 
f 793//793 794//794 795//795 
f 794//794 796//796 795//795 
f 795//795 796//796 796//796 
f 796//796 797//797 796//796 
f 796//796 797//797 797//797 
f 797//797 798//798 797//797 
f 797//797 798//798 799//799 
f 798//798 800//800 799//799 
f 799//799 800//800 800//800 
f 800//800 801//801 800//800 
f 800//800 801//801 801//801 
f 801//801 802//802 801//801 
f 801//801 802//802 803//803 
f 802//802 804//804 803//803 
f 803//803 804//804 804//804 
f 804//804 805//805 804//804 
f 804//804 805//805 805//805 
f 805//805 806//806 805//805 
f 805//805 806//806 807//807 
f 806//806 808//808 807//807 
f 807//807 808//808 808//808 
f 808//808 809//809 808//808 
f 808//808 809//809 809//809 
f 809//809 810//810 809//809 
f 809//809 810//810 811//811 
f 810//810 812//812 811//811 
f 811//811 812//812 812//812 
f 812//812 813//813 812//812 
f 812//812 813//813 813//813 
f 813//813 814//814 813//813 
f 813//813 814//814 815//815 
f 814//814 816//816 815//815 
f 815//815 816//816 816//816 
f 816//816 817//817 816//816 
f 816//816 817//817 817//817 
f 817//817 818//818 817//817 
f 817//817 818//818 819//819 
f 818//818 820//820 819//819 
f 819//819 820//820 820//820 
f 820//820 821//821 820//820 
f 820//820 821//821 821//821 
f 821//821 822//822 821//821 
f 821//821 822//822 823//823 
f 822//822 824//824 823//823 
f 823//823 824//824 824//824 
f 824//824 825//825 824//824 
f 824//824 825//825 825//825 
f 825//825 826//826 825//825 
f 825//825 826//826 827//827 
f 826//826 828//828 827//827 
f 827//827 828//828 828//828 
f 828//828 829//829 828//828 
f 828//828 829//829 829//829 
f 829//829 830//830 829//829 
f 829//829 830//830 831//831 
f 830//830 832//832 831//831 
f 831//831 832//832 832//832 
f 832//832 833//833 832//832 
f 832//832 833//833 833//833 
f 833//833 834//834 833//833 
f 833//833 834//834 835//835 
f 834//834 836//836 835//835 
f 835//835 836//836 836//836 
f 836//836 837//837 836//836 
f 836//836 837//837 837//837 
f 837//837 838//838 837//837 
f 837//837 838//838 839//839 
f 838//838 840//840 839//839 
f 839//839 840//840 840//840 
f 840//840 841//841 840//840 
f 840//840 841//841 841//841 
f 841//841 842//842 841//841 
f 841//841 842//842 843//843 
f 842//842 844//844 843//843 
f 843//843 844//844 844//844 
f 844//844 845//845 844//844 
f 844//844 845//845 845//845 
f 845//845 846//846 845//845 
f 845//845 846//846 847//847 
f 846//846 848//848 847//847 
f 847//847 848//848 848//848 
f 848//848 849//849 848//848 
f 848//848 849//849 849//849 
f 849//849 850//850 849//849 
f 849//849 850//850 851//851 
f 850//850 852//852 851//851 
f 851//851 852//852 852//852 
f 852//852 853//853 852//852 
f 852//852 853//853 853//853 
f 853//853 854//854 853//853 
f 853//853 854//854 855//855 
f 854//854 856//856 855//855 
f 855//855 856//856 856//856 
f 856//856 857//857 856//856 
f 856//856 857//857 857//857 
f 857//857 858//858 857//857 
f 857//857 858//858 859//859 
f 858//858 860//860 859//859 
f 859//859 860//860 860//860 
f 860//860 861//861 860//860 
f 860//860 861//861 861//861 
f 861//861 862//862 861//861 
f 861//861 862//862 863//863 
f 862//862 864//864 863//863 
f 863//863 864//864 864//864 
f 864//864 865//865 864//864 
f 864//864 865//865 865//865 
f 865//865 866//866 865//865 
f 865//865 866//866 867//867 
f 866//866 868//868 867//867 
f 867//867 868//868 868//868 
f 868//868 869//869 868//868 
f 868//868 869//869 869//869 
f 869//869 870//870 869//869 
f 869//869 870//870 871//871 
f 870//870 872//872 871//871 
f 871//871 872//872 872//872 
f 872//872 873//873 872//872 
f 872//872 873//873 873//873 
f 873//873 874//874 873//873 
f 873//873 874//874 875//875 
f 874//874 876//876 875//875 
f 875//875 876//876 876//876 
f 876//876 877//877 876//876 
f 876//876 877//877 877//877 
f 877//877 878//878 877//877 
f 877//877 878//878 879//879 
f 878//878 880//880 879//879 
f 879//879 880//880 880//880 
f 880//880 881//881 880//880 
f 880//880 881//881 881//881 
f 881//881 882//882 881//881 
f 881//881 882//882 883//883 
f 882//882 884//884 883//883 
f 883//883 884//884 884//884 
f 884//884 885//885 884//884 
f 884//884 885//885 885//885 
f 885//885 886//886 885//885 
f 885//885 886//886 887//887 
f 886//886 888//888 887//887 
f 887//887 888//888 888//888 
f 888//888 889//889 888//888 
f 888//888 889//889 889//889 
f 889//889 890//890 889//889 
f 889//889 890//890 891//891 
f 890//890 892//892 891//891 
f 891//891 892//892 892//892 
f 892//892 893//893 892//892 
f 892//892 893//893 893//893 
f 893//893 894//894 893//893 
f 893//893 894//894 895//895 
f 894//894 896//896 895//895 
f 895//895 896//896 896//896 
f 896//896 897//897 896//896 
f 896//896 897//897 897//897 
f 897//897 898//898 897//897 
f 897//897 898//898 899//899 
f 898//898 900//900 899//899 
f 899//899 900//900 900//900 
f 900//900 901//901 900//900 
f 900//900 901//901 901//901 
f 901//901 902//902 901//901 
f 901//901 902//902 903//903 
f 902//902 904//904 903//903 
f 903//903 904//904 904//904 
f 904//904 905//905 904//904 
f 904//904 905//905 905//905 
f 905//905 906//906 905//905 
f 905//905 906//906 907//907 
f 906//906 908//908 907//907 
f 907//907 908//908 908//908 
f 908//908 909//909 908//908 
f 908//908 909//909 909//909 
f 909//909 910//910 909//909 
f 909//909 910//910 911//911 
f 910//910 912//912 911//911 
f 911//911 912//912 912//912 
f 912//912 913//913 912//912 
f 912//912 913//913 913//913 
f 913//913 914//914 913//913 
f 913//913 914//914 915//915 
f 914//914 916//916 915//915 
f 915//915 916//916 916//916 
f 916//916 917//917 916//916 
f 916//916 917//917 917//917 
f 917//917 918//918 917//917 
f 917//917 918//918 919//919 
f 918//918 920//920 919//919 
f 919//919 920//920 920//920 
f 920//920 921//921 920//920 
f 920//920 921//921 921//921 
f 921//921 922//922 921//921 
f 921//921 922//922 923//923 
f 922//922 924//924 923//923 
f 923//923 924//924 924//924 
f 924//924 925//925 924//924 
f 924//924 925//925 925//925 
f 925//925 926//926 925//925 
f 925//925 926//926 927//927 
f 926//926 928//928 927//927 
f 927//927 928//928 928//928 
f 928//928 929//929 928//928 
f 928//928 929//929 929//929 
f 929//929 930//930 929//929 
f 929//929 930//930 931//931 
f 930//930 932//932 931//931 
f 931//931 932//932 932//932 
f 932//932 933//933 932//932 
f 932//932 933//933 933//933 
f 933//933 934//934 933//933 
f 933//933 934//934 935//935 
f 934//934 936//936 935//935 
f 935//935 936//936 936//936 
f 936//936 937//937 936//936 
f 936//936 937//937 937//937 
f 937//937 938//938 937//937 
f 937//937 938//938 939//939 
f 938//938 940//940 939//939 
f 939//939 940//940 940//940 
f 940//940 941//941 940//940 
f 940//940 941//941 941//941 
f 941//941 942//942 941//941 
f 941//941 942//942 943//943 
f 942//942 944//944 943//943 
f 943//943 944//944 944//944 
f 944//944 945//945 944//944 
f 944//944 945//945 945//945 
f 945//945 946//946 945//945 
f 945//945 946//946 947//947 
f 946//946 948//948 947//947 
f 947//947 948//948 948//948 
f 948//948 949//949 948//948 
f 948//948 949//949 949//949 
f 949//949 950//950 949//949 
f 949//949 950//950 951//951 
f 950//950 952//952 951//951 
f 951//951 952//952 952//952 
f 952//952 953//953 952//952 
f 952//952 953//953 953//953 
f 953//953 954//954 953//953 
f 953//953 954//954 955//955 
f 954//954 956//956 955//955 
f 955//955 956//956 956//956 
f 956//956 957//957 956//956 
f 956//956 957//957 957//957 
f 957//957 958//958 957//957 
f 957//957 958//958 959//959 
f 958//958 960//960 959//959 
f 959//959 960//960 960//960 
f 960//960 961//961 960//960 
f 960//960 961//961 961//961 
f 961//961 962//962 961//961 
f 961//961 962//962 963//963 
f 962//962 964//964 963//963 
f 963//963 964//964 964//964 
f 964//964 965//965 964//964 
f 964//964 965//965 965//965 
f 965//965 966//966 965//965 
f 965//965 966//966 967//967 
f 966//966 968//968 967//967 
f 967//967 968//968 968//968 
f 968//968 969//969 968//968 
f 968//968 969//969 969//969 
f 969//969 970//970 969//969 
f 969//969 970//970 971//971 
f 970//970 972//972 971//971 
f 971//971 972//972 972//972 
f 972//972 973//973 972//972 
f 972//972 973//973 973//973 
f 973//973 974//974 973//973 
f 973//973 974//974 975//975 
f 974//974 976//976 975//975 
f 975//975 976//976 976//976 
f 976//976 977//977 976//976 
f 976//976 977//977 977//977 
f 977//977 978//978 977//977 
f 977//977 978//978 979//979 
f 978//978 980//980 979//979 
f 979//979 980//980 980//980 
f 980//980 981//981 980//980 
f 980//980 981//981 981//981 
f 981//981 982//982 981//981 
f 981//981 982//982 983//983 
f 982//982 984//984 983//983 
f 983//983 984//984 984//984 
f 984//984 985//985 984//984 
f 984//984 985//985 985//985 
f 985//985 986//986 985//985 
f 985//985 986//986 987//987 
f 986//986 988//988 987//987 
f 987//987 988//988 988//988 
f 988//988 989//989 988//988 
f 988//988 989//989 989//989 
f 989//989 990//990 989//989 
f 989//989 990//990 991//991 
f 990//990 992//992 991//991 
f 991//991 992//992 992//992 
f 992//992 993//993 992//992 
f 992//992 993//993 993//993 
f 993//993 994//994 993//993 
f 993//993 994//994 995//995 
f 994//994 996//996 995//995 
f 995//995 996//996 996//996 
f 996//996 997//997 996//996 
f 996//996 997//997 997//997 
f 997//997 998//998 997//997 
f 997//997 998//998 999//999 
f 998//998 1000//1000 999//999 
f 999//999 1000//1000 1000//1000 
f 1000//1000 1001//1001 1000//1000 
f 1000//1000 1001//1001 1001//1001 
f 1001//1001 1002//1002 1001//1001 
f 1001//1001 1002//1002 1003//1003 
f 1002//1002 1004//1004 1003//1003 
f 1003//1003 1004//1004 1004//1004 
f 1004//1004 1005//1005 1004//1004 
f 1004//1004 1005//1005 1005//1005 
f 1005//1005 1006//1006 1005//1005 
f 1005//1005 1006//1006 1007//1007 
f 1006//1006 1008//1008 1007//1007 
f 1007//1007 1008//1008 1008//1008 
f 1008//1008 1009//1009 1008//1008 
f 1008//1008 1009//1009 1009//1009 
f 1009//1009 1010//1010 1009//1009 
f 1009//1009 1010//1010 1011//1011 
f 1010//1010 1012//1012 1011//1011 
f 1011//1011 1012//1012 1012//1012 
f 1012//1012 1013//1013 1012//1012 
f 1012//1012 1013//1013 1013//1013 
f 1013//1013 1014//1014 1013//1013 
f 1013//1013 1014//1014 1015//1015 
f 1014//1014 1016//1016 1015//1015 
f 1015//1015 1016//1016 1016//1016 
f 1016//1016 1017//1017 1016//1016 
f 1016//1016 1017//1017 1017//1017 
f 1017//1017 1018//1018 1017//1017 
f 1017//1017 1018//1018 1019//1019 
f 1018//1018 1020//1020 1019//1019 
f 1019//1019 1020//1020 1020//1020 
f 1020//1020 1021//1021 1020//1020 
f 1020//1020 1021//1021 1021//1021 
f 1021//1021 1022//1022 1021//1021 
f 1021//1021 1022//1022 1023//1023 
f 1022//1022 1024//1024 1023//1023 
f 1023//1023 1024//1024 1024//1024 
f 1024//1024 1025//1025 1024//1024 
f 1024//1024 1025//1025 1025//1025 
f 1025//1025 1026//1026 1025//1025 
f 1025//1025 1026//1026 1027//1027 
f 1026//1026 1028//1028 1027//1027 
f 1027//1027 1028//1028 1028//1028 
f 1028//1028 1029//1029 1028//1028 
f 1028//1028 1029//1029 1029//1029 
f 1029//1029 1030//1030 1029//1029 
f 1029//1029 1030//1030 1031//1031 
f 1030//1030 1032//1032 1031//1031 
f 1031//1031 1032//1032 1032//1032 
f 1032//1032 1033//1033 1032//1032 
f 1032//1032 1033//1033 1033//1033 
f 1033//1033 1034//1034 1033//1033 
f 1033//1033 1034//1034 1035//1035 
f 1034//1034 1036//1036 1035//1035 
f 1035//1035 1036//1036 1036//1036 
f 1036//1036 1037//1037 1036//1036 
f 1036//1036 1037//1037 1037//1037 
f 1037//1037 1038//1038 1037//1037 
f 1037//1037 1038//1038 1039//1039 
f 1038//1038 1040//1040 1039//1039 
f 1039//1039 1040//1040 1040//1040 
f 1040//1040 1041//1041 1040//1040 
f 1040//1040 1041//1041 1041//1041 
f 1041//1041 1042//1042 1041//1041 
f 1041//1041 1042//1042 1043//1043 
f 1042//1042 1044//1044 1043//1043 
f 1043//1043 1044//1044 1044//1044 
f 1044//1044 1045//1045 1044//1044 
f 1044//1044 1045//1045 1045//1045 
f 1045//1045 1046//1046 1045//1045 
f 1045//1045 1046//1046 1047//1047 
f 1046//1046 1048//1048 1047//1047 
f 1047//1047 1048//1048 1048//1048 
f 1048//1048 1049//1049 1048//1048 
f 1048//1048 1049//1049 1049//1049 
f 1049//1049 1050//1050 1049//1049 
f 1049//1049 1050//1050 1051//1051 
f 1050//1050 1052//1052 1051//1051 
f 1051//1051 1052//1052 1052//1052 
f 1052//1052 1053//1053 1052//1052 
f 1052//1052 1053//1053 1053//1053 
f 1053//1053 1054//1054 1053//1053 
f 1053//1053 1054//1054 1055//1055 
f 1054//1054 1056//1056 1055//1055 
f 1055//1055 1056//1056 1056//1056 
f 1056//1056 1057//1057 1056//1056 
f 1056//1056 1057//1057 1057//1057 
f 1057//1057 1058//1058 1057//1057 
f 1057//1057 1058//1058 1059//1059 
f 1058//1058 1060//1060 1059//1059 
f 1059//1059 1060//1060 1060//1060 
f 1060//1060 1061//1061 1060//1060 
f 1060//1060 1061//1061 1061//1061 
f 1061//1061 1062//1062 1061//1061 
f 1061//1061 1062//1062 1063//1063 
f 1062//1062 1064//1064 1063//1063 
f 1063//1063 1064//1064 1064//1064 
f 1064//1064 1065//1065 1064//1064 
f 1064//1064 1065//1065 1065//1065 
f 1065//1065 1066//1066 1065//1065 
f 1065//1065 1066//1066 1067//1067 
f 1066//1066 1068//1068 1067//1067 
f 1067//1067 1068//1068 1068//1068 
f 1068//1068 1069//1069 1068//1068 
f 1068//1068 1069//1069 1069//1069 
f 1069//1069 1070//1070 1069//1069 
f 1069//1069 1070//1070 1071//1071 
f 1070//1070 1072//1072 1071//1071 
f 1071//1071 1072//1072 1072//1072 
f 1072//1072 1073//1073 1072//1072 
f 1072//1072 1073//1073 1073//1073 
f 1073//1073 1074//1074 1073//1073 
f 1073//1073 1074//1074 1075//1075 
f 1074//1074 1076//1076 1075//1075 
f 1075//1075 1076//1076 1076//1076 
f 1076//1076 1077//1077 1076//1076 
f 1076//1076 1077//1077 1077//1077 
f 1077//1077 1078//1078 1077//1077 
f 1077//1077 1078//1078 1079//1079 
f 1078//1078 1080//1080 1079//1079 
f 1079//1079 1080//1080 1080//1080 
f 1080//1080 1081//1081 1080//1080 
f 1080//1080 1081//1081 1081//1081 
f 1081//1081 1082//1082 1081//1081 
f 1081//1081 1082//1082 1083//1083 
f 1082//1082 1084//1084 1083//1083 
f 1083//1083 1084//1084 1084//1084 
f 1084//1084 1085//1085 1084//1084 
f 1084//1084 1085//1085 1085//1085 
f 1085//1085 1086//1086 1085//1085 
f 1085//1085 1086//1086 1087//1087 
f 1086//1086 1088//1088 1087//1087 
f 1087//1087 1088//1088 1088//1088 
f 1088//1088 1089//1089 1088//1088 
f 1088//1088 1089//1089 1089//1089 
f 1089//1089 1090//1090 1089//1089 
f 1089//1089 1090//1090 1091//1091 
f 1090//1090 1092//1092 1091//1091 
f 1091//1091 1092//1092 1092//1092 
f 1092//1092 1093//1093 1092//1092 
f 1092//1092 1093//1093 1093//1093 
f 1093//1093 1094//1094 1093//1093 
f 1093//1093 1094//1094 1095//1095 
f 1094//1094 1096//1096 1095//1095 
f 1095//1095 1096//1096 1096//1096 
f 1096//1096 1097//1097 1096//1096 
f 1096//1096 1097//1097 1097//1097 
f 1097//1097 1098//1098 1097//1097 
f 1097//1097 1098//1098 1099//1099 
f 1098//1098 1100//1100 1099//1099 
f 1099//1099 1100//1100 1100//1100 
f 1100//1100 1101//1101 1100//1100 
f 1100//1100 1101//1101 1101//1101 
f 1101//1101 1102//1102 1101//1101 
f 1101//1101 1102//1102 1103//1103 
f 1102//1102 1104//1104 1103//1103 
f 1103//1103 1104//1104 1104//1104 
f 1104//1104 1105//1105 1104//1104 
f 1104//1104 1105//1105 1105//1105 
f 1105//1105 1106//1106 1105//1105 
f 1105//1105 1106//1106 1107//1107 
f 1106//1106 1108//1108 1107//1107 
f 1107//1107 1108//1108 1108//1108 
f 1108//1108 1109//1109 1108//1108 
f 1108//1108 1109//1109 1109//1109 
f 1109//1109 1110//1110 1109//1109 
f 1109//1109 1110//1110 1111//1111 
f 1110//1110 1112//1112 1111//1111 
f 1111//1111 1112//1112 1112//1112 
f 1112//1112 1113//1113 1112//1112 
f 1112//1112 1113//1113 1113//1113 
f 1113//1113 1114//1114 1113//1113 
f 1113//1113 1114//1114 1115//1115 
f 1114//1114 1116//1116 1115//1115 
f 1115//1115 1116//1116 1116//1116 
f 1116//1116 1117//1117 1116//1116 
f 1116//1116 1117//1117 1117//1117 
f 1117//1117 1118//1118 1117//1117 
f 1117//1117 1118//1118 1119//1119 
f 1118//1118 1120//1120 1119//1119 
f 1119//1119 1120//1120 1120//1120 
f 1120//1120 1121//1121 1120//1120 
f 1120//1120 1121//1121 1121//1121 
f 1121//1121 1122//1122 1121//1121 
f 1121//1121 1122//1122 1123//1123 
f 1122//1122 1124//1124 1123//1123 
f 1123//1123 1124//1124 1124//1124 
f 1124//1124 1125//1125 1124//1124 
f 1124//1124 1125//1125 1125//1125 
f 1125//1125 1126//1126 1125//1125 
f 1125//1125 1126//1126 1127//1127 
f 1126//1126 1128//1128 1127//1127 
f 1127//1127 1128//1128 1128//1128 
f 1128//1128 1129//1129 1128//1128 
f 1128//1128 1129//1129 1129//1129 
f 1129//1129 1130//1130 1129//1129 
f 1129//1129 1130//1130 1131//1131 
f 1130//1130 1132//1132 1131//1131 
f 1131//1131 1132//1132 1132//1132 
f 1132//1132 1133//1133 1132//1132 
f 1132//1132 1133//1133 1133//1133 
f 1133//1133 1134//1134 1133//1133 
f 1133//1133 1134//1134 1135//1135 
f 1134//1134 1136//1136 1135//1135 
f 1135//1135 1136//1136 1136//1136 
f 1136//1136 1137//1137 1136//1136 
f 1136//1136 1137//1137 1137//1137 
f 1137//1137 1138//1138 1137//1137 
f 1137//1137 1138//1138 1139//1139 
f 1138//1138 1140//1140 1139//1139 
f 1139//1139 1140//1140 1140//1140 
f 1140//1140 1141//1141 1140//1140 
f 1140//1140 1141//1141 1141//1141 
f 1141//1141 1142//1142 1141//1141 
f 1141//1141 1142//1142 1143//1143 
f 1142//1142 1144//1144 1143//1143 
f 1143//1143 1144//1144 1144//1144 
f 1144//1144 1145//1145 1144//1144 
f 1144//1144 1145//1145 1145//1145 
f 1145//1145 1146//1146 1145//1145 
f 1145//1145 1146//1146 1147//1147 
f 1146//1146 1148//1148 1147//1147 
f 1147//1147 1148//1148 1148//1148 
f 1148//1148 1149//1149 1148//1148 
f 1148//1148 1149//1149 1149//1149 
f 1149//1149 1150//1150 1149//1149 
f 1149//1149 1150//1150 1151//1151 
f 1150//1150 1152//1152 1151//1151 
f 1151//1151 1152//1152 1152//1152 
f 1152//1152 1153//1153 1152//1152 
f 1152//1152 1153//1153 1153//1153 
f 1153//1153 1154//1154 1153//1153 
f 1153//1153 1154//1154 1155//1155 
f 1154//1154 1156//1156 1155//1155 
f 1155//1155 1156//1156 1156//1156 
f 1156//1156 1157//1157 1156//1156 
f 1156//1156 1157//1157 1157//1157 
f 1157//1157 1158//1158 1157//1157 
f 1157//1157 1158//1158 1159//1159 
f 1158//1158 1160//1160 1159//1159 
f 1159//1159 1160//1160 1160//1160 
f 1160//1160 1161//1161 1160//1160 
f 1160//1160 1161//1161 1161//1161 
f 1161//1161 1162//1162 1161//1161 
f 1161//1161 1162//1162 1163//1163 
f 1162//1162 1164//1164 1163//1163 
f 1163//1163 1164//1164 1164//1164 
f 1164//1164 1165//1165 1164//1164 
f 1164//1164 1165//1165 1165//1165 
f 1165//1165 1166//1166 1165//1165 
f 1165//1165 1166//1166 1167//1167 
f 1166//1166 1168//1168 1167//1167 
f 1167//1167 1168//1168 1168//1168 
f 1168//1168 1169//1169 1168//1168 
f 1168//1168 1169//1169 1169//1169 
f 1169//1169 1170//1170 1169//1169 
f 1169//1169 1170//1170 1171//1171 
f 1170//1170 1172//1172 1171//1171 
f 1171//1171 1172//1172 1172//1172 
f 1172//1172 1173//1173 1172//1172 
f 1172//1172 1173//1173 1173//1173 
f 1173//1173 1174//1174 1173//1173 
f 1173//1173 1174//1174 1175//1175 
f 1174//1174 1176//1176 1175//1175 
f 1175//1175 1176//1176 1176//1176 
f 1176//1176 1177//1177 1176//1176 
f 1176//1176 1177//1177 1177//1177 
f 1177//1177 1178//1178 1177//1177 
f 1177//1177 1178//1178 1179//1179 
f 1178//1178 1180//1180 1179//1179 
f 1179//1179 1180//1180 1180//1180 
f 1180//1180 1181//1181 1180//1180 
f 1180//1180 1181//1181 1181//1181 
f 1181//1181 1182//1182 1181//1181 
f 1181//1181 1182//1182 1183//1183 
f 1182//1182 1184//1184 1183//1183 
f 1183//1183 1184//1184 1184//1184 
f 1184//1184 1185//1185 1184//1184 
f 1184//1184 1185//1185 1185//1185 
f 1185//1185 1186//1186 1185//1185 
f 1185//1185 1186//1186 1187//1187 
f 1186//1186 1188//1188 1187//1187 
f 1187//1187 1188//1188 1188//1188 
f 1188//1188 1189//1189 1188//1188 
f 1188//1188 1189//1189 1189//1189 
f 1189//1189 1190//1190 1189//1189 
f 1189//1189 1190//1190 1191//1191 
f 1190//1190 1192//1192 1191//1191 
f 1191//1191 1192//1192 1192//1192 
f 1192//1192 1193//1193 1192//1192 
f 1192//1192 1193//1193 1193//1193 
f 1193//1193 1194//1194 1193//1193 
f 1193//1193 1194//1194 1195//1195 
f 1194//1194 1196//1196 1195//1195 
f 1195//1195 1196//1196 1196//1196 
f 1196//1196 1197//1197 1196//1196 
f 1196//1196 1197//1197 1197//1197 
f 1197//1197 1198//1198 1197//1197 
f 1197//1197 1198//1198 1199//1199 
f 1198//1198 1200//1200 1199//1199 
f 1199//1199 1200//1200 1200//1200 
f 1200//1200 1201//1201 1200//1200 
f 1200//1200 1201//1201 1201//1201 
f 1201//1201 1202//1202 1201//1201 
f 1201//1201 1202//1202 1203//1203 
f 1202//1202 1204//1204 1203//1203 
f 1203//1203 1204//1204 1204//1204 
f 1204//1204 1205//1205 1204//1204 
f 1204//1204 1205//1205 1205//1205 
f 1205//1205 1206//1206 1205//1205 
f 1205//1205 1206//1206 1207//1207 
f 1206//1206 1208//1208 1207//1207 
f 1207//1207 1208//1208 1208//1208 
f 1208//1208 1209//1209 1208//1208 
f 1208//1208 1209//1209 1209//1209 
f 1209//1209 1210//1210 1209//1209 
f 1209//1209 1210//1210 1211//1211 
f 1210//1210 1212//1212 1211//1211 
f 1211//1211 1212//1212 1212//1212 
f 1212//1212 1213//1213 1212//1212 
f 1212//1212 1213//1213 1213//1213 
f 1213//1213 1214//1214 1213//1213 
f 1213//1213 1214//1214 1215//1215 
f 1214//1214 1216//1216 1215//1215 
f 1215//1215 1216//1216 1216//1216 
f 1216//1216 1217//1217 1216//1216 
f 1216//1216 1217//1217 1217//1217 
f 1217//1217 1218//1218 1217//1217 
f 1217//1217 1218//1218 1219//1219 
f 1218//1218 1220//1220 1219//1219 
f 1219//1219 1220//1220 1220//1220 
f 1220//1220 1221//1221 1220//1220 
f 1220//1220 1221//1221 1221//1221 
f 1221//1221 1222//1222 1221//1221 
f 1221//1221 1222//1222 1223//1223 
f 1222//1222 1224//1224 1223//1223 
f 1223//1223 1224//1224 1224//1224 
f 1224//1224 1225//1225 1224//1224 
f 1224//1224 1225//1225 1225//1225 
f 1225//1225 1226//1226 1225//1225 
f 1225//1225 1226//1226 1227//1227 
f 1226//1226 1228//1228 1227//1227 
f 1227//1227 1228//1228 1228//1228 
f 1228//1228 1229//1229 1228//1228 
f 1228//1228 1229//1229 1229//1229 
f 1229//1229 1230//1230 1229//1229 
f 1229//1229 1230//1230 1231//1231 
f 1230//1230 1232//1232 1231//1231 
f 1231//1231 1232//1232 1232//1232 
f 1232//1232 1233//1233 1232//1232 
f 1232//1232 1233//1233 1233//1233 
f 1233//1233 1234//1234 1233//1233 
f 1233//1233 1234//1234 1235//1235 
f 1234//1234 1236//1236 1235//1235 
f 1235//1235 1236//1236 1236//1236 
f 1236//1236 1237//1237 1236//1236 
f 1236//1236 1237//1237 1237//1237 
f 1237//1237 1238//1238 1237//1237 
f 1237//1237 1238//1238 1239//1239 
f 1238//1238 1240//1240 1239//1239 
f 1239//1239 1240//1240 1240//1240 
f 1240//1240 1241//1241 1240//1240 
f 1240//1240 1241//1241 1241//1241 
f 1241//1241 1242//1242 1241//1241 
f 1241//1241 1242//1242 1243//1243 
f 1242//1242 1244//1244 1243//1243 
f 1243//1243 1244//1244 1244//1244 
f 1244//1244 1245//1245 1244//1244 
f 1244//1244 1245//1245 1245//1245 
f 1245//1245 1246//1246 1245//1245 
f 1245//1245 1246//1246 1247//1247 
f 1246//1246 1248//1248 1247//1247 
f 1247//1247 1248//1248 1248//1248 
f 1248//1248 1249//1249 1248//1248 
f 1248//1248 1249//1249 1249//1249 
f 1249//1249 1250//1250 1249//1249 
f 1249//1249 1250//1250 1251//1251 
f 1250//1250 1252//1252 1251//1251 
f 1251//1251 1252//1252 1252//1252 
f 1252//1252 1253//1253 1252//1252 
f 1252//1252 1253//1253 1253//1253 
f 1253//1253 1254//1254 1253//1253 
f 1253//1253 1254//1254 1255//1255 
f 1254//1254 1256//1256 1255//1255 
f 1255//1255 1256//1256 1256//1256 
f 1256//1256 1257//1257 1256//1256 
f 1256//1256 1257//1257 1257//1257 
f 1257//1257 1258//1258 1257//1257 
f 1257//1257 1258//1258 1259//1259 
f 1258//1258 1260//1260 1259//1259 
f 1259//1259 1260//1260 1260//1260 
f 1260//1260 1261//1261 1260//1260 
f 1260//1260 1261//1261 1261//1261 
f 1261//1261 1262//1262 1261//1261 
f 1261//1261 1262//1262 1263//1263 
f 1262//1262 1264//1264 1263//1263 
f 1263//1263 1264//1264 1264//1264 
f 1264//1264 1265//1265 1264//1264 
f 1264//1264 1265//1265 1265//1265 
f 1265//1265 1266//1266 1265//1265 
f 1265//1265 1266//1266 1267//1267 
f 1266//1266 1268//1268 1267//1267 
f 1267//1267 1268//1268 1268//1268 
f 1268//1268 1269//1269 1268//1268 
f 1268//1268 1269//1269 1269//1269 
f 1269//1269 1270//1270 1269//1269 
f 1269//1269 1270//1270 1271//1271 
f 1270//1270 1272//1272 1271//1271 
f 1271//1271 1272//1272 1272//1272 
f 1272//1272 1273//1273 1272//1272 
f 1272//1272 1273//1273 1273//1273 
f 1273//1273 1274//1274 1273//1273 
f 1273//1273 1274//1274 1275//1275 
f 1274//1274 1276//1276 1275//1275 
f 1275//1275 1276//1276 1276//1276 
f 1276//1276 1277//1277 1276//1276 
f 1276//1276 1277//1277 1277//1277 
f 1277//1277 1278//1278 1277//1277 
f 1277//1277 1278//1278 1279//1279 
f 1278//1278 1280//1280 1279//1279 
f 1279//1279 1280//1280 1280//1280 
f 1280//1280 1281//1281 1280//1280 
f 1280//1280 1281//1281 1281//1281 
f 1281//1281 1282//1282 1281//1281 
f 1281//1281 1282//1282 1283//1283 
f 1282//1282 1284//1284 1283//1283 
f 1283//1283 1284//1284 1284//1284 
f 1284//1284 1285//1285 1284//1284 
f 1284//1284 1285//1285 1285//1285 
f 1285//1285 1286//1286 1285//1285 
f 1285//1285 1286//1286 1287//1287 
f 1286//1286 1288//1288 1287//1287 
f 1287//1287 1288//1288 1288//1288 
f 1288//1288 1289//1289 1288//1288 
f 1288//1288 1289//1289 1289//1289 
f 1289//1289 1290//1290 1289//1289 
f 1289//1289 1290//1290 1291//1291 
f 1290//1290 1292//1292 1291//1291 
f 1291//1291 1292//1292 1292//1292 
f 1292//1292 1293//1293 1292//1292 
f 1292//1292 1293//1293 1293//1293 
f 1293//1293 1294//1294 1293//1293 
f 1293//1293 1294//1294 1295//1295 
f 1294//1294 1296//1296 1295//1295 
f 1295//1295 1296//1296 1296//1296 
f 1296//1296 1297//1297 1296//1296 
f 1296//1296 1297//1297 1297//1297 
f 1297//1297 1298//1298 1297//1297 
f 1297//1297 1298//1298 1299//1299 
f 1298//1298 1300//1300 1299//1299 
f 1299//1299 1300//1300 1300//1300 
f 1300//1300 1301//1301 1300//1300 
f 1300//1300 1301//1301 1301//1301 
f 1301//1301 1302//1302 1301//1301 
f 1301//1301 1302//1302 1303//1303 
f 1302//1302 1304//1304 1303//1303 
f 1303//1303 1304//1304 1304//1304 
f 1304//1304 1305//1305 1304//1304 
f 1304//1304 1305//1305 1305//1305 
f 1305//1305 1306//1306 1305//1305 
f 1305//1305 1306//1306 1307//1307 
f 1306//1306 1308//1308 1307//1307 
f 1307//1307 1308//1308 1308//1308 
f 1308//1308 1309//1309 1308//1308 
f 1308//1308 1309//1309 1309//1309 
f 1309//1309 1310//1310 1309//1309 
f 1309//1309 1310//1310 1311//1311 
f 1310//1310 1312//1312 1311//1311 
f 1311//1311 1312//1312 1312//1312 
f 1312//1312 1313//1313 1312//1312 
f 1312//1312 1313//1313 1313//1313 
f 1313//1313 1314//1314 1313//1313 
f 1313//1313 1314//1314 1315//1315 
f 1314//1314 1316//1316 1315//1315 
f 1315//1315 1316//1316 1316//1316 
f 1316//1316 1317//1317 1316//1316 
f 1316//1316 1317//1317 1317//1317 
f 1317//1317 1318//1318 1317//1317 
f 1317//1317 1318//1318 1319//1319 
f 1318//1318 1320//1320 1319//1319 
f 1319//1319 1320//1320 1320//1320 
f 1320//1320 1321//1321 1320//1320 
f 1320//1320 1321//1321 1321//1321 
f 1321//1321 1322//1322 1321//1321 
f 1321//1321 1322//1322 1323//1323 
f 1322//1322 1324//1324 1323//1323 
f 1323//1323 1324//1324 1324//1324 
f 1324//1324 1325//1325 1324//1324 
f 1324//1324 1325//1325 1325//1325 
f 1325//1325 1326//1326 1325//1325 
f 1325//1325 1326//1326 1327//1327 
f 1326//1326 1328//1328 1327//1327 
f 1327//1327 1328//1328 1328//1328 
f 1328//1328 1329//1329 1328//1328 
f 1328//1328 1329//1329 1329//1329 
f 1329//1329 1330//1330 1329//1329 
f 1329//1329 1330//1330 1331//1331 
f 1330//1330 1332//1332 1331//1331 
f 1331//1331 1332//1332 1332//1332 
f 1332//1332 1333//1333 1332//1332 
f 1332//1332 1333//1333 1333//1333 
f 1333//1333 1334//1334 1333//1333 
f 1333//1333 1334//1334 1335//1335 
f 1334//1334 1336//1336 1335//1335 
f 1335//1335 1336//1336 1336//1336 
f 1336//1336 1337//1337 1336//1336 
f 1336//1336 1337//1337 1337//1337 
f 1337//1337 1338//1338 1337//1337 
f 1337//1337 1338//1338 1339//1339 
f 1338//1338 1340//1340 1339//1339 
f 1339//1339 1340//1340 1340//1340 
f 1340//1340 1341//1341 1340//1340 
f 1340//1340 1341//1341 1341//1341 
f 1341//1341 1342//1342 1341//1341 
f 1341//1341 1342//1342 1343//1343 
f 1342//1342 1344//1344 1343//1343 
f 1343//1343 1344//1344 1344//1344 
f 1344//1344 1345//1345 1344//1344 
f 1344//1344 1345//1345 1345//1345 
f 1345//1345 1346//1346 1345//1345 
f 1345//1345 1346//1346 1347//1347 
f 1346//1346 1348//1348 1347//1347 
f 1347//1347 1348//1348 1348//1348 
f 1348//1348 1349//1349 1348//1348 
f 1348//1348 1349//1349 1349//1349 
f 1349//1349 1350//1350 1349//1349 
f 1349//1349 1350//1350 1351//1351 
f 1350//1350 1352//1352 1351//1351 
f 1351//1351 1352//1352 1352//1352 
f 1352//1352 1353//1353 1352//1352 
f 1352//1352 1353//1353 1353//1353 
f 1353//1353 1354//1354 1353//1353 
f 1353//1353 1354//1354 1355//1355 
f 1354//1354 1356//1356 1355//1355 
f 1355//1355 1356//1356 1356//1356 
f 1356//1356 1357//1357 1356//1356 
f 1356//1356 1357//1357 1357//1357 
f 1357//1357 1358//1358 1357//1357 
f 1357//1357 1358//1358 1359//1359 
f 1358//1358 1360//1360 1359//1359 
f 1359//1359 1360//1360 1360//1360 
f 1360//1360 1361//1361 1360//1360 
f 1360//1360 1361//1361 1361//1361 
f 1361//1361 1362//1362 1361//1361 
f 1361//1361 1362//1362 1363//1363 
f 1362//1362 1364//1364 1363//1363 
f 1363//1363 1364//1364 1364//1364 
f 1364//1364 1365//1365 1364//1364 
f 1364//1364 1365//1365 1365//1365 
f 1365//1365 1366//1366 1365//1365 
f 1365//1365 1366//1366 1367//1367 
f 1366//1366 1368//1368 1367//1367 
f 1367//1367 1368//1368 1368//1368 
f 1368//1368 1369//1369 1368//1368 
f 1368//1368 1369//1369 1369//1369 
f 1369//1369 1370//1370 1369//1369 
f 1369//1369 1370//1370 1371//1371 
f 1370//1370 1372//1372 1371//1371 
f 1371//1371 1372//1372 1372//1372 
f 1372//1372 1373//1373 1372//1372 
f 1372//1372 1373//1373 1373//1373 
f 1373//1373 1374//1374 1373//1373 
f 1373//1373 1374//1374 1375//1375 
f 1374//1374 1376//1376 1375//1375 
f 1375//1375 1376//1376 1376//1376 
f 1376//1376 1377//1377 1376//1376 
f 1376//1376 1377//1377 1377//1377 
f 1377//1377 1378//1378 1377//1377 
f 1377//1377 1378//1378 1379//1379 
f 1378//1378 1380//1380 1379//1379 
f 1379//1379 1380//1380 1380//1380 
f 1380//1380 1381//1381 1380//1380 
f 1380//1380 1381//1381 1381//1381 
f 1381//1381 1382//1382 1381//1381 
f 1381//1381 1382//1382 1383//1383 
f 1382//1382 1384//1384 1383//1383 
f 1383//1383 1384//1384 1384//1384 
f 1384//1384 1385//1385 1384//1384 
f 1384//1384 1385//1385 1385//1385 
f 1385//1385 1386//1386 1385//1385 
f 1385//1385 1386//1386 1387//1387 
f 1386//1386 1388//1388 1387//1387 
f 1387//1387 1388//1388 1388//1388 
f 1388//1388 1389//1389 1388//1388 
f 1388//1388 1389//1389 1389//1389 
f 1389//1389 1390//1390 1389//1389 
f 1389//1389 1390//1390 1391//1391 
f 1390//1390 1392//1392 1391//1391 
f 1391//1391 1392//1392 1392//1392 
f 1392//1392 1393//1393 1392//1392 
f 1392//1392 1393//1393 1393//1393 
f 1393//1393 1394//1394 1393//1393 
f 1393//1393 1394//1394 1395//1395 
f 1394//1394 1396//1396 1395//1395 
f 1395//1395 1396//1396 1396//1396 
f 1396//1396 1397//1397 1396//1396 
f 1396//1396 1397//1397 1397//1397 
f 1397//1397 1398//1398 1397//1397 
f 1397//1397 1398//1398 1399//1399 
f 1398//1398 1400//1400 1399//1399 
f 1399//1399 1400//1400 1400//1400 
f 1400//1400 1401//1401 1400//1400 
f 1400//1400 1401//1401 1401//1401 
f 1401//1401 1402//1402 1401//1401 
f 1401//1401 1402//1402 1403//1403 
f 1402//1402 1404//1404 1403//1403 
f 1403//1403 1404//1404 1404//1404 
f 1404//1404 1405//1405 1404//1404 
f 1404//1404 1405//1405 1405//1405 
f 1405//1405 1406//1406 1405//1405 
f 1405//1405 1406//1406 1407//1407 
f 1406//1406 1408//1408 1407//1407 
f 1407//1407 1408//1408 1408//1408 
f 1408//1408 1409//1409 1408//1408 
f 1408//1408 1409//1409 1409//1409 
f 1409//1409 1410//1410 1409//1409 
f 1409//1409 1410//1410 1411//1411 
f 1410//1410 1412//1412 1411//1411 
f 1411//1411 1412//1412 1412//1412 
f 1412//1412 1413//1413 1412//1412 
f 1412//1412 1413//1413 1413//1413 
f 1413//1413 1414//1414 1413//1413 
f 1413//1413 1414//1414 1415//1415 
f 1414//1414 1416//1416 1415//1415 
f 1415//1415 1416//1416 1416//1416 
f 1416//1416 1417//1417 1416//1416 
f 1416//1416 1417//1417 1417//1417 
f 1417//1417 1418//1418 1417//1417 
f 1417//1417 1418//1418 1419//1419 
f 1418//1418 1420//1420 1419//1419 
f 1419//1419 1420//1420 1420//1420 
f 1420//1420 1421//1421 1420//1420 
f 1420//1420 1421//1421 1421//1421 
f 1421//1421 1422//1422 1421//1421 
f 1421//1421 1422//1422 1423//1423 
f 1422//1422 1424//1424 1423//1423 
f 1423//1423 1424//1424 1424//1424 
f 1424//1424 1425//1425 1424//1424 
f 1424//1424 1425//1425 1425//1425 
f 1425//1425 1426//1426 1425//1425 
f 1425//1425 1426//1426 1427//1427 
f 1426//1426 1428//1428 1427//1427 
f 1427//1427 1428//1428 1428//1428 
f 1428//1428 1429//1429 1428//1428 
f 1428//1428 1429//1429 1429//1429 
f 1429//1429 1430//1430 1429//1429 
f 1429//1429 1430//1430 1431//1431 
f 1430//1430 1432//1432 1431//1431 
f 1431//1431 1432//1432 1432//1432 
f 1432//1432 1433//1433 1432//1432 
f 1432//1432 1433//1433 1433//1433 
f 1433//1433 1434//1434 1433//1433 
f 1433//1433 1434//1434 1435//1435 
f 1434//1434 1436//1436 1435//1435 
f 1435//1435 1436//1436 1436//1436 
f 1436//1436 1437//1437 1436//1436 
f 1436//1436 1437//1437 1437//1437 
f 1437//1437 1438//1438 1437//1437 
f 1437//1437 1438//1438 1439//1439 
f 1438//1438 1440//1440 1439//1439 
f 1439//1439 1440//1440 1440//1440 
f 1440//1440 1441//1441 1440//1440 
f 1440//1440 1441//1441 1441//1441 
f 1441//1441 1442//1442 1441//1441 
f 1441//1441 1442//1442 1443//1443 
f 1442//1442 1444//1444 1443//1443 
f 1443//1443 1444//1444 1444//1444 
f 1444//1444 1445//1445 1444//1444 
f 1444//1444 1445//1445 1445//1445 
f 1445//1445 1446//1446 1445//1445 
f 1445//1445 1446//1446 1447//1447 
f 1446//1446 1448//1448 1447//1447 
f 1447//1447 1448//1448 1448//1448 
f 1448//1448 1449//1449 1448//1448 
f 1448//1448 1449//1449 1449//1449 
f 1449//1449 1450//1450 1449//1449 
f 1449//1449 1450//1450 1451//1451 
f 1450//1450 1452//1452 1451//1451 
f 1451//1451 1452//1452 1452//1452 
f 1452//1452 1453//1453 1452//1452 
f 1452//1452 1453//1453 1453//1453 
f 1453//1453 1454//1454 1453//1453 
f 1453//1453 1454//1454 1455//1455 
f 1454//1454 1456//1456 1455//1455 
f 1455//1455 1456//1456 1456//1456 
f 1456//1456 1457//1457 1456//1456 
f 1456//1456 1457//1457 1457//1457 
f 1457//1457 1458//1458 1457//1457 
f 1457//1457 1458//1458 1459//1459 
f 1458//1458 1460//1460 1459//1459 
f 1459//1459 1460//1460 1460//1460 
f 1460//1460 1461//1461 1460//1460 
f 1460//1460 1461//1461 1461//1461 
f 1461//1461 1462//1462 1461//1461 
f 1461//1461 1462//1462 1463//1463 
f 1462//1462 1464//1464 1463//1463 
f 1463//1463 1464//1464 1464//1464 
f 1464//1464 1465//1465 1464//1464 
f 1464//1464 1465//1465 1465//1465 
f 1465//1465 1466//1466 1465//1465 
f 1465//1465 1466//1466 1467//1467 
f 1466//1466 1468//1468 1467//1467 
f 1467//1467 1468//1468 1468//1468 
f 1468//1468 1469//1469 1468//1468 
f 1468//1468 1469//1469 1469//1469 
f 1469//1469 1470//1470 1469//1469 
f 1469//1469 1470//1470 1471//1471 
f 1470//1470 1472//1472 1471//1471 
f 1471//1471 1472//1472 1472//1472 
f 1472//1472 1473//1473 1472//1472 
f 1472//1472 1473//1473 1473//1473 
f 1473//1473 1474//1474 1473//1473 
f 1473//1473 1474//1474 1475//1475 
f 1474//1474 1476//1476 1475//1475 
f 1475//1475 1476//1476 1476//1476 
f 1476//1476 1477//1477 1476//1476 
f 1476//1476 1477//1477 1477//1477 
f 1477//1477 1478//1478 1477//1477 
f 1477//1477 1478//1478 1479//1479 
f 1478//1478 1480//1480 1479//1479 
f 1479//1479 1480//1480 1480//1480 
f 1480//1480 1481//1481 1480//1480 
f 1480//1480 1481//1481 1481//1481 
f 1481//1481 1482//1482 1481//1481 
f 1481//1481 1482//1482 1483//1483 
f 1482//1482 1484//1484 1483//1483 
f 1483//1483 1484//1484 1484//1484 
f 1484//1484 1485//1485 1484//1484 
f 1484//1484 1485//1485 1485//1485 
f 1485//1485 1486//1486 1485//1485 
f 1485//1485 1486//1486 1487//1487 
f 1486//1486 1488//1488 1487//1487 
f 1487//1487 1488//1488 1488//1488 
f 1488//1488 1489//1489 1488//1488 
f 1488//1488 1489//1489 1489//1489 
f 1489//1489 1490//1490 1489//1489 
f 1489//1489 1490//1490 1491//1491 
f 1490//1490 1492//1492 1491//1491 
f 1491//1491 1492//1492 1492//1492 
f 1492//1492 1493//1493 1492//1492 
f 1492//1492 1493//1493 1493//1493 
f 1493//1493 1494//1494 1493//1493 
f 1493//1493 1494//1494 1495//1495 
f 1494//1494 1496//1496 1495//1495 
f 1495//1495 1496//1496 1496//1496 
f 1496//1496 1497//1497 1496//1496 
f 1496//1496 1497//1497 1497//1497 
f 1497//1497 1498//1498 1497//1497 
f 1497//1497 1498//1498 1499//1499 
f 1498//1498 1500//1500 1499//1499 
f 1499//1499 1500//1500 1500//1500 
f 1500//1500 1501//1501 1500//1500 
f 1500//1500 1501//1501 1501//1501 
f 1501//1501 1502//1502 1501//1501 
f 1501//1501 1502//1502 1503//1503 
f 1502//1502 1504//1504 1503//1503 
f 1503//1503 1504//1504 1504//1504 
f 1504//1504 1505//1505 1504//1504 
f 1504//1504 1505//1505 1505//1505 
f 1505//1505 1506//1506 1505//1505 
f 1505//1505 1506//1506 1507//1507 
f 1506//1506 1508//1508 1507//1507 
f 1507//1507 1508//1508 1508//1508 
f 1508//1508 1509//1509 1508//1508 
f 1508//1508 1509//1509 1509//1509 
f 1509//1509 1510//1510 1509//1509 
f 1509//1509 1510//1510 1511//1511 
f 1510//1510 1512//1512 1511//1511 
f 1511//1511 1512//1512 1512//1512 
f 1512//1512 1513//1513 1512//1512 
f 1512//1512 1513//1513 1513//1513 
f 1513//1513 1514//1514 1513//1513 
f 1513//1513 1514//1514 1515//1515 
f 1514//1514 1516//1516 1515//1515 
f 1515//1515 1516//1516 1516//1516 
f 1516//1516 1517//1517 1516//1516 
f 1516//1516 1517//1517 1517//1517 
f 1517//1517 1518//1518 1517//1517 
f 1517//1517 1518//1518 1519//1519 
f 1518//1518 1520//1520 1519//1519 
f 1519//1519 1520//1520 1520//1520 
f 1520//1520 1521//1521 1520//1520 
f 1520//1520 1521//1521 1521//1521 
f 1521//1521 1522//1522 1521//1521 
f 1521//1521 1522//1522 1523//1523 
f 1522//1522 1524//1524 1523//1523 
f 1523//1523 1524//1524 1524//1524 
f 1524//1524 1525//1525 1524//1524 
f 1524//1524 1525//1525 1525//1525 
f 1525//1525 1526//1526 1525//1525 
f 1525//1525 1526//1526 1527//1527 
f 1526//1526 1528//1528 1527//1527 
f 1527//1527 1528//1528 1528//1528 
f 1528//1528 1529//1529 1528//1528 
f 1528//1528 1529//1529 1529//1529 
f 1529//1529 1530//1530 1529//1529 
f 1529//1529 1530//1530 1531//1531 
f 1530//1530 1532//1532 1531//1531 
f 1531//1531 1532//1532 1532//1532 
f 1532//1532 1533//1533 1532//1532 
f 1532//1532 1533//1533 1533//1533 
f 1533//1533 1534//1534 1533//1533 
f 1533//1533 1534//1534 1535//1535 
f 1534//1534 1536//1536 1535//1535 
f 1535//1535 1536//1536 1536//1536 
f 1536//1536 1537//1537 1536//1536 
f 1536//1536 1537//1537 1537//1537 
f 1537//1537 1538//1538 1537//1537 
f 1537//1537 1538//1538 1539//1539 
f 1538//1538 1540//1540 1539//1539 
f 1539//1539 1540//1540 1540//1540 
f 1540//1540 1541//1541 1540//1540 
f 1540//1540 1541//1541 1541//1541 
f 1541//1541 1542//1542 1541//1541 
f 1541//1541 1542//1542 1543//1543 
f 1542//1542 1544//1544 1543//1543 
f 1543//1543 1544//1544 1544//1544 
f 1544//1544 1545//1545 1544//1544 
f 1544//1544 1545//1545 1545//1545 
f 1545//1545 1546//1546 1545//1545 
f 1545//1545 1546//1546 1547//1547 
f 1546//1546 1548//1548 1547//1547 
f 1547//1547 1548//1548 1548//1548 
f 1548//1548 1549//1549 1548//1548 
f 1548//1548 1549//1549 1549//1549 
f 1549//1549 1550//1550 1549//1549 
f 1549//1549 1550//1550 1551//1551 
f 1550//1550 1552//1552 1551//1551 
f 1551//1551 1552//1552 1552//1552 
f 1552//1552 1553//1553 1552//1552 
f 1552//1552 1553//1553 1553//1553 
f 1553//1553 1554//1554 1553//1553 
f 1553//1553 1554//1554 1555//1555 
f 1554//1554 1556//1556 1555//1555 
f 1555//1555 1556//1556 1556//1556 
f 1556//1556 1557//1557 1556//1556 
f 1556//1556 1557//1557 1557//1557 
f 1557//1557 1558//1558 1557//1557 
f 1557//1557 1558//1558 1559//1559 
f 1558//1558 1560//1560 1559//1559 
f 1559//1559 1560//1560 1560//1560 
f 1560//1560 1561//1561 1560//1560 
f 1560//1560 1561//1561 1561//1561 
f 1561//1561 1562//1562 1561//1561 
f 1561//1561 1562//1562 1563//1563 
f 1562//1562 1564//1564 1563//1563 
f 1563//1563 1564//1564 1564//1564 
f 1564//1564 1565//1565 1564//1564 
f 1564//1564 1565//1565 1565//1565 
f 1565//1565 1566//1566 1565//1565 
f 1565//1565 1566//1566 1567//1567 
f 1566//1566 1568//1568 1567//1567 
f 1567//1567 1568//1568 1568//1568 
f 1568//1568 1569//1569 1568//1568 
f 1568//1568 1569//1569 1569//1569 
f 1569//1569 1570//1570 1569//1569 
f 1569//1569 1570//1570 1571//1571 
f 1570//1570 1572//1572 1571//1571 
f 1571//1571 1572//1572 1572//1572 
f 1572//1572 1573//1573 1572//1572 
f 1572//1572 1573//1573 1573//1573 
f 1573//1573 1574//1574 1573//1573 
f 1573//1573 1574//1574 1575//1575 
f 1574//1574 1576//1576 1575//1575 
f 1575//1575 1576//1576 1576//1576 
f 1576//1576 1577//1577 1576//1576 
f 1576//1576 1577//1577 1577//1577 
f 1577//1577 1578//1578 1577//1577 
f 1577//1577 1578//1578 1579//1579 
f 1578//1578 1580//1580 1579//1579 
f 1579//1579 1580//1580 1580//1580 
f 1580//1580 1581//1581 1580//1580 
f 1580//1580 1581//1581 1581//1581 
f 1581//1581 1582//1582 1581//1581 
f 1581//1581 1582//1582 1583//1583 
f 1582//1582 1584//1584 1583//1583 
f 1583//1583 1584//1584 1584//1584 
f 1584//1584 1585//1585 1584//1584 
f 1584//1584 1585//1585 1585//1585 
f 1585//1585 1586//1586 1585//1585 
f 1585//1585 1586//1586 1587//1587 
f 1586//1586 1588//1588 1587//1587 
f 1587//1587 1588//1588 1588//1588 
f 1588//1588 1589//1589 1588//1588 
f 1588//1588 1589//1589 1589//1589 
f 1589//1589 1590//1590 1589//1589 
f 1589//1589 1590//1590 1591//1591 
f 1590//1590 1592//1592 1591//1591 
f 1591//1591 1592//1592 1592//1592 
f 1592//1592 1593//1593 1592//1592 
f 1592//1592 1593//1593 1593//1593 
f 1593//1593 1594//1594 1593//1593 
f 1593//1593 1594//1594 1595//1595 
f 1594//1594 1596//1596 1595//1595 
f 1595//1595 1596//1596 1596//1596 
f 1596//1596 1597//1597 1596//1596 
f 1596//1596 1597//1597 1597//1597 
f 1597//1597 1598//1598 1597//1597 
f 1597//1597 1598//1598 1599//1599 
f 1598//1598 1600//1600 1599//1599 
f 1599//1599 1600//1600 1600//1600 
f 1600//1600 1601//1601 1600//1600 
f 1600//1600 1601//1601 1601//1601 
f 1601//1601 1602//1602 1601//1601 
f 1601//1601 1602//1602 1603//1603 
f 1602//1602 1604//1604 1603//1603 
f 1603//1603 1604//1604 1604//1604 
f 1604//1604 1605//1605 1604//1604 
f 1604//1604 1605//1605 1605//1605 
f 1605//1605 1606//1606 1605//1605 
f 1605//1605 1606//1606 1607//1607 
f 1606//1606 1608//1608 1607//1607 
f 1607//1607 1608//1608 1608//1608 
f 1608//1608 1609//1609 1608//1608 
f 1608//1608 1609//1609 1609//1609 
f 1609//1609 1610//1610 1609//1609 
f 1609//1609 1610//1610 1611//1611 
f 1610//1610 1612//1612 1611//1611 
f 1611//1611 1612//1612 1612//1612 
f 1612//1612 1613//1613 1612//1612 
f 1612//1612 1613//1613 1613//1613 
f 1613//1613 1614//1614 1613//1613 
f 1613//1613 1614//1614 1615//1615 
f 1614//1614 1616//1616 1615//1615 
f 1615//1615 1616//1616 1616//1616 
f 1616//1616 1617//1617 1616//1616 
f 1616//1616 1617//1617 1617//1617 
f 1617//1617 1618//1618 1617//1617 
f 1617//1617 1618//1618 1619//1619 
f 1618//1618 1620//1620 1619//1619 
f 1619//1619 1620//1620 1620//1620 
f 1620//1620 1621//1621 1620//1620 
f 1620//1620 1621//1621 1621//1621 
f 1621//1621 1622//1622 1621//1621 
f 1621//1621 1622//1622 1623//1623 
f 1622//1622 1624//1624 1623//1623 
f 1623//1623 1624//1624 1624//1624 
f 1624//1624 1625//1625 1624//1624 
f 1624//1624 1625//1625 1625//1625 
f 1625//1625 1626//1626 1625//1625 
f 1625//1625 1626//1626 1627//1627 
f 1626//1626 1628//1628 1627//1627 
f 1627//1627 1628//1628 1628//1628 
f 1628//1628 1629//1629 1628//1628 
f 1628//1628 1629//1629 1629//1629 
f 1629//1629 1630//1630 1629//1629 
f 1629//1629 1630//1630 1631//1631 
f 1630//1630 1632//1632 1631//1631 
f 1631//1631 1632//1632 1632//1632 
f 1632//1632 1633//1633 1632//1632 
f 1632//1632 1633//1633 1633//1633 
f 1633//1633 1634//1634 1633//1633 
f 1633//1633 1634//1634 1635//1635 
f 1634//1634 1636//1636 1635//1635 
f 1635//1635 1636//1636 1636//1636 
f 1636//1636 1637//1637 1636//1636 
f 1636//1636 1637//1637 1637//1637 
f 1637//1637 1638//1638 1637//1637 
f 1637//1637 1638//1638 1639//1639 
f 1638//1638 1640//1640 1639//1639 
f 1639//1639 1640//1640 1640//1640 
f 1640//1640 1641//1641 1640//1640 
f 1640//1640 1641//1641 1641//1641 
f 1641//1641 1642//1642 1641//1641 
f 1641//1641 1642//1642 1643//1643 
f 1642//1642 1644//1644 1643//1643 
f 1643//1643 1644//1644 1644//1644 
f 1644//1644 1645//1645 1644//1644 
f 1644//1644 1645//1645 1645//1645 
f 1645//1645 1646//1646 1645//1645 
f 1645//1645 1646//1646 1647//1647 
f 1646//1646 1648//1648 1647//1647 
f 1647//1647 1648//1648 1648//1648 
f 1648//1648 1649//1649 1648//1648 
f 1648//1648 1649//1649 1649//1649 
f 1649//1649 1650//1650 1649//1649 
f 1649//1649 1650//1650 1651//1651 
f 1650//1650 1652//1652 1651//1651 
f 1651//1651 1652//1652 1652//1652 
f 1652//1652 1653//1653 1652//1652 
f 1652//1652 1653//1653 1653//1653 
f 1653//1653 1654//1654 1653//1653 
f 1653//1653 1654//1654 1655//1655 
f 1654//1654 1656//1656 1655//1655 
f 1655//1655 1656//1656 1656//1656 
f 1656//1656 1657//1657 1656//1656 
f 1656//1656 1657//1657 1657//1657 
f 1657//1657 1658//1658 1657//1657 
f 1657//1657 1658//1658 1659//1659 
f 1658//1658 1660//1660 1659//1659 
f 1659//1659 1660//1660 1660//1660 
f 1660//1660 1661//1661 1660//1660 
f 1660//1660 1661//1661 1661//1661 
f 1661//1661 1662//1662 1661//1661 
f 1661//1661 1662//1662 1663//1663 
f 1662//1662 1664//1664 1663//1663 
f 1663//1663 1664//1664 1664//1664 
f 1664//1664 1665//1665 1664//1664 
f 1664//1664 1665//1665 1665//1665 
f 1665//1665 1666//1666 1665//1665 
f 1665//1665 1666//1666 1667//1667 
f 1666//1666 1668//1668 1667//1667 
f 1667//1667 1668//1668 1668//1668 
f 1668//1668 1669//1669 1668//1668 
f 1668//1668 1669//1669 1669//1669 
f 1669//1669 1670//1670 1669//1669 
f 1669//1669 1670//1670 1671//1671 
f 1670//1670 1672//1672 1671//1671 
f 1671//1671 1672//1672 1672//1672 
f 1672//1672 1673//1673 1672//1672 
f 1672//1672 1673//1673 1673//1673 
f 1673//1673 1674//1674 1673//1673 
f 1673//1673 1674//1674 1675//1675 
f 1674//1674 1676//1676 1675//1675 
f 1675//1675 1676//1676 1676//1676 
f 1676//1676 1677//1677 1676//1676 
f 1676//1676 1677//1677 1677//1677 
f 1677//1677 1678//1678 1677//1677 
f 1677//1677 1678//1678 1679//1679 
f 1678//1678 1680//1680 1679//1679 
f 1679//1679 1680//1680 1680//1680 
f 1680//1680 1681//1681 1680//1680 
f 1680//1680 1681//1681 1681//1681 
f 1681//1681 1682//1682 1681//1681 
f 1681//1681 1682//1682 1683//1683 
f 1682//1682 1684//1684 1683//1683 
f 1683//1683 1684//1684 1684//1684 
f 1684//1684 1685//1685 1684//1684 
f 1684//1684 1685//1685 1685//1685 
f 1685//1685 1686//1686 1685//1685 
f 1685//1685 1686//1686 1687//1687 
f 1686//1686 1688//1688 1687//1687 
f 1687//1687 1688//1688 1688//1688 
f 1688//1688 1689//1689 1688//1688 
f 1688//1688 1689//1689 1689//1689 
f 1689//1689 1690//1690 1689//1689 
f 1689//1689 1690//1690 1691//1691 
f 1690//1690 1692//1692 1691//1691 
f 1691//1691 1692//1692 1692//1692 
f 1692//1692 1693//1693 1692//1692 
f 1692//1692 1693//1693 1693//1693 
f 1693//1693 1694//1694 1693//1693 
f 1693//1693 1694//1694 1695//1695 
f 1694//1694 1696//1696 1695//1695 
f 1695//1695 1696//1696 1696//1696 
f 1696//1696 1697//1697 1696//1696 
f 1696//1696 1697//1697 1697//1697 
f 1697//1697 1698//1698 1697//1697 
f 1697//1697 1698//1698 1699//1699 
f 1698//1698 1700//1700 1699//1699 
f 1699//1699 1700//1700 1700//1700 
f 1700//1700 1701//1701 1700//1700 
f 1700//1700 1701//1701 1701//1701 
f 1701//1701 1702//1702 1701//1701 
f 1701//1701 1702//1702 1703//1703 
f 1702//1702 1704//1704 1703//1703 
f 1703//1703 1704//1704 1704//1704 
f 1704//1704 1705//1705 1704//1704 
f 1704//1704 1705//1705 1705//1705 
f 1705//1705 1706//1706 1705//1705 
f 1705//1705 1706//1706 1707//1707 
f 1706//1706 1708//1708 1707//1707 
f 1707//1707 1708//1708 1708//1708 
f 1708//1708 1709//1709 1708//1708 
f 1708//1708 1709//1709 1709//1709 
f 1709//1709 1710//1710 1709//1709 
f 1709//1709 1710//1710 1711//1711 
f 1710//1710 1712//1712 1711//1711 
f 1711//1711 1712//1712 1712//1712 
f 1712//1712 1713//1713 1712//1712 
f 1712//1712 1713//1713 1713//1713 
f 1713//1713 1714//1714 1713//1713 
f 1713//1713 1714//1714 1715//1715 
f 1714//1714 1716//1716 1715//1715 
f 1715//1715 1716//1716 1716//1716 
f 1716//1716 1717//1717 1716//1716 
f 1716//1716 1717//1717 1717//1717 
f 1717//1717 1718//1718 1717//1717 
f 1717//1717 1718//1718 1719//1719 
f 1718//1718 1720//1720 1719//1719 
f 1719//1719 1720//1720 1720//1720 
f 1720//1720 1721//1721 1720//1720 
f 1720//1720 1721//1721 1721//1721 
f 1721//1721 1722//1722 1721//1721 
f 1721//1721 1722//1722 1723//1723 
f 1722//1722 1724//1724 1723//1723 
f 1723//1723 1724//1724 1724//1724 
f 1724//1724 1725//1725 1724//1724 
f 1724//1724 1725//1725 1725//1725 
f 1725//1725 1726//1726 1725//1725 
f 1725//1725 1726//1726 1727//1727 
f 1726//1726 1728//1728 1727//1727 
f 1727//1727 1728//1728 1728//1728 
f 1728//1728 1729//1729 1728//1728 
f 1728//1728 1729//1729 1729//1729 
f 1729//1729 1730//1730 1729//1729 
f 1729//1729 1730//1730 1731//1731 
f 1730//1730 1732//1732 1731//1731 
f 1731//1731 1732//1732 1732//1732 
f 1732//1732 1733//1733 1732//1732 
f 1732//1732 1733//1733 1733//1733 
f 1733//1733 1734//1734 1733//1733 
f 1733//1733 1734//1734 1735//1735 
f 1734//1734 1736//1736 1735//1735 
f 1735//1735 1736//1736 1736//1736 
f 1736//1736 1737//1737 1736//1736 
f 1736//1736 1737//1737 1737//1737 
f 1737//1737 1738//1738 1737//1737 
f 1737//1737 1738//1738 1739//1739 
f 1738//1738 1740//1740 1739//1739 
f 1739//1739 1740//1740 1740//1740 
f 1740//1740 1741//1741 1740//1740 
f 1740//1740 1741//1741 1741//1741 
f 1741//1741 1742//1742 1741//1741 
f 1741//1741 1742//1742 1743//1743 
f 1742//1742 1744//1744 1743//1743 
f 1743//1743 1744//1744 1744//1744 
f 1744//1744 1745//1745 1744//1744 
f 1744//1744 1745//1745 1745//1745 
f 1745//1745 1746//1746 1745//1745 
f 1745//1745 1746//1746 1747//1747 
f 1746//1746 1748//1748 1747//1747 
f 1747//1747 1748//1748 1748//1748 
f 1748//1748 1749//1749 1748//1748 
f 1748//1748 1749//1749 1749//1749 
f 1749//1749 1750//1750 1749//1749 
f 1749//1749 1750//1750 1751//1751 
f 1750//1750 1752//1752 1751//1751 
f 1751//1751 1752//1752 1752//1752 
f 1752//1752 1753//1753 1752//1752 
f 1752//1752 1753//1753 1753//1753 
f 1753//1753 1754//1754 1753//1753 
f 1753//1753 1754//1754 1755//1755 
f 1754//1754 1756//1756 1755//1755 
f 1755//1755 1756//1756 1756//1756 
f 1756//1756 1757//1757 1756//1756 
f 1756//1756 1757//1757 1757//1757 
f 1757//1757 1758//1758 1757//1757 
f 1757//1757 1758//1758 1759//1759 
f 1758//1758 1760//1760 1759//1759 
f 1759//1759 1760//1760 1760//1760 
f 1760//1760 1761//1761 1760//1760 
f 1760//1760 1761//1761 1761//1761 
f 1761//1761 1762//1762 1761//1761 
f 1761//1761 1762//1762 1763//1763 
f 1762//1762 1764//1764 1763//1763 
f 1763//1763 1764//1764 1764//1764 
f 1764//1764 1765//1765 1764//1764 
f 1764//1764 1765//1765 1765//1765 
f 1765//1765 1766//1766 1765//1765 
f 1765//1765 1766//1766 1767//1767 
f 1766//1766 1768//1768 1767//1767 
f 1767//1767 1768//1768 1768//1768 
f 1768//1768 1769//1769 1768//1768 
f 1768//1768 1769//1769 1769//1769 
f 1769//1769 1770//1770 1769//1769 
f 1769//1769 1770//1770 1771//1771 
f 1770//1770 1772//1772 1771//1771 
f 1771//1771 1772//1772 1772//1772 
f 1772//1772 1773//1773 1772//1772 
f 1772//1772 1773//1773 1773//1773 
f 1773//1773 1774//1774 1773//1773 
f 1773//1773 1774//1774 1775//1775 
f 1774//1774 1776//1776 1775//1775 
f 1775//1775 1776//1776 1776//1776 
f 1776//1776 1777//1777 1776//1776 
f 1776//1776 1777//1777 1777//1777 
f 1777//1777 1778//1778 1777//1777 
f 1777//1777 1778//1778 1779//1779 
f 1778//1778 1780//1780 1779//1779 
f 1779//1779 1780//1780 1780//1780 
f 1780//1780 1781//1781 1780//1780 
f 1780//1780 1781//1781 1781//1781 
f 1781//1781 1782//1782 1781//1781 
f 1781//1781 1782//1782 1783//1783 
f 1782//1782 1784//1784 1783//1783 
f 1783//1783 1784//1784 1784//1784 
f 1784//1784 1785//1785 1784//1784 
f 1784//1784 1785//1785 1785//1785 
f 1785//1785 1786//1786 1785//1785 
f 1785//1785 1786//1786 1787//1787 
f 1786//1786 1788//1788 1787//1787 
f 1787//1787 1788//1788 1788//1788 
f 1788//1788 1789//1789 1788//1788 
f 1788//1788 1789//1789 1789//1789 
f 1789//1789 1790//1790 1789//1789 
f 1789//1789 1790//1790 1791//1791 
f 1790//1790 1792//1792 1791//1791 
f 1791//1791 1792//1792 1792//1792 
f 1792//1792 1793//1793 1792//1792 
f 1792//1792 1793//1793 1793//1793 
f 1793//1793 1794//1794 1793//1793 
f 1793//1793 1794//1794 1795//1795 
f 1794//1794 1796//1796 1795//1795 
f 1795//1795 1796//1796 1796//1796 
f 1796//1796 1797//1797 1796//1796 
f 1796//1796 1797//1797 1797//1797 
f 1797//1797 1798//1798 1797//1797 
f 1797//1797 1798//1798 1799//1799 
f 1798//1798 1800//1800 1799//1799 
f 1799//1799 1800//1800 1800//1800 
f 1800//1800 1801//1801 1800//1800 
f 1800//1800 1801//1801 1801//1801 
f 1801//1801 1802//1802 1801//1801 
f 1801//1801 1802//1802 1803//1803 
f 1802//1802 1804//1804 1803//1803 
f 1803//1803 1804//1804 1804//1804 
f 1804//1804 1805//1805 1804//1804 
f 1804//1804 1805//1805 1805//1805 
f 1805//1805 1806//1806 1805//1805 
f 1805//1805 1806//1806 1807//1807 
f 1806//1806 1808//1808 1807//1807 
f 1807//1807 1808//1808 1808//1808 
f 1808//1808 1809//1809 1808//1808 
f 1808//1808 1809//1809 1809//1809 
f 1809//1809 1810//1810 1809//1809 
f 1809//1809 1810//1810 1811//1811 
f 1810//1810 1812//1812 1811//1811 
f 1811//1811 1812//1812 1812//1812 
f 1812//1812 1813//1813 1812//1812 
f 1812//1812 1813//1813 1813//1813 
f 1813//1813 1814//1814 1813//1813 
f 1813//1813 1814//1814 1815//1815 
f 1814//1814 1816//1816 1815//1815 
f 1815//1815 1816//1816 1816//1816 
f 1816//1816 1817//1817 1816//1816 
f 1816//1816 1817//1817 1817//1817 
f 1817//1817 1818//1818 1817//1817 
f 1817//1817 1818//1818 1819//1819 
f 1818//1818 1820//1820 1819//1819 
f 1819//1819 1820//1820 1820//1820 
f 1820//1820 1821//1821 1820//1820 
f 1820//1820 1821//1821 1821//1821 
f 1821//1821 1822//1822 1821//1821 
f 1821//1821 1822//1822 1823//1823 
f 1822//1822 1824//1824 1823//1823 
f 1823//1823 1824//1824 1824//1824 
f 1824//1824 1825//1825 1824//1824 
f 1824//1824 1825//1825 1825//1825 
f 1825//1825 1826//1826 1825//1825 
f 1825//1825 1826//1826 1827//1827 
f 1826//1826 1828//1828 1827//1827 
f 1827//1827 1828//1828 1828//1828 
f 1828//1828 1829//1829 1828//1828 
f 1828//1828 1829//1829 1829//1829 
f 1829//1829 1830//1830 1829//1829 
f 1829//1829 1830//1830 1831//1831 
f 1830//1830 1832//1832 1831//1831 
f 1831//1831 1832//1832 1832//1832 
f 1832//1832 1833//1833 1832//1832 
f 1832//1832 1833//1833 1833//1833 
f 1833//1833 1834//1834 1833//1833 
f 1833//1833 1834//1834 1835//1835 
f 1834//1834 1836//1836 1835//1835 
f 1835//1835 1836//1836 1836//1836 
f 1836//1836 1837//1837 1836//1836 
f 1836//1836 1837//1837 1837//1837 
f 1837//1837 1838//1838 1837//1837 
f 1837//1837 1838//1838 1839//1839 
f 1838//1838 1840//1840 1839//1839 
f 1839//1839 1840//1840 1840//1840 
f 1840//1840 1841//1841 1840//1840 
f 1840//1840 1841//1841 1841//1841 
f 1841//1841 1842//1842 1841//1841 
f 1841//1841 1842//1842 1843//1843 
f 1842//1842 1844//1844 1843//1843 
f 1843//1843 1844//1844 1844//1844 
f 1844//1844 1845//1845 1844//1844 
f 1844//1844 1845//1845 1845//1845 
f 1845//1845 1846//1846 1845//1845 
f 1845//1845 1846//1846 1847//1847 
f 1846//1846 1848//1848 1847//1847 
f 1847//1847 1848//1848 1848//1848 
f 1848//1848 1849//1849 1848//1848 
f 1848//1848 1849//1849 1849//1849 
f 1849//1849 1850//1850 1849//1849 
f 1849//1849 1850//1850 1851//1851 
f 1850//1850 1852//1852 1851//1851 
f 1851//1851 1852//1852 1852//1852 
f 1852//1852 1853//1853 1852//1852 
f 1852//1852 1853//1853 1853//1853 
f 1853//1853 1854//1854 1853//1853 
f 1853//1853 1854//1854 1855//1855 
f 1854//1854 1856//1856 1855//1855 
f 1855//1855 1856//1856 1856//1856 
f 1856//1856 1857//1857 1856//1856 
f 1856//1856 1857//1857 1857//1857 
f 1857//1857 1858//1858 1857//1857 
f 1857//1857 1858//1858 1859//1859 
f 1858//1858 1860//1860 1859//1859 
f 1859//1859 1860//1860 1860//1860 
f 1860//1860 1861//1861 1860//1860 
f 1860//1860 1861//1861 1861//1861 
f 1861//1861 1862//1862 1861//1861 
f 1861//1861 1862//1862 1863//1863 
f 1862//1862 1864//1864 1863//1863 
f 1863//1863 1864//1864 1864//1864 
f 1864//1864 1865//1865 1864//1864 
f 1864//1864 1865//1865 1865//1865 
f 1865//1865 1866//1866 1865//1865 
f 1865//1865 1866//1866 1867//1867 
f 1866//1866 1868//1868 1867//1867 
f 1867//1867 1868//1868 1868//1868 
f 1868//1868 1869//1869 1868//1868 
f 1868//1868 1869//1869 1869//1869 
f 1869//1869 1870//1870 1869//1869 
f 1869//1869 1870//1870 1871//1871 
f 1870//1870 1872//1872 1871//1871 
f 1871//1871 1872//1872 1872//1872 
f 1872//1872 1873//1873 1872//1872 
f 1872//1872 1873//1873 1873//1873 
f 1873//1873 1874//1874 1873//1873 
f 1873//1873 1874//1874 1875//1875 
f 1874//1874 1876//1876 1875//1875 
f 1875//1875 1876//1876 1876//1876 
f 1876//1876 1877//1877 1876//1876 
f 1876//1876 1877//1877 1877//1877 
f 1877//1877 1878//1878 1877//1877 
f 1877//1877 1878//1878 1879//1879 
f 1878//1878 1880//1880 1879//1879 
f 1879//1879 1880//1880 1880//1880 
f 1880//1880 1881//1881 1880//1880 
f 1880//1880 1881//1881 1881//1881 
f 1881//1881 1882//1882 1881//1881 
f 1881//1881 1882//1882 1883//1883 
f 1882//1882 1884//1884 1883//1883 
f 1883//1883 1884//1884 1884//1884 
f 1884//1884 1885//1885 1884//1884 
f 1884//1884 1885//1885 1885//1885 
f 1885//1885 1886//1886 1885//1885 
f 1885//1885 1886//1886 1887//1887 
f 1886//1886 1888//1888 1887//1887 
f 1887//1887 1888//1888 1888//1888 
f 1888//1888 1889//1889 1888//1888 
f 1888//1888 1889//1889 1889//1889 
f 1889//1889 1890//1890 1889//1889 
f 1889//1889 1890//1890 1891//1891 
f 1890//1890 1892//1892 1891//1891 
f 1891//1891 1892//1892 1892//1892 
f 1892//1892 1893//1893 1892//1892 
f 1892//1892 1893//1893 1893//1893 
f 1893//1893 1894//1894 1893//1893 
f 1893//1893 1894//1894 1895//1895 
f 1894//1894 1896//1896 1895//1895 
f 1895//1895 1896//1896 1896//1896 
f 1896//1896 1897//1897 1896//1896 
f 1896//1896 1897//1897 1897//1897 
f 1897//1897 1898//1898 1897//1897 
f 1897//1897 1898//1898 1899//1899 
f 1898//1898 1900//1900 1899//1899 
f 1899//1899 1900//1900 1900//1900 
f 1900//1900 1901//1901 1900//1900 
f 1900//1900 1901//1901 1901//1901 
f 1901//1901 1902//1902 1901//1901 
f 1901//1901 1902//1902 1903//1903 
f 1902//1902 1904//1904 1903//1903 
f 1903//1903 1904//1904 1904//1904 
f 1904//1904 1905//1905 1904//1904 
f 1904//1904 1905//1905 1905//1905 
f 1905//1905 1906//1906 1905//1905 
f 1905//1905 1906//1906 1907//1907 
f 1906//1906 1908//1908 1907//1907 
f 1907//1907 1908//1908 1908//1908 
f 1908//1908 1909//1909 1908//1908 
f 1908//1908 1909//1909 1909//1909 
f 1909//1909 1910//1910 1909//1909 
f 1909//1909 1910//1910 1911//1911 
f 1910//1910 1912//1912 1911//1911 
f 1911//1911 1912//1912 1912//1912 
f 1912//1912 1913//1913 1912//1912 
f 1912//1912 1913//1913 1913//1913 
f 1913//1913 1914//1914 1913//1913 
f 1913//1913 1914//1914 1915//1915 
f 1914//1914 1916//1916 1915//1915 
f 1915//1915 1916//1916 1916//1916 
f 1916//1916 1917//1917 1916//1916 
f 1916//1916 1917//1917 1917//1917 
f 1917//1917 1918//1918 1917//1917 
f 1917//1917 1918//1918 1919//1919 
f 1918//1918 1920//1920 1919//1919 
f 1919//1919 1920//1920 1920//1920 
f 1920//1920 1921//1921 1920//1920 
f 1920//1920 1921//1921 1921//1921 
f 1921//1921 1922//1922 1921//1921 
f 1921//1921 1922//1922 1923//1923 
f 1922//1922 1924//1924 1923//1923 
f 1923//1923 1924//1924 1924//1924 
f 1924//1924 1925//1925 1924//1924 
f 1924//1924 1925//1925 1925//1925 
f 1925//1925 1926//1926 1925//1925 
f 1925//1925 1926//1926 1927//1927 
f 1926//1926 1928//1928 1927//1927 
f 1927//1927 1928//1928 1928//1928 
f 1928//1928 1929//1929 1928//1928 
f 1928//1928 1929//1929 1929//1929 
f 1929//1929 1930//1930 1929//1929 
f 1929//1929 1930//1930 1931//1931 
f 1930//1930 1932//1932 1931//1931 
f 1931//1931 1932//1932 1932//1932 
f 1932//1932 1933//1933 1932//1932 
f 1932//1932 1933//1933 1933//1933 
f 1933//1933 1934//1934 1933//1933 
f 1933//1933 1934//1934 1935//1935 
f 1934//1934 1936//1936 1935//1935 
f 1935//1935 1936//1936 1936//1936 
f 1936//1936 1937//1937 1936//1936 
f 1936//1936 1937//1937 1937//1937 
f 1937//1937 1938//1938 1937//1937 
f 1937//1937 1938//1938 1939//1939 
f 1938//1938 1940//1940 1939//1939 
f 1939//1939 1940//1940 1940//1940 
f 1940//1940 1941//1941 1940//1940 
f 1940//1940 1941//1941 1941//1941 
f 1941//1941 1942//1942 1941//1941 
f 1941//1941 1942//1942 1943//1943 
f 1942//1942 1944//1944 1943//1943 
f 1943//1943 1944//1944 1944//1944 
f 1944//1944 1945//1945 1944//1944 
f 1944//1944 1945//1945 1945//1945 
f 1945//1945 1946//1946 1945//1945 
f 1945//1945 1946//1946 1947//1947 
f 1946//1946 1948//1948 1947//1947 
f 1947//1947 1948//1948 1948//1948 
f 1948//1948 1949//1949 1948//1948 
f 1948//1948 1949//1949 1949//1949 
f 1949//1949 1950//1950 1949//1949 
f 1949//1949 1950//1950 1951//1951 
f 1950//1950 1952//1952 1951//1951 
f 1951//1951 1952//1952 1952//1952 
f 1952//1952 1953//1953 1952//1952 
f 1952//1952 1953//1953 1953//1953 
f 1953//1953 1954//1954 1953//1953 
f 1953//1953 1954//1954 1955//1955 
f 1954//1954 1956//1956 1955//1955 
f 1955//1955 1956//1956 1956//1956 
f 1956//1956 1957//1957 1956//1956 
f 1956//1956 1957//1957 1957//1957 
f 1957//1957 1958//1958 1957//1957 
f 1957//1957 1958//1958 1959//1959 
f 1958//1958 1960//1960 1959//1959 
f 1959//1959 1960//1960 1960//1960 
f 1960//1960 1961//1961 1960//1960 
f 1960//1960 1961//1961 1961//1961 
f 1961//1961 1962//1962 1961//1961 
f 1961//1961 1962//1962 1963//1963 
f 1962//1962 1964//1964 1963//1963 
f 1963//1963 1964//1964 1964//1964 
f 1964//1964 1965//1965 1964//1964 
f 1964//1964 1965//1965 1965//1965 
f 1965//1965 1966//1966 1965//1965 
f 1965//1965 1966//1966 1967//1967 
f 1966//1966 1968//1968 1967//1967 
f 1967//1967 1968//1968 1968//1968 
f 1968//1968 1969//1969 1968//1968 
f 1968//1968 1969//1969 1969//1969 
f 1969//1969 1970//1970 1969//1969 
f 1969//1969 1970//1970 1971//1971 
f 1970//1970 1972//1972 1971//1971 
f 1971//1971 1972//1972 1972//1972 
f 1972//1972 1973//1973 1972//1972 
f 1972//1972 1973//1973 1973//1973 
f 1973//1973 1974//1974 1973//1973 
f 1973//1973 1974//1974 1975//1975 
f 1974//1974 1976//1976 1975//1975 
f 1975//1975 1976//1976 1976//1976 
f 1976//1976 1977//1977 1976//1976 
f 1976//1976 1977//1977 1977//1977 
f 1977//1977 1978//1978 1977//1977 
f 1977//1977 1978//1978 1979//1979 
f 1978//1978 1980//1980 1979//1979 
f 1979//1979 1980//1980 1980//1980 
f 1980//1980 1981//1981 1980//1980 
f 1980//1980 1981//1981 1981//1981 
f 1981//1981 1982//1982 1981//1981 
f 1981//1981 1982//1982 1983//1983 
f 1982//1982 1984//1984 1983//1983 
f 1983//1983 1984//1984 1984//1984 
f 1984//1984 1985//1985 1984//1984 
f 1984//1984 1985//1985 1985//1985 
f 1985//1985 1986//1986 1985//1985 
f 1985//1985 1986//1986 1987//1987 
f 1986//1986 1988//1988 1987//1987 
f 1987//1987 1988//1988 1988//1988 
f 1988//1988 1989//1989 1988//1988 
f 1988//1988 1989//1989 1989//1989 
f 1989//1989 1990//1990 1989//1989 
f 1989//1989 1990//1990 1991//1991 
f 1990//1990 1992//1992 1991//1991 
f 1991//1991 1992//1992 1992//1992 
f 1992//1992 1993//1993 1992//1992 
f 1992//1992 1993//1993 1993//1993 
f 1993//1993 1994//1994 1993//1993 
f 1993//1993 1994//1994 1995//1995 
f 1994//1994 1996//1996 1995//1995 
f 1995//1995 1996//1996 1996//1996 
f 1996//1996 1997//1997 1996//1996 
f 1996//1996 1997//1997 1997//1997 
f 1997//1997 1998//1998 1997//1997 
f 1997//1997 1998//1998 1999//1999 
f 1998//1998 2000//2000 1999//1999 
f 1999//1999 2000//2000 2000//2000 
f 2000//2000 2001//2001 2000//2000 
f 2000//2000 2001//2001 2001//2001 
f 2001//2001 2002//2002 2001//2001 
f 2001//2001 2002//2002 2003//2003 
f 2002//2002 2004//2004 2003//2003 
f 2003//2003 2004//2004 2004//2004 
f 2004//2004 2005//2005 2004//2004 
f 2004//2004 2005//2005 2005//2005 
f 2005//2005 2006//2006 2005//2005 
f 2005//2005 2006//2006 2007//2007 
f 2006//2006 2008//2008 2007//2007 
f 2007//2007 2008//2008 2008//2008 
f 2008//2008 2009//2009 2008//2008 
f 2008//2008 2009//2009 2009//2009 
f 2009//2009 2010//2010 2009//2009 
f 2009//2009 2010//2010 2011//2011 
f 2010//2010 2012//2012 2011//2011 
f 2011//2011 2012//2012 2012//2012 
f 2012//2012 2013//2013 2012//2012 
f 2012//2012 2013//2013 2013//2013 
f 2013//2013 2014//2014 2013//2013 
f 2013//2013 2014//2014 2015//2015 
f 2014//2014 2016//2016 2015//2015 
f 2015//2015 2016//2016 2016//2016 
f 2016//2016 2017//2017 2016//2016 
f 2016//2016 2017//2017 2017//2017 
f 2017//2017 2018//2018 2017//2017 
f 2017//2017 2018//2018 2019//2019 
f 2018//2018 2020//2020 2019//2019 
f 2019//2019 2020//2020 2020//2020 
f 2020//2020 2021//2021 2020//2020 
f 2020//2020 2021//2021 2021//2021 
f 2021//2021 2022//2022 2021//2021 
f 2021//2021 2022//2022 2023//2023 
f 2022//2022 2024//2024 2023//2023 
f 2023//2023 2024//2024 2024//2024 
f 2024//2024 2025//2025 2024//2024 
f 2024//2024 2025//2025 2025//2025 
f 2025//2025 2026//2026 2025//2025 
f 2025//2025 2026//2026 2027//2027 
f 2026//2026 2028//2028 2027//2027 
f 2027//2027 2028//2028 2028//2028 
f 2028//2028 2029//2029 2028//2028 
f 2028//2028 2029//2029 2029//2029 
f 2029//2029 2030//2030 2029//2029 
f 2029//2029 2030//2030 2031//2031 
f 2030//2030 2032//2032 2031//2031 
f 2031//2031 2032//2032 2032//2032 
f 2032//2032 2033//2033 2032//2032 
f 2032//2032 2033//2033 2033//2033 
f 2033//2033 2034//2034 2033//2033 
f 2033//2033 2034//2034 2035//2035 
f 2034//2034 2036//2036 2035//2035 
f 2035//2035 2036//2036 2036//2036 
f 2036//2036 2037//2037 2036//2036 
f 2036//2036 2037//2037 2037//2037 
f 2037//2037 2038//2038 2037//2037 
f 2037//2037 2038//2038 2039//2039 
f 2038//2038 2040//2040 2039//2039 
f 2039//2039 2040//2040 2040//2040 
f 2040//2040 2041//2041 2040//2040 
f 2040//2040 2041//2041 2041//2041 
f 2041//2041 2042//2042 2041//2041 
f 2041//2041 2042//2042 2043//2043 
f 2042//2042 2044//2044 2043//2043 
f 2043//2043 2044//2044 2044//2044 
f 2044//2044 2045//2045 2044//2044 
f 2044//2044 2045//2045 2045//2045 
f 2045//2045 2046//2046 2045//2045 
f 2045//2045 2046//2046 2047//2047 
f 2046//2046 2048//2048 2047//2047 
f 2047//2047 2048//2048 2048//2048 
f 2048//2048 2049//2049 2048//2048 
f 2048//2048 2049//2049 2049//2049 
f 2049//2049 2050//2050 2049//2049 
f 2049//2049 2050//2050 2051//2051 
f 2050//2050 2052//2052 2051//2051 
f 2051//2051 2052//2052 2052//2052 
f 2052//2052 2053//2053 2052//2052 
f 2052//2052 2053//2053 2053//2053 
f 2053//2053 2054//2054 2053//2053 
f 2053//2053 2054//2054 2055//2055 
f 2054//2054 2056//2056 2055//2055 
f 2055//2055 2056//2056 2056//2056 
f 2056//2056 2057//2057 2056//2056 
f 2056//2056 2057//2057 2057//2057 
f 2057//2057 2058//2058 2057//2057 
f 2057//2057 2058//2058 2059//2059 
f 2058//2058 2060//2060 2059//2059 
f 2059//2059 2060//2060 2060//2060 
f 2060//2060 2061//2061 2060//2060 
f 2060//2060 2061//2061 2061//2061 
f 2061//2061 2062//2062 2061//2061 
f 2061//2061 2062//2062 2063//2063 
f 2062//2062 2064//2064 2063//2063 
f 2063//2063 2064//2064 2064//2064 
f 2064//2064 2065//2065 2064//2064 
f 2064//2064 2065//2065 2065//2065 
f 2065//2065 2066//2066 2065//2065 
f 2065//2065 2066//2066 2067//2067 
f 2066//2066 2068//2068 2067//2067 
f 2067//2067 2068//2068 2068//2068 
f 2068//2068 2069//2069 2068//2068 
f 2068//2068 2069//2069 2069//2069 
f 2069//2069 2070//2070 2069//2069 
f 2069//2069 2070//2070 2071//2071 
f 2070//2070 2072//2072 2071//2071 
f 2071//2071 2072//2072 2072//2072 
f 2072//2072 2073//2073 2072//2072 
f 2072//2072 2073//2073 2073//2073 
f 2073//2073 2074//2074 2073//2073 
f 2073//2073 2074//2074 2075//2075 
f 2074//2074 2076//2076 2075//2075 
f 2075//2075 2076//2076 2076//2076 
f 2076//2076 2077//2077 2076//2076 
f 2076//2076 2077//2077 2077//2077 
f 2077//2077 2078//2078 2077//2077 
f 2077//2077 2078//2078 2079//2079 
f 2078//2078 2080//2080 2079//2079 
f 2079//2079 2080//2080 2080//2080 
f 2080//2080 2081//2081 2080//2080 
f 2080//2080 2081//2081 2081//2081 
f 2081//2081 2082//2082 2081//2081 
f 2081//2081 2082//2082 2083//2083 
f 2082//2082 2084//2084 2083//2083 
f 2083//2083 2084//2084 2084//2084 
f 2084//2084 2085//2085 2084//2084 
f 2084//2084 2085//2085 2085//2085 
f 2085//2085 2086//2086 2085//2085 
f 2085//2085 2086//2086 2087//2087 
f 2086//2086 2088//2088 2087//2087 
f 2087//2087 2088//2088 2088//2088 
f 2088//2088 2089//2089 2088//2088 
f 2088//2088 2089//2089 2089//2089 
f 2089//2089 2090//2090 2089//2089 
f 2089//2089 2090//2090 2091//2091 
f 2090//2090 2092//2092 2091//2091 
f 2091//2091 2092//2092 2092//2092 
f 2092//2092 2093//2093 2092//2092 
f 2092//2092 2093//2093 2093//2093 
f 2093//2093 2094//2094 2093//2093 
f 2093//2093 2094//2094 2095//2095 
f 2094//2094 2096//2096 2095//2095 
f 2095//2095 2096//2096 2096//2096 
f 2096//2096 2097//2097 2096//2096 
f 2096//2096 2097//2097 2097//2097 
f 2097//2097 2098//2098 2097//2097 
f 2097//2097 2098//2098 2099//2099 
f 2098//2098 2100//2100 2099//2099 
f 2099//2099 2100//2100 2100//2100 
f 2100//2100 2101//2101 2100//2100 
f 2100//2100 2101//2101 2101//2101 
f 2101//2101 2102//2102 2101//2101 
f 2101//2101 2102//2102 2103//2103 
f 2102//2102 2104//2104 2103//2103 
f 2103//2103 2104//2104 2104//2104 
f 2104//2104 2105//2105 2104//2104 
f 2104//2104 2105//2105 2105//2105 
f 2105//2105 2106//2106 2105//2105 
f 2105//2105 2106//2106 2107//2107 
f 2106//2106 2108//2108 2107//2107 
f 2107//2107 2108//2108 2108//2108 
f 2108//2108 2109//2109 2108//2108 
f 2108//2108 2109//2109 2109//2109 
f 2109//2109 2110//2110 2109//2109 
f 2109//2109 2110//2110 2111//2111 
f 2110//2110 2112//2112 2111//2111 
f 2111//2111 2112//2112 2112//2112 
f 2112//2112 2113//2113 2112//2112 
f 2112//2112 2113//2113 2113//2113 
f 2113//2113 2114//2114 2113//2113 
f 2113//2113 2114//2114 2115//2115 
f 2114//2114 2116//2116 2115//2115 
f 2115//2115 2116//2116 2116//2116 
f 2116//2116 2117//2117 2116//2116 
f 2116//2116 2117//2117 2117//2117 
f 2117//2117 2118//2118 2117//2117 
f 2117//2117 2118//2118 2119//2119 
f 2118//2118 2120//2120 2119//2119 
f 2119//2119 2120//2120 2120//2120 
f 2120//2120 2121//2121 2120//2120 
f 2120//2120 2121//2121 2121//2121 
f 2121//2121 2122//2122 2121//2121 
f 2121//2121 2122//2122 2123//2123 
f 2122//2122 2124//2124 2123//2123 
f 2123//2123 2124//2124 2124//2124 
f 2124//2124 2125//2125 2124//2124 
f 2124//2124 2125//2125 2125//2125 
f 2125//2125 2126//2126 2125//2125 
f 2125//2125 2126//2126 2127//2127 
f 2126//2126 2128//2128 2127//2127 
f 2127//2127 2128//2128 2128//2128 
f 2128//2128 2129//2129 2128//2128 
f 2128//2128 2129//2129 2129//2129 
f 2129//2129 2130//2130 2129//2129 
f 2129//2129 2130//2130 2131//2131 
f 2130//2130 2132//2132 2131//2131 
f 2131//2131 2132//2132 2132//2132 
f 2132//2132 2133//2133 2132//2132 
f 2132//2132 2133//2133 2133//2133 
f 2133//2133 2134//2134 2133//2133 
f 2133//2133 2134//2134 2135//2135 
f 2134//2134 2136//2136 2135//2135 
f 2135//2135 2136//2136 2136//2136 
f 2136//2136 2137//2137 2136//2136 
f 2136//2136 2137//2137 2137//2137 
f 2137//2137 2138//2138 2137//2137 
f 2137//2137 2138//2138 2139//2139 
f 2138//2138 2140//2140 2139//2139 
f 2139//2139 2140//2140 2140//2140 
f 2140//2140 2141//2141 2140//2140 
f 2140//2140 2141//2141 2141//2141 
f 2141//2141 2142//2142 2141//2141 
f 2141//2141 2142//2142 2143//2143 
f 2142//2142 2144//2144 2143//2143 
f 2143//2143 2144//2144 2144//2144 
f 2144//2144 2145//2145 2144//2144 
f 2144//2144 2145//2145 2145//2145 
f 2145//2145 2146//2146 2145//2145 
f 2145//2145 2146//2146 2147//2147 
f 2146//2146 2148//2148 2147//2147 
f 2147//2147 2148//2148 2148//2148 
f 2148//2148 2149//2149 2148//2148 
f 2148//2148 2149//2149 2149//2149 
f 2149//2149 2150//2150 2149//2149 
f 2149//2149 2150//2150 2151//2151 
f 2150//2150 2152//2152 2151//2151 
f 2151//2151 2152//2152 2152//2152 
f 2152//2152 2153//2153 2152//2152 
f 2152//2152 2153//2153 2153//2153 
f 2153//2153 2154//2154 2153//2153 
f 2153//2153 2154//2154 2155//2155 
f 2154//2154 2156//2156 2155//2155 
f 2155//2155 2156//2156 2156//2156 
f 2156//2156 2157//2157 2156//2156 
f 2156//2156 2157//2157 2157//2157 
f 2157//2157 2158//2158 2157//2157 
f 2157//2157 2158//2158 2159//2159 
f 2158//2158 2160//2160 2159//2159 
f 2159//2159 2160//2160 2160//2160 
f 2160//2160 2161//2161 2160//2160 
f 2160//2160 2161//2161 2161//2161 
f 2161//2161 2162//2162 2161//2161 
f 2161//2161 2162//2162 2163//2163 
f 2162//2162 2164//2164 2163//2163 
f 2163//2163 2164//2164 2164//2164 
f 2164//2164 2165//2165 2164//2164 
f 2164//2164 2165//2165 2165//2165 
f 2165//2165 2166//2166 2165//2165 
f 2165//2165 2166//2166 2167//2167 
f 2166//2166 2168//2168 2167//2167 
f 2167//2167 2168//2168 2168//2168 
f 2168//2168 2169//2169 2168//2168 
f 2168//2168 2169//2169 2169//2169 
f 2169//2169 2170//2170 2169//2169 
f 2169//2169 2170//2170 2171//2171 
f 2170//2170 2172//2172 2171//2171 
f 2171//2171 2172//2172 2172//2172 
f 2172//2172 2173//2173 2172//2172 
f 2172//2172 2173//2173 2173//2173 
f 2173//2173 2174//2174 2173//2173 
f 2173//2173 2174//2174 2175//2175 
f 2174//2174 2176//2176 2175//2175 
f 2175//2175 2176//2176 2176//2176 
f 2176//2176 2177//2177 2176//2176 
f 2176//2176 2177//2177 2177//2177 
f 2177//2177 2178//2178 2177//2177 
f 2177//2177 2178//2178 2179//2179 
f 2178//2178 2180//2180 2179//2179 
f 2179//2179 2180//2180 2180//2180 
f 2180//2180 2181//2181 2180//2180 
f 2180//2180 2181//2181 2181//2181 
f 2181//2181 2182//2182 2181//2181 
f 2181//2181 2182//2182 2183//2183 
f 2182//2182 2184//2184 2183//2183 
f 2183//2183 2184//2184 2184//2184 
f 2184//2184 2185//2185 2184//2184 
f 2184//2184 2185//2185 2185//2185 
f 2185//2185 2186//2186 2185//2185 
f 2185//2185 2186//2186 2187//2187 
f 2186//2186 2188//2188 2187//2187 
f 2187//2187 2188//2188 2188//2188 
f 2188//2188 2189//2189 2188//2188 
f 2188//2188 2189//2189 2189//2189 
f 2189//2189 2190//2190 2189//2189 
f 2189//2189 2190//2190 2191//2191 
f 2190//2190 2192//2192 2191//2191 
f 2191//2191 2192//2192 2192//2192 
f 2192//2192 2193//2193 2192//2192 
f 2192//2192 2193//2193 2193//2193 
f 2193//2193 2194//2194 2193//2193 
f 2193//2193 2194//2194 2195//2195 
f 2194//2194 2196//2196 2195//2195 
f 2195//2195 2196//2196 2196//2196 
f 2196//2196 2197//2197 2196//2196 
f 2196//2196 2197//2197 2197//2197 
f 2197//2197 2198//2198 2197//2197 
f 2197//2197 2198//2198 2199//2199 
f 2198//2198 2200//2200 2199//2199 
f 2199//2199 2200//2200 2200//2200 
f 2200//2200 2201//2201 2200//2200 
f 2200//2200 2201//2201 2201//2201 
f 2201//2201 2202//2202 2201//2201 
f 2201//2201 2202//2202 2203//2203 
f 2202//2202 2204//2204 2203//2203 
f 2203//2203 2204//2204 2204//2204 
f 2204//2204 2205//2205 2204//2204 
f 2204//2204 2205//2205 2205//2205 
f 2205//2205 2206//2206 2205//2205 
f 2205//2205 2206//2206 2207//2207 
f 2206//2206 2208//2208 2207//2207 
f 2207//2207 2208//2208 2208//2208 
f 2208//2208 2209//2209 2208//2208 
f 2208//2208 2209//2209 2209//2209 
f 2209//2209 2210//2210 2209//2209 
f 2209//2209 2210//2210 2211//2211 
f 2210//2210 2212//2212 2211//2211 
f 2211//2211 2212//2212 2212//2212 
f 2212//2212 2213//2213 2212//2212 
f 2212//2212 2213//2213 2213//2213 
f 2213//2213 2214//2214 2213//2213 
f 2213//2213 2214//2214 2215//2215 
f 2214//2214 2216//2216 2215//2215 
f 2215//2215 2216//2216 2216//2216 
f 2216//2216 2217//2217 2216//2216 
f 2216//2216 2217//2217 2217//2217 
f 2217//2217 2218//2218 2217//2217 
f 2217//2217 2218//2218 2219//2219 
f 2218//2218 2220//2220 2219//2219 
f 2219//2219 2220//2220 2220//2220 
f 2220//2220 2221//2221 2220//2220 
f 2220//2220 2221//2221 2221//2221 
f 2221//2221 2222//2222 2221//2221 
f 2221//2221 2222//2222 2223//2223 
f 2222//2222 2224//2224 2223//2223 
f 2223//2223 2224//2224 2224//2224 
f 2224//2224 2225//2225 2224//2224 
f 2224//2224 2225//2225 2225//2225 
f 2225//2225 2226//2226 2225//2225 
f 2225//2225 2226//2226 2227//2227 
f 2226//2226 2228//2228 2227//2227 
f 2227//2227 2228//2228 2228//2228 
f 2228//2228 2229//2229 2228//2228 
f 2228//2228 2229//2229 2229//2229 
f 2229//2229 2230//2230 2229//2229 
f 2229//2229 2230//2230 2231//2231 
f 2230//2230 2232//2232 2231//2231 
f 2231//2231 2232//2232 2232//2232 
f 2232//2232 2233//2233 2232//2232 
f 2232//2232 2233//2233 2233//2233 
f 2233//2233 2234//2234 2233//2233 
f 2233//2233 2234//2234 2235//2235 
f 2234//2234 2236//2236 2235//2235 
f 2235//2235 2236//2236 2236//2236 
f 2236//2236 2237//2237 2236//2236 
f 2236//2236 2237//2237 2237//2237 
f 2237//2237 2238//2238 2237//2237 
f 2237//2237 2238//2238 2239//2239 
f 2238//2238 2240//2240 2239//2239 
f 2239//2239 2240//2240 2240//2240 
f 2240//2240 2241//2241 2240//2240 
f 2240//2240 2241//2241 2241//2241 
f 2241//2241 2242//2242 2241//2241 
f 2241//2241 2242//2242 2243//2243 
f 2242//2242 2244//2244 2243//2243 
f 2243//2243 2244//2244 2244//2244 
f 2244//2244 2245//2245 2244//2244 
f 2244//2244 2245//2245 2245//2245 
f 2245//2245 2246//2246 2245//2245 
f 2245//2245 2246//2246 2247//2247 
f 2246//2246 2248//2248 2247//2247 
f 2247//2247 2248//2248 2248//2248 
f 2248//2248 2249//2249 2248//2248 
f 2248//2248 2249//2249 2249//2249 
f 2249//2249 2250//2250 2249//2249 
f 2249//2249 2250//2250 2251//2251 
f 2250//2250 2252//2252 2251//2251 
f 2251//2251 2252//2252 2252//2252 
f 2252//2252 2253//2253 2252//2252 
f 2252//2252 2253//2253 2253//2253 
f 2253//2253 2254//2254 2253//2253 
f 2253//2253 2254//2254 2255//2255 
f 2254//2254 2256//2256 2255//2255 
f 2255//2255 2256//2256 2256//2256 
f 2256//2256 2257//2257 2256//2256 
f 2256//2256 2257//2257 2257//2257 
f 2257//2257 2258//2258 2257//2257 
f 2257//2257 2258//2258 2259//2259 
f 2258//2258 2260//2260 2259//2259 
f 2259//2259 2260//2260 2260//2260 
f 2260//2260 2261//2261 2260//2260 
f 2260//2260 2261//2261 2261//2261 
f 2261//2261 2262//2262 2261//2261 
f 2261//2261 2262//2262 2263//2263 
f 2262//2262 2264//2264 2263//2263 
f 2263//2263 2264//2264 2264//2264 
f 2264//2264 2265//2265 2264//2264 
f 2264//2264 2265//2265 2265//2265 
f 2265//2265 2266//2266 2265//2265 
f 2265//2265 2266//2266 2267//2267 
f 2266//2266 2268//2268 2267//2267 
f 2267//2267 2268//2268 2268//2268 
f 2268//2268 2269//2269 2268//2268 
f 2268//2268 2269//2269 2269//2269 
f 2269//2269 2270//2270 2269//2269 
f 2269//2269 2270//2270 2271//2271 
f 2270//2270 2272//2272 2271//2271 
f 2271//2271 2272//2272 2272//2272 
f 2272//2272 2273//2273 2272//2272 
f 2272//2272 2273//2273 2273//2273 
f 2273//2273 2274//2274 2273//2273 
f 2273//2273 2274//2274 2275//2275 
f 2274//2274 2276//2276 2275//2275 
f 2275//2275 2276//2276 2276//2276 
f 2276//2276 2277//2277 2276//2276 
f 2276//2276 2277//2277 2277//2277 
f 2277//2277 2278//2278 2277//2277 
f 2277//2277 2278//2278 2279//2279 
f 2278//2278 2280//2280 2279//2279 
f 2279//2279 2280//2280 2280//2280 
f 2280//2280 2281//2281 2280//2280 
f 2280//2280 2281//2281 2281//2281 
f 2281//2281 2282//2282 2281//2281 
f 2281//2281 2282//2282 2283//2283 
f 2282//2282 2284//2284 2283//2283 
f 2283//2283 2284//2284 2284//2284 
f 2284//2284 2285//2285 2284//2284 
f 2284//2284 2285//2285 2285//2285 
f 2285//2285 2286//2286 2285//2285 
f 2285//2285 2286//2286 2287//2287 
f 2286//2286 2288//2288 2287//2287 
f 2287//2287 2288//2288 2288//2288 
f 2288//2288 2289//2289 2288//2288 
f 2288//2288 2289//2289 2289//2289 
f 2289//2289 2290//2290 2289//2289 
f 2289//2289 2290//2290 2291//2291 
f 2290//2290 2292//2292 2291//2291 
f 2291//2291 2292//2292 2292//2292 
f 2292//2292 2293//2293 2292//2292 
f 2292//2292 2293//2293 2293//2293 
f 2293//2293 2294//2294 2293//2293 
f 2293//2293 2294//2294 2295//2295 
f 2294//2294 2296//2296 2295//2295 
f 2295//2295 2296//2296 2296//2296 
f 2296//2296 2297//2297 2296//2296 
f 2296//2296 2297//2297 2297//2297 
f 2297//2297 2298//2298 2297//2297 
f 2297//2297 2298//2298 2299//2299 
f 2298//2298 2300//2300 2299//2299 
f 2299//2299 2300//2300 2300//2300 
f 2300//2300 2301//2301 2300//2300 
f 2300//2300 2301//2301 2301//2301 
f 2301//2301 2302//2302 2301//2301 
f 2301//2301 2302//2302 2303//2303 
f 2302//2302 2304//2304 2303//2303 
f 2303//2303 2304//2304 2304//2304 
f 2304//2304 2305//2305 2304//2304 
f 2304//2304 2305//2305 2305//2305 
f 2305//2305 2306//2306 2305//2305 
f 2305//2305 2306//2306 2307//2307 
f 2306//2306 2308//2308 2307//2307 
f 2307//2307 2308//2308 2308//2308 
f 2308//2308 2309//2309 2308//2308 
f 2308//2308 2309//2309 2309//2309 
f 2309//2309 2310//2310 2309//2309 
f 2309//2309 2310//2310 2311//2311 
f 2310//2310 2312//2312 2311//2311 
f 2311//2311 2312//2312 2312//2312 
f 2312//2312 2313//2313 2312//2312 
f 2312//2312 2313//2313 2313//2313 
f 2313//2313 2314//2314 2313//2313 
f 2313//2313 2314//2314 2315//2315 
f 2314//2314 2316//2316 2315//2315 
f 2315//2315 2316//2316 2316//2316 
f 2316//2316 2317//2317 2316//2316 
f 2316//2316 2317//2317 2317//2317 
f 2317//2317 2318//2318 2317//2317 
f 2317//2317 2318//2318 2319//2319 
f 2318//2318 2320//2320 2319//2319 
f 2319//2319 2320//2320 2320//2320 
f 2320//2320 2321//2321 2320//2320 
f 2320//2320 2321//2321 2321//2321 
f 2321//2321 2322//2322 2321//2321 
f 2321//2321 2322//2322 2323//2323 
f 2322//2322 2324//2324 2323//2323 
f 2323//2323 2324//2324 2324//2324 
f 2324//2324 2325//2325 2324//2324 
f 2324//2324 2325//2325 2325//2325 
f 2325//2325 2326//2326 2325//2325 
f 2325//2325 2326//2326 2327//2327 
f 2326//2326 2328//2328 2327//2327 
f 2327//2327 2328//2328 2328//2328 
f 2328//2328 2329//2329 2328//2328 
f 2328//2328 2329//2329 2329//2329 
f 2329//2329 2330//2330 2329//2329 
f 2329//2329 2330//2330 2331//2331 
f 2330//2330 2332//2332 2331//2331 
f 2331//2331 2332//2332 2332//2332 
f 2332//2332 2333//2333 2332//2332 
f 2332//2332 2333//2333 2333//2333 
f 2333//2333 2334//2334 2333//2333 
f 2333//2333 2334//2334 2335//2335 
f 2334//2334 2336//2336 2335//2335 
f 2335//2335 2336//2336 2336//2336 
f 2336//2336 2337//2337 2336//2336 
f 2336//2336 2337//2337 2337//2337 
f 2337//2337 2338//2338 2337//2337 
f 2337//2337 2338//2338 2339//2339 
f 2338//2338 2340//2340 2339//2339 
f 2339//2339 2340//2340 2340//2340 
f 2340//2340 2341//2341 2340//2340 
f 2340//2340 2341//2341 2341//2341 
f 2341//2341 2342//2342 2341//2341 
f 2341//2341 2342//2342 2343//2343 
f 2342//2342 2344//2344 2343//2343 
f 2343//2343 2344//2344 2344//2344 
f 2344//2344 2345//2345 2344//2344 
f 2344//2344 2345//2345 2345//2345 
f 2345//2345 2346//2346 2345//2345 
f 2345//2345 2346//2346 2347//2347 
f 2346//2346 2348//2348 2347//2347 
f 2347//2347 2348//2348 2348//2348 
f 2348//2348 2349//2349 2348//2348 
f 2348//2348 2349//2349 2349//2349 
f 2349//2349 2350//2350 2349//2349 
f 2349//2349 2350//2350 2351//2351 
f 2350//2350 2352//2352 2351//2351 
f 2351//2351 2352//2352 2352//2352 
f 2352//2352 2353//2353 2352//2352 
f 2352//2352 2353//2353 2353//2353 
f 2353//2353 2354//2354 2353//2353 
f 2353//2353 2354//2354 2355//2355 
f 2354//2354 2356//2356 2355//2355 
f 2355//2355 2356//2356 2356//2356 
f 2356//2356 2357//2357 2356//2356 
f 2356//2356 2357//2357 2357//2357 
f 2357//2357 2358//2358 2357//2357 
f 2357//2357 2358//2358 2359//2359 
f 2358//2358 2360//2360 2359//2359 
f 2359//2359 2360//2360 2360//2360 
f 2360//2360 2361//2361 2360//2360 
f 2360//2360 2361//2361 2361//2361 
f 2361//2361 2362//2362 2361//2361 
f 2361//2361 2362//2362 2363//2363 
f 2362//2362 2364//2364 2363//2363 
f 2363//2363 2364//2364 2364//2364 
f 2364//2364 2365//2365 2364//2364 
f 2364//2364 2365//2365 2365//2365 
f 2365//2365 2366//2366 2365//2365 
f 2365//2365 2366//2366 2367//2367 
f 2366//2366 2368//2368 2367//2367 
f 2367//2367 2368//2368 2368//2368 
f 2368//2368 2369//2369 2368//2368 
f 2368//2368 2369//2369 2369//2369 
f 2369//2369 2370//2370 2369//2369 
f 2369//2369 2370//2370 2371//2371 
f 2370//2370 2372//2372 2371//2371 
f 2371//2371 2372//2372 2372//2372 
f 2372//2372 2373//2373 2372//2372 
f 2372//2372 2373//2373 2373//2373 
f 2373//2373 2374//2374 2373//2373 
f 2373//2373 2374//2374 2375//2375 
f 2374//2374 2376//2376 2375//2375 
f 2375//2375 2376//2376 2376//2376 
f 2376//2376 2377//2377 2376//2376 
f 2376//2376 2377//2377 2377//2377 
f 2377//2377 2378//2378 2377//2377 
f 2377//2377 2378//2378 2379//2379 
f 2378//2378 2380//2380 2379//2379 
f 2379//2379 2380//2380 2380//2380 
f 2380//2380 2381//2381 2380//2380 
f 2380//2380 2381//2381 2381//2381 
f 2381//2381 2382//2382 2381//2381 
f 2381//2381 2382//2382 2383//2383 
f 2382//2382 2384//2384 2383//2383 
f 2383//2383 2384//2384 2384//2384 
f 2384//2384 2385//2385 2384//2384 
f 2384//2384 2385//2385 2385//2385 
f 2385//2385 2386//2386 2385//2385 
f 2385//2385 2386//2386 2387//2387 
f 2386//2386 2388//2388 2387//2387 
f 2387//2387 2388//2388 2388//2388 
f 2388//2388 2389//2389 2388//2388 
f 2388//2388 2389//2389 2389//2389 
f 2389//2389 2390//2390 2389//2389 
f 2389//2389 2390//2390 2391//2391 
f 2390//2390 2392//2392 2391//2391 
f 2391//2391 2392//2392 2392//2392 
f 2392//2392 2393//2393 2392//2392 
f 2392//2392 2393//2393 2393//2393 
f 2393//2393 2394//2394 2393//2393 
f 2393//2393 2394//2394 2395//2395 
f 2394//2394 2396//2396 2395//2395 
f 2395//2395 2396//2396 2396//2396 
f 2396//2396 2397//2397 2396//2396 
f 2396//2396 2397//2397 2397//2397 
f 2397//2397 2398//2398 2397//2397 
f 2397//2397 2398//2398 2399//2399 
f 2398//2398 2400//2400 2399//2399 
f 2399//2399 2400//2400 2400//2400 
f 2400//2400 2401//2401 2400//2400 
f 2400//2400 2401//2401 2401//2401 
f 2401//2401 2402//2402 2401//2401 
f 2401//2401 2402//2402 2403//2403 
f 2402//2402 2404//2404 2403//2403 
f 2403//2403 2404//2404 2404//2404 
f 2404//2404 2405//2405 2404//2404 
f 2404//2404 2405//2405 2405//2405 
f 2405//2405 2406//2406 2405//2405 
f 2405//2405 2406//2406 2407//2407 
f 2406//2406 2408//2408 2407//2407 
f 2407//2407 2408//2408 2408//2408 
f 2408//2408 2409//2409 2408//2408 
f 2408//2408 2409//2409 2409//2409 
f 2409//2409 2410//2410 2409//2409 
f 2409//2409 2410//2410 2411//2411 
f 2410//2410 2412//2412 2411//2411 
f 2411//2411 2412//2412 2412//2412 
f 2412//2412 2413//2413 2412//2412 
f 2412//2412 2413//2413 2413//2413 
f 2413//2413 2414//2414 2413//2413 
f 2413//2413 2414//2414 2415//2415 
f 2414//2414 2416//2416 2415//2415 
f 2415//2415 2416//2416 2416//2416 
f 2416//2416 2417//2417 2416//2416 
f 2416//2416 2417//2417 2417//2417 
f 2417//2417 2418//2418 2417//2417 
f 2417//2417 2418//2418 2419//2419 
f 2418//2418 2420//2420 2419//2419 
f 2419//2419 2420//2420 2420//2420 
f 2420//2420 2421//2421 2420//2420 
f 2420//2420 2421//2421 2421//2421 
f 2421//2421 2422//2422 2421//2421 
f 2421//2421 2422//2422 2423//2423 
f 2422//2422 2424//2424 2423//2423 
f 2423//2423 2424//2424 2424//2424 
f 2424//2424 2425//2425 2424//2424 
f 2424//2424 2425//2425 2425//2425 
f 2425//2425 2426//2426 2425//2425 
f 2425//2425 2426//2426 2427//2427 
f 2426//2426 2428//2428 2427//2427 
f 2427//2427 2428//2428 2428//2428 
f 2428//2428 2429//2429 2428//2428 
f 2428//2428 2429//2429 2429//2429 
f 2429//2429 2430//2430 2429//2429 
f 2429//2429 2430//2430 2431//2431 
f 2430//2430 2432//2432 2431//2431 
f 2431//2431 2432//2432 2432//2432 
f 2432//2432 2433//2433 2432//2432 
f 2432//2432 2433//2433 2433//2433 
f 2433//2433 2434//2434 2433//2433 
f 2433//2433 2434//2434 2435//2435 
f 2434//2434 2436//2436 2435//2435 
f 2435//2435 2436//2436 2436//2436 
f 2436//2436 2437//2437 2436//2436 
f 2436//2436 2437//2437 2437//2437 
f 2437//2437 2438//2438 2437//2437 
f 2437//2437 2438//2438 2439//2439 
f 2438//2438 2440//2440 2439//2439 
f 2439//2439 2440//2440 2440//2440 
f 2440//2440 2441//2441 2440//2440 
f 2440//2440 2441//2441 2441//2441 
f 2441//2441 2442//2442 2441//2441 
f 2441//2441 2442//2442 2443//2443 
f 2442//2442 2444//2444 2443//2443 
f 2443//2443 2444//2444 2444//2444 
f 2444//2444 2445//2445 2444//2444 
f 2444//2444 2445//2445 2445//2445 
f 2445//2445 2446//2446 2445//2445 
f 2445//2445 2446//2446 2447//2447 
f 2446//2446 2448//2448 2447//2447 
f 2447//2447 2448//2448 2448//2448 
f 2448//2448 2449//2449 2448//2448 
f 2448//2448 2449//2449 2449//2449 
f 2449//2449 2450//2450 2449//2449 
f 2449//2449 2450//2450 2451//2451 
f 2450//2450 2452//2452 2451//2451 
f 2451//2451 2452//2452 2452//2452 
f 2452//2452 2453//2453 2452//2452 
f 2452//2452 2453//2453 2453//2453 
f 2453//2453 2454//2454 2453//2453 
f 2453//2453 2454//2454 2455//2455 
f 2454//2454 2456//2456 2455//2455 
f 2455//2455 2456//2456 2456//2456 
f 2456//2456 2457//2457 2456//2456 
f 2456//2456 2457//2457 2457//2457 
f 2457//2457 2458//2458 2457//2457 
f 2457//2457 2458//2458 2459//2459 
f 2458//2458 2460//2460 2459//2459 
f 2459//2459 2460//2460 2460//2460 
f 2460//2460 2461//2461 2460//2460 
f 2460//2460 2461//2461 2461//2461 
f 2461//2461 2462//2462 2461//2461 
f 2461//2461 2462//2462 2463//2463 
f 2462//2462 2464//2464 2463//2463 
f 2463//2463 2464//2464 2464//2464 
f 2464//2464 2465//2465 2464//2464 
f 2464//2464 2465//2465 2465//2465 
f 2465//2465 2466//2466 2465//2465 
f 2465//2465 2466//2466 2467//2467 
f 2466//2466 2468//2468 2467//2467 
f 2467//2467 2468//2468 2468//2468 
f 2468//2468 2469//2469 2468//2468 
f 2468//2468 2469//2469 2469//2469 
f 2469//2469 2470//2470 2469//2469 
f 2469//2469 2470//2470 2471//2471 
f 2470//2470 2472//2472 2471//2471 
f 2471//2471 2472//2472 2472//2472 
f 2472//2472 2473//2473 2472//2472 
f 2472//2472 2473//2473 2473//2473 
f 2473//2473 2474//2474 2473//2473 
f 2473//2473 2474//2474 2475//2475 
f 2474//2474 2476//2476 2475//2475 
f 2475//2475 2476//2476 2476//2476 
f 2476//2476 2477//2477 2476//2476 
f 2476//2476 2477//2477 2477//2477 
f 2477//2477 2478//2478 2477//2477 
f 2477//2477 2478//2478 2479//2479 
f 2478//2478 2480//2480 2479//2479 
f 2479//2479 2480//2480 2480//2480 
f 2480//2480 2481//2481 2480//2480 
f 2480//2480 2481//2481 2481//2481 
f 2481//2481 2482//2482 2481//2481 
f 2481//2481 2482//2482 2483//2483 
f 2482//2482 2484//2484 2483//2483 
f 2483//2483 2484//2484 2484//2484 
f 2484//2484 2485//2485 2484//2484 
f 2484//2484 2485//2485 2485//2485 
f 2485//2485 2486//2486 2485//2485 
f 2485//2485 2486//2486 2487//2487 
f 2486//2486 2488//2488 2487//2487 
f 2487//2487 2488//2488 2488//2488 
f 2488//2488 2489//2489 2488//2488 
f 2488//2488 2489//2489 2489//2489 
f 2489//2489 2490//2490 2489//2489 
f 2489//2489 2490//2490 2491//2491 
f 2490//2490 2492//2492 2491//2491 
f 2491//2491 2492//2492 2492//2492 
f 2492//2492 2493//2493 2492//2492 
f 2492//2492 2493//2493 2493//2493 
f 2493//2493 2494//2494 2493//2493 
f 2493//2493 2494//2494 2495//2495 
f 2494//2494 2496//2496 2495//2495 
f 2495//2495 2496//2496 2496//2496 
f 2496//2496 2497//2497 2496//2496 
f 2496//2496 2497//2497 2497//2497 
f 2497//2497 2498//2498 2497//2497 
f 2497//2497 2498//2498 2499//2499 
f 2498//2498 2500//2500 2499//2499 
f 2499//2499 2500//2500 2500//2500 
f 2500//2500 2501//2501 2500//2500 
f 2500//2500 2501//2501 2501//2501 
f 2501//2501 2502//2502 2501//2501 
f 2501//2501 2502//2502 2503//2503 
f 2502//2502 2504//2504 2503//2503 
f 2503//2503 2504//2504 2504//2504 
f 2504//2504 2505//2505 2504//2504 
f 2504//2504 2505//2505 2505//2505 
f 2505//2505 2506//2506 2505//2505 
f 2505//2505 2506//2506 2507//2507 
f 2506//2506 2508//2508 2507//2507 
f 2507//2507 2508//2508 2508//2508 
f 2508//2508 2509//2509 2508//2508 
f 2508//2508 2509//2509 2509//2509 
f 2509//2509 2510//2510 2509//2509 
f 2509//2509 2510//2510 2511//2511 
f 2510//2510 2512//2512 2511//2511 
f 2511//2511 2512//2512 2512//2512 
f 2512//2512 2513//2513 2512//2512 
f 2512//2512 2513//2513 2513//2513 
f 2513//2513 2514//2514 2513//2513 
f 2513//2513 2514//2514 2515//2515 
f 2514//2514 2516//2516 2515//2515 
f 2515//2515 2516//2516 2516//2516 
f 2516//2516 2517//2517 2516//2516 
f 2516//2516 2517//2517 2517//2517 
f 2517//2517 2518//2518 2517//2517 
f 2517//2517 2518//2518 2519//2519 
f 2518//2518 2520//2520 2519//2519 
f 2519//2519 2520//2520 2520//2520 
f 2520//2520 2521//2521 2520//2520 
f 2520//2520 2521//2521 2521//2521 
f 2521//2521 2522//2522 2521//2521 
f 2521//2521 2522//2522 2523//2523 
f 2522//2522 2524//2524 2523//2523 
f 2523//2523 2524//2524 2524//2524 
f 2524//2524 2525//2525 2524//2524 
f 2524//2524 2525//2525 2525//2525 
f 2525//2525 2526//2526 2525//2525 
f 2525//2525 2526//2526 2527//2527 
f 2526//2526 2528//2528 2527//2527 
f 2527//2527 2528//2528 2528//2528 
f 2528//2528 2529//2529 2528//2528 
f 2528//2528 2529//2529 2529//2529 
f 2529//2529 2530//2530 2529//2529 
f 2529//2529 2530//2530 2531//2531 
f 2530//2530 2532//2532 2531//2531 
f 2531//2531 2532//2532 2532//2532 
f 2532//2532 2533//2533 2532//2532 
f 2532//2532 2533//2533 2533//2533 
f 2533//2533 2534//2534 2533//2533 
f 2533//2533 2534//2534 2535//2535 
f 2534//2534 2536//2536 2535//2535 
f 2535//2535 2536//2536 2536//2536 
f 2536//2536 2537//2537 2536//2536 
f 2536//2536 2537//2537 2537//2537 
f 2537//2537 2538//2538 2537//2537 
f 2537//2537 2538//2538 2539//2539 
f 2538//2538 2540//2540 2539//2539 
f 2539//2539 2540//2540 2540//2540 
f 2540//2540 2541//2541 2540//2540 
f 2540//2540 2541//2541 2541//2541 
f 2541//2541 2542//2542 2541//2541 
f 2541//2541 2542//2542 2543//2543 
f 2542//2542 2544//2544 2543//2543 
f 2543//2543 2544//2544 2544//2544 
f 2544//2544 2545//2545 2544//2544 
f 2544//2544 2545//2545 2545//2545 
f 2545//2545 2546//2546 2545//2545 
f 2545//2545 2546//2546 2547//2547 
f 2546//2546 2548//2548 2547//2547 
f 2547//2547 2548//2548 2548//2548 
f 2548//2548 2549//2549 2548//2548 
f 2548//2548 2549//2549 2549//2549 
f 2549//2549 2550//2550 2549//2549 
f 2549//2549 2550//2550 2551//2551 
f 2550//2550 2552//2552 2551//2551 
f 2551//2551 2552//2552 2552//2552 
f 2552//2552 2553//2553 2552//2552 
f 2552//2552 2553//2553 2553//2553 
f 2553//2553 2554//2554 2553//2553 
f 2553//2553 2554//2554 2555//2555 
f 2554//2554 2556//2556 2555//2555 
f 2555//2555 2556//2556 2556//2556 
f 2556//2556 2557//2557 2556//2556 
f 2556//2556 2557//2557 2557//2557 
f 2557//2557 2558//2558 2557//2557 
f 2557//2557 2558//2558 2559//2559 
f 2558//2558 2560//2560 2559//2559 
f 2559//2559 2560//2560 2560//2560 
f 2560//2560 2561//2561 2560//2560 
f 2560//2560 2561//2561 2561//2561 
f 2561//2561 2562//2562 2561//2561 
f 2561//2561 2562//2562 2563//2563 
f 2562//2562 2564//2564 2563//2563 
f 2563//2563 2564//2564 2564//2564 
f 2564//2564 2565//2565 2564//2564 
f 2564//2564 2565//2565 2565//2565 
f 2565//2565 2566//2566 2565//2565 
f 2565//2565 2566//2566 2567//2567 
f 2566//2566 2568//2568 2567//2567 
f 2567//2567 2568//2568 2568//2568 
f 2568//2568 2569//2569 2568//2568 
f 2568//2568 2569//2569 2569//2569 
f 2569//2569 2570//2570 2569//2569 
f 2569//2569 2570//2570 2571//2571 
f 2570//2570 2572//2572 2571//2571 
f 2571//2571 2572//2572 2572//2572 
f 2572//2572 2573//2573 2572//2572 
f 2572//2572 2573//2573 2573//2573 
f 2573//2573 2574//2574 2573//2573 
f 2573//2573 2574//2574 2575//2575 
f 2574//2574 2576//2576 2575//2575 
f 2575//2575 2576//2576 2576//2576 
f 2576//2576 2577//2577 2576//2576 
f 2576//2576 2577//2577 2577//2577 
f 2577//2577 2578//2578 2577//2577 
f 2577//2577 2578//2578 2579//2579 
f 2578//2578 2580//2580 2579//2579 
f 2579//2579 2580//2580 2580//2580 
f 2580//2580 2581//2581 2580//2580 
f 2580//2580 2581//2581 2581//2581 
f 2581//2581 2582//2582 2581//2581 
f 2581//2581 2582//2582 2583//2583 
f 2582//2582 2584//2584 2583//2583 
f 2583//2583 2584//2584 2584//2584 
f 2584//2584 2585//2585 2584//2584 
f 2584//2584 2585//2585 2585//2585 
f 2585//2585 2586//2586 2585//2585 
f 2585//2585 2586//2586 2587//2587 
f 2586//2586 2588//2588 2587//2587 
f 2587//2587 2588//2588 2588//2588 
f 2588//2588 2589//2589 2588//2588 
f 2588//2588 2589//2589 2589//2589 
f 2589//2589 2590//2590 2589//2589 
f 2589//2589 2590//2590 2591//2591 
f 2590//2590 2592//2592 2591//2591 
f 2591//2591 2592//2592 2592//2592 
f 2592//2592 2593//2593 2592//2592 
f 2592//2592 2593//2593 2593//2593 
f 2593//2593 2594//2594 2593//2593 
f 2593//2593 2594//2594 2595//2595 
f 2594//2594 2596//2596 2595//2595 
f 2595//2595 2596//2596 2596//2596 
f 2596//2596 2597//2597 2596//2596 
f 2596//2596 2597//2597 2597//2597 
f 2597//2597 2598//2598 2597//2597 
f 2597//2597 2598//2598 2599//2599 
f 2598//2598 2600//2600 2599//2599 
f 2599//2599 2600//2600 2600//2600 
f 2600//2600 2601//2601 2600//2600 
f 2600//2600 2601//2601 2601//2601 
f 2601//2601 2602//2602 2601//2601 
f 2601//2601 2602//2602 2603//2603 
f 2602//2602 2604//2604 2603//2603 
f 2603//2603 2604//2604 2604//2604 
f 2604//2604 2605//2605 2604//2604 
f 2604//2604 2605//2605 2605//2605 
f 2605//2605 2606//2606 2605//2605 
f 2605//2605 2606//2606 2607//2607 
f 2606//2606 2608//2608 2607//2607 
f 2607//2607 2608//2608 2608//2608 
f 2608//2608 2609//2609 2608//2608 
f 2608//2608 2609//2609 2609//2609 
f 2609//2609 2610//2610 2609//2609 
f 2609//2609 2610//2610 2611//2611 
f 2610//2610 2612//2612 2611//2611 
f 2611//2611 2612//2612 2612//2612 
f 2612//2612 2613//2613 2612//2612 
f 2612//2612 2613//2613 2613//2613 
f 2613//2613 2614//2614 2613//2613 
f 2613//2613 2614//2614 2615//2615 
f 2614//2614 2616//2616 2615//2615 
f 2615//2615 2616//2616 2616//2616 
f 2616//2616 2617//2617 2616//2616 
f 2616//2616 2617//2617 2617//2617 
f 2617//2617 2618//2618 2617//2617 
f 2617//2617 2618//2618 2619//2619 
f 2618//2618 2620//2620 2619//2619 
f 2619//2619 2620//2620 2620//2620 
f 2620//2620 2621//2621 2620//2620 
f 2620//2620 2621//2621 2621//2621 
f 2621//2621 2622//2622 2621//2621 
f 2621//2621 2622//2622 2623//2623 
f 2622//2622 2624//2624 2623//2623 
f 2623//2623 2624//2624 2624//2624 
f 2624//2624 2625//2625 2624//2624 
f 2624//2624 2625//2625 2625//2625 
f 2625//2625 2626//2626 2625//2625 
f 2625//2625 2626//2626 2627//2627 
f 2626//2626 2628//2628 2627//2627 
f 2627//2627 2628//2628 2628//2628 
f 2628//2628 2629//2629 2628//2628 
f 2628//2628 2629//2629 2629//2629 
f 2629//2629 2630//2630 2629//2629 
f 2629//2629 2630//2630 2631//2631 
f 2630//2630 2632//2632 2631//2631 
f 2631//2631 2632//2632 2632//2632 
f 2632//2632 2633//2633 2632//2632 
f 2632//2632 2633//2633 2633//2633 
f 2633//2633 2634//2634 2633//2633 
f 2633//2633 2634//2634 2635//2635 
f 2634//2634 2636//2636 2635//2635 
f 2635//2635 2636//2636 2636//2636 
f 2636//2636 2637//2637 2636//2636 
f 2636//2636 2637//2637 2637//2637 
f 2637//2637 2638//2638 2637//2637 
f 2637//2637 2638//2638 2639//2639 
f 2638//2638 2640//2640 2639//2639 
f 2639//2639 2640//2640 2640//2640 
f 2640//2640 2641//2641 2640//2640 
f 2640//2640 2641//2641 2641//2641 
f 2641//2641 2642//2642 2641//2641 
f 2641//2641 2642//2642 2643//2643 
f 2642//2642 2644//2644 2643//2643 
f 2643//2643 2644//2644 2644//2644 
f 2644//2644 2645//2645 2644//2644 
f 2644//2644 2645//2645 2645//2645 
f 2645//2645 2646//2646 2645//2645 
f 2645//2645 2646//2646 2647//2647 
f 2646//2646 2648//2648 2647//2647 
f 2647//2647 2648//2648 2648//2648 
f 2648//2648 2649//2649 2648//2648 
f 2648//2648 2649//2649 2649//2649 
f 2649//2649 2650//2650 2649//2649 
f 2649//2649 2650//2650 2651//2651 
f 2650//2650 2652//2652 2651//2651 
f 2651//2651 2652//2652 2652//2652 
f 2652//2652 2653//2653 2652//2652 
f 2652//2652 2653//2653 2653//2653 
f 2653//2653 2654//2654 2653//2653 
f 2653//2653 2654//2654 2655//2655 
f 2654//2654 2656//2656 2655//2655 
f 2655//2655 2656//2656 2656//2656 
f 2656//2656 2657//2657 2656//2656 
f 2656//2656 2657//2657 2657//2657 
f 2657//2657 2658//2658 2657//2657 
f 2657//2657 2658//2658 2659//2659 
f 2658//2658 2660//2660 2659//2659 
f 2659//2659 2660//2660 2660//2660 
f 2660//2660 2661//2661 2660//2660 
f 2660//2660 2661//2661 2661//2661 
f 2661//2661 2662//2662 2661//2661 
f 2661//2661 2662//2662 2663//2663 
f 2662//2662 2664//2664 2663//2663 
f 2663//2663 2664//2664 2664//2664 
f 2664//2664 2665//2665 2664//2664 
f 2664//2664 2665//2665 2665//2665 
f 2665//2665 2666//2666 2665//2665 
f 2665//2665 2666//2666 2667//2667 
f 2666//2666 2668//2668 2667//2667 
f 2667//2667 2668//2668 2668//2668 
f 2668//2668 2669//2669 2668//2668 
f 2668//2668 2669//2669 2669//2669 
f 2669//2669 2670//2670 2669//2669 
f 2669//2669 2670//2670 2671//2671 
f 2670//2670 2672//2672 2671//2671 
f 2671//2671 2672//2672 2672//2672 
f 2672//2672 2673//2673 2672//2672 
f 2672//2672 2673//2673 2673//2673 
f 2673//2673 2674//2674 2673//2673 
f 2673//2673 2674//2674 2675//2675 
f 2674//2674 2676//2676 2675//2675 
f 2675//2675 2676//2676 2676//2676 
f 2676//2676 2677//2677 2676//2676 
f 2676//2676 2677//2677 2677//2677 
f 2677//2677 2678//2678 2677//2677 
f 2677//2677 2678//2678 2679//2679 
f 2678//2678 2680//2680 2679//2679 
f 2679//2679 2680//2680 2680//2680 
f 2680//2680 2681//2681 2680//2680 
f 2680//2680 2681//2681 2681//2681 
f 2681//2681 2682//2682 2681//2681 
f 2681//2681 2682//2682 2683//2683 
f 2682//2682 2684//2684 2683//2683 
f 2683//2683 2684//2684 2684//2684 
f 2684//2684 2685//2685 2684//2684 
f 2684//2684 2685//2685 2685//2685 
f 2685//2685 2686//2686 2685//2685 
f 2685//2685 2686//2686 2687//2687 
f 2686//2686 2688//2688 2687//2687 
f 2687//2687 2688//2688 2688//2688 
f 2688//2688 2689//2689 2688//2688 
f 2688//2688 2689//2689 2689//2689 
f 2689//2689 2690//2690 2689//2689 
f 2689//2689 2690//2690 2691//2691 
f 2690//2690 2692//2692 2691//2691 
f 2691//2691 2692//2692 2692//2692 
f 2692//2692 2693//2693 2692//2692 
f 2692//2692 2693//2693 2693//2693 
f 2693//2693 2694//2694 2693//2693 
f 2693//2693 2694//2694 2695//2695 
f 2694//2694 2696//2696 2695//2695 
f 2695//2695 2696//2696 2696//2696 
f 2696//2696 2697//2697 2696//2696 
f 2696//2696 2697//2697 2697//2697 
f 2697//2697 2698//2698 2697//2697 
f 2697//2697 2698//2698 2699//2699 
f 2698//2698 2700//2700 2699//2699 
f 2699//2699 2700//2700 2700//2700 
f 2700//2700 2701//2701 2700//2700 
f 2700//2700 2701//2701 2701//2701 
f 2701//2701 2702//2702 2701//2701 
f 2701//2701 2702//2702 2703//2703 
f 2702//2702 2704//2704 2703//2703 
f 2703//2703 2704//2704 2704//2704 
f 2704//2704 2705//2705 2704//2704 
f 2704//2704 2705//2705 2705//2705 
f 2705//2705 2706//2706 2705//2705 
f 2705//2705 2706//2706 2707//2707 
f 2706//2706 2708//2708 2707//2707 
f 2707//2707 2708//2708 2708//2708 
f 2708//2708 2709//2709 2708//2708 
f 2708//2708 2709//2709 2709//2709 
f 2709//2709 2710//2710 2709//2709 
f 2709//2709 2710//2710 2711//2711 
f 2710//2710 2712//2712 2711//2711 
f 2711//2711 2712//2712 2712//2712 
f 2712//2712 2713//2713 2712//2712 
f 2712//2712 2713//2713 2713//2713 
f 2713//2713 2714//2714 2713//2713 
f 2713//2713 2714//2714 2715//2715 
f 2714//2714 2716//2716 2715//2715 
f 2715//2715 2716//2716 2716//2716 
f 2716//2716 2717//2717 2716//2716 
f 2716//2716 2717//2717 2717//2717 
f 2717//2717 2718//2718 2717//2717 
f 2717//2717 2718//2718 2719//2719 
f 2718//2718 2720//2720 2719//2719 
f 2719//2719 2720//2720 2720//2720 
f 2720//2720 2721//2721 2720//2720 
f 2720//2720 2721//2721 2721//2721 
f 2721//2721 2722//2722 2721//2721 
f 2721//2721 2722//2722 2723//2723 
f 2722//2722 2724//2724 2723//2723 
f 2723//2723 2724//2724 2724//2724 
f 2724//2724 2725//2725 2724//2724 
f 2724//2724 2725//2725 2725//2725 
f 2725//2725 2726//2726 2725//2725 
f 2725//2725 2726//2726 2727//2727 
f 2726//2726 2728//2728 2727//2727 
f 2727//2727 2728//2728 2728//2728 
f 2728//2728 2729//2729 2728//2728 
f 2728//2728 2729//2729 2729//2729 
f 2729//2729 2730//2730 2729//2729 
f 2729//2729 2730//2730 2731//2731 
f 2730//2730 2732//2732 2731//2731 
f 2731//2731 2732//2732 2732//2732 
f 2732//2732 2733//2733 2732//2732 
f 2732//2732 2733//2733 2733//2733 
f 2733//2733 2734//2734 2733//2733 
f 2733//2733 2734//2734 2735//2735 
f 2734//2734 2736//2736 2735//2735 
f 2735//2735 2736//2736 2736//2736 
f 2736//2736 2737//2737 2736//2736 
f 2736//2736 2737//2737 2737//2737 
f 2737//2737 2738//2738 2737//2737 
f 2737//2737 2738//2738 2739//2739 
f 2738//2738 2740//2740 2739//2739 
f 2739//2739 2740//2740 2740//2740 
f 2740//2740 2741//2741 2740//2740 
f 2740//2740 2741//2741 2741//2741 
f 2741//2741 2742//2742 2741//2741 
f 2741//2741 2742//2742 2743//2743 
f 2742//2742 2744//2744 2743//2743 
f 2743//2743 2744//2744 2744//2744 
f 2744//2744 2745//2745 2744//2744 
f 2744//2744 2745//2745 2745//2745 
f 2745//2745 2746//2746 2745//2745 
f 2745//2745 2746//2746 2747//2747 
f 2746//2746 2748//2748 2747//2747 
f 2747//2747 2748//2748 2748//2748 
f 2748//2748 2749//2749 2748//2748 
f 2748//2748 2749//2749 2749//2749 
f 2749//2749 2750//2750 2749//2749 
f 2749//2749 2750//2750 2751//2751 
f 2750//2750 2752//2752 2751//2751 
f 2751//2751 2752//2752 2752//2752 
f 2752//2752 2753//2753 2752//2752 
f 2752//2752 2753//2753 2753//2753 
f 2753//2753 2754//2754 2753//2753 
f 2753//2753 2754//2754 2755//2755 
f 2754//2754 2756//2756 2755//2755 
f 2755//2755 2756//2756 2756//2756 
f 2756//2756 2757//2757 2756//2756 
f 2756//2756 2757//2757 2757//2757 
f 2757//2757 2758//2758 2757//2757 
f 2757//2757 2758//2758 2759//2759 
f 2758//2758 2760//2760 2759//2759 
f 2759//2759 2760//2760 2760//2760 
f 2760//2760 2761//2761 2760//2760 
f 2760//2760 2761//2761 2761//2761 
f 2761//2761 2762//2762 2761//2761 
f 2761//2761 2762//2762 2763//2763 
f 2762//2762 2764//2764 2763//2763 
f 2763//2763 2764//2764 2764//2764 
f 2764//2764 2765//2765 2764//2764 
f 2764//2764 2765//2765 2765//2765 
f 2765//2765 2766//2766 2765//2765 
f 2765//2765 2766//2766 2767//2767 
f 2766//2766 2768//2768 2767//2767 
f 2767//2767 2768//2768 2768//2768 
f 2768//2768 2769//2769 2768//2768 
f 2768//2768 2769//2769 2769//2769 
f 2769//2769 2770//2770 2769//2769 
f 2769//2769 2770//2770 2771//2771 
f 2770//2770 2772//2772 2771//2771 
f 2771//2771 2772//2772 2772//2772 
f 2772//2772 2773//2773 2772//2772 
f 2772//2772 2773//2773 2773//2773 
f 2773//2773 2774//2774 2773//2773 
f 2773//2773 2774//2774 2775//2775 
f 2774//2774 2776//2776 2775//2775 
f 2775//2775 2776//2776 2776//2776 
f 2776//2776 2777//2777 2776//2776 
f 2776//2776 2777//2777 2777//2777 
f 2777//2777 2778//2778 2777//2777 
f 2777//2777 2778//2778 2779//2779 
f 2778//2778 2780//2780 2779//2779 
f 2779//2779 2780//2780 2780//2780 
f 2780//2780 2781//2781 2780//2780 
f 2780//2780 2781//2781 2781//2781 
f 2781//2781 2782//2782 2781//2781 
f 2781//2781 2782//2782 2783//2783 
f 2782//2782 2784//2784 2783//2783 
f 2783//2783 2784//2784 2784//2784 
f 2784//2784 2785//2785 2784//2784 
f 2784//2784 2785//2785 2785//2785 
f 2785//2785 2786//2786 2785//2785 
f 2785//2785 2786//2786 2787//2787 
f 2786//2786 2788//2788 2787//2787 
f 2787//2787 2788//2788 2788//2788 
f 2788//2788 2789//2789 2788//2788 
f 2788//2788 2789//2789 2789//2789 
f 2789//2789 2790//2790 2789//2789 
f 2789//2789 2790//2790 2791//2791 
f 2790//2790 2792//2792 2791//2791 
f 2791//2791 2792//2792 2792//2792 
f 2792//2792 2793//2793 2792//2792 
f 2792//2792 2793//2793 2793//2793 
f 2793//2793 2794//2794 2793//2793 
f 2793//2793 2794//2794 2795//2795 
f 2794//2794 2796//2796 2795//2795 
f 2795//2795 2796//2796 2796//2796 
f 2796//2796 2797//2797 2796//2796 
f 2796//2796 2797//2797 2797//2797 
f 2797//2797 2798//2798 2797//2797 
f 2797//2797 2798//2798 2799//2799 
f 2798//2798 2800//2800 2799//2799 
f 2799//2799 2800//2800 2800//2800 
f 2800//2800 2801//2801 2800//2800 
f 2800//2800 2801//2801 2801//2801 
f 2801//2801 2802//2802 2801//2801 
f 2801//2801 2802//2802 2803//2803 
f 2802//2802 2804//2804 2803//2803 
f 2803//2803 2804//2804 2804//2804 
f 2804//2804 2805//2805 2804//2804 
f 2804//2804 2805//2805 2805//2805 
f 2805//2805 2806//2806 2805//2805 
f 2805//2805 2806//2806 2807//2807 
f 2806//2806 2808//2808 2807//2807 
f 2807//2807 2808//2808 2808//2808 
f 2808//2808 2809//2809 2808//2808 
f 2808//2808 2809//2809 2809//2809 
f 2809//2809 2810//2810 2809//2809 
f 2809//2809 2810//2810 2811//2811 
f 2810//2810 2812//2812 2811//2811 
f 2811//2811 2812//2812 2812//2812 
f 2812//2812 2813//2813 2812//2812 
f 2812//2812 2813//2813 2813//2813 
f 2813//2813 2814//2814 2813//2813 
f 2813//2813 2814//2814 2815//2815 
f 2814//2814 2816//2816 2815//2815 
f 2815//2815 2816//2816 2816//2816 
f 2816//2816 2817//2817 2816//2816 
f 2816//2816 2817//2817 2817//2817 
f 2817//2817 2818//2818 2817//2817 
f 2817//2817 2818//2818 2819//2819 
f 2818//2818 2820//2820 2819//2819 
f 2819//2819 2820//2820 2820//2820 
f 2820//2820 2821//2821 2820//2820 
f 2820//2820 2821//2821 2821//2821 
f 2821//2821 2822//2822 2821//2821 
f 2821//2821 2822//2822 2823//2823 
f 2822//2822 2824//2824 2823//2823 
f 2823//2823 2824//2824 2824//2824 
f 2824//2824 2825//2825 2824//2824 
f 2824//2824 2825//2825 2825//2825 
f 2825//2825 2826//2826 2825//2825 
f 2825//2825 2826//2826 2827//2827 
f 2826//2826 2828//2828 2827//2827 
f 2827//2827 2828//2828 2828//2828 
f 2828//2828 2829//2829 2828//2828 
f 2828//2828 2829//2829 2829//2829 
f 2829//2829 2830//2830 2829//2829 
f 2829//2829 2830//2830 2831//2831 
f 2830//2830 2832//2832 2831//2831 
f 2831//2831 2832//2832 2832//2832 
f 2832//2832 2833//2833 2832//2832 
f 2832//2832 2833//2833 2833//2833 
f 2833//2833 2834//2834 2833//2833 
f 2833//2833 2834//2834 2835//2835 
f 2834//2834 2836//2836 2835//2835 
f 2835//2835 2836//2836 2836//2836 
f 2836//2836 2837//2837 2836//2836 
f 2836//2836 2837//2837 2837//2837 
f 2837//2837 2838//2838 2837//2837 
f 2837//2837 2838//2838 2839//2839 
f 2838//2838 2840//2840 2839//2839 
f 2839//2839 2840//2840 2840//2840 
f 2840//2840 2841//2841 2840//2840 
f 2840//2840 2841//2841 2841//2841 
f 2841//2841 2842//2842 2841//2841 
f 2841//2841 2842//2842 2843//2843 
f 2842//2842 2844//2844 2843//2843 
f 2843//2843 2844//2844 2844//2844 
f 2844//2844 2845//2845 2844//2844 
f 2844//2844 2845//2845 2845//2845 
f 2845//2845 2846//2846 2845//2845 
f 2845//2845 2846//2846 2847//2847 
f 2846//2846 2848//2848 2847//2847 
f 2847//2847 2848//2848 2848//2848 
f 2848//2848 2849//2849 2848//2848 
f 2848//2848 2849//2849 2849//2849 
f 2849//2849 2850//2850 2849//2849 
f 2849//2849 2850//2850 2851//2851 
f 2850//2850 2852//2852 2851//2851 
f 2851//2851 2852//2852 2852//2852 
f 2852//2852 2853//2853 2852//2852 
f 2852//2852 2853//2853 2853//2853 
f 2853//2853 2854//2854 2853//2853 
f 2853//2853 2854//2854 2855//2855 
f 2854//2854 2856//2856 2855//2855 
f 2855//2855 2856//2856 2856//2856 
f 2856//2856 2857//2857 2856//2856 
f 2856//2856 2857//2857 2857//2857 
f 2857//2857 2858//2858 2857//2857 
f 2857//2857 2858//2858 2859//2859 
f 2858//2858 2860//2860 2859//2859 
f 2859//2859 2860//2860 2860//2860 
f 2860//2860 2861//2861 2860//2860 
f 2860//2860 2861//2861 2861//2861 
f 2861//2861 2862//2862 2861//2861 
f 2861//2861 2862//2862 2863//2863 
f 2862//2862 2864//2864 2863//2863 
f 2863//2863 2864//2864 2864//2864 
f 2864//2864 2865//2865 2864//2864 
f 2864//2864 2865//2865 2865//2865 
f 2865//2865 2866//2866 2865//2865 
f 2865//2865 2866//2866 2867//2867 
f 2866//2866 2868//2868 2867//2867 
f 2867//2867 2868//2868 2868//2868 
f 2868//2868 2869//2869 2868//2868 
f 2868//2868 2869//2869 2869//2869 
f 2869//2869 2870//2870 2869//2869 
f 2869//2869 2870//2870 2871//2871 
f 2870//2870 2872//2872 2871//2871 
f 2871//2871 2872//2872 2872//2872 
f 2872//2872 2873//2873 2872//2872 
f 2872//2872 2873//2873 2873//2873 
f 2873//2873 2874//2874 2873//2873 
f 2873//2873 2874//2874 2875//2875 
f 2874//2874 2876//2876 2875//2875 
f 2875//2875 2876//2876 2876//2876 
f 2876//2876 2877//2877 2876//2876 
f 2876//2876 2877//2877 2877//2877 
f 2877//2877 2878//2878 2877//2877 
f 2877//2877 2878//2878 2879//2879 
f 2878//2878 2880//2880 2879//2879 
f 2879//2879 2880//2880 2880//2880 
f 2880//2880 2881//2881 2880//2880 
f 2880//2880 2881//2881 2881//2881 
f 2881//2881 2882//2882 2881//2881 
f 2881//2881 2882//2882 2883//2883 
f 2882//2882 2884//2884 2883//2883 
f 2883//2883 2884//2884 2884//2884 
f 2884//2884 2885//2885 2884//2884 
f 2884//2884 2885//2885 2885//2885 
f 2885//2885 2886//2886 2885//2885 
f 2885//2885 2886//2886 2887//2887 
f 2886//2886 2888//2888 2887//2887 
f 2887//2887 2888//2888 2888//2888 
f 2888//2888 2889//2889 2888//2888 
f 2888//2888 2889//2889 2889//2889 
f 2889//2889 2890//2890 2889//2889 
f 2889//2889 2890//2890 2891//2891 
f 2890//2890 2892//2892 2891//2891 
f 2891//2891 2892//2892 2892//2892 
f 2892//2892 2893//2893 2892//2892 
f 2892//2892 2893//2893 2893//2893 
f 2893//2893 2894//2894 2893//2893 
f 2893//2893 2894//2894 2895//2895 
f 2894//2894 2896//2896 2895//2895 
f 2895//2895 2896//2896 2896//2896 
f 2896//2896 2897//2897 2896//2896 
f 2896//2896 2897//2897 2897//2897 
f 2897//2897 2898//2898 2897//2897 
f 2897//2897 2898//2898 2899//2899 
f 2898//2898 2900//2900 2899//2899 
f 2899//2899 2900//2900 2900//2900 
f 2900//2900 2901//2901 2900//2900 
f 2900//2900 2901//2901 2901//2901 
f 2901//2901 2902//2902 2901//2901 
f 2901//2901 2902//2902 2903//2903 
f 2902//2902 2904//2904 2903//2903 
f 2903//2903 2904//2904 2904//2904 
f 2904//2904 2905//2905 2904//2904 
f 2904//2904 2905//2905 2905//2905 
f 2905//2905 2906//2906 2905//2905 
f 2905//2905 2906//2906 2907//2907 
f 2906//2906 2908//2908 2907//2907 
f 2907//2907 2908//2908 2908//2908 
f 2908//2908 2909//2909 2908//2908 
f 2908//2908 2909//2909 2909//2909 
f 2909//2909 2910//2910 2909//2909 
f 2909//2909 2910//2910 2911//2911 
f 2910//2910 2912//2912 2911//2911 
f 2911//2911 2912//2912 2912//2912 
f 2912//2912 2913//2913 2912//2912 
f 2912//2912 2913//2913 2913//2913 
f 2913//2913 2914//2914 2913//2913 
f 2913//2913 2914//2914 2915//2915 
f 2914//2914 2916//2916 2915//2915 
f 2915//2915 2916//2916 2916//2916 
f 2916//2916 2917//2917 2916//2916 
f 2916//2916 2917//2917 2917//2917 
f 2917//2917 2918//2918 2917//2917 
f 2917//2917 2918//2918 2919//2919 
f 2918//2918 2920//2920 2919//2919 
f 2919//2919 2920//2920 2920//2920 
f 2920//2920 2921//2921 2920//2920 
f 2920//2920 2921//2921 2921//2921 
f 2921//2921 2922//2922 2921//2921 
f 2921//2921 2922//2922 2923//2923 
f 2922//2922 2924//2924 2923//2923 
f 2923//2923 2924//2924 2924//2924 
f 2924//2924 2925//2925 2924//2924 
f 2924//2924 2925//2925 2925//2925 
f 2925//2925 2926//2926 2925//2925 
f 2925//2925 2926//2926 2927//2927 
f 2926//2926 2928//2928 2927//2927 
f 2927//2927 2928//2928 2928//2928 
f 2928//2928 2929//2929 2928//2928 
f 2928//2928 2929//2929 2929//2929 
f 2929//2929 2930//2930 2929//2929 
f 2929//2929 2930//2930 2931//2931 
f 2930//2930 2932//2932 2931//2931 
f 2931//2931 2932//2932 2932//2932 
f 2932//2932 2933//2933 2932//2932 
f 2932//2932 2933//2933 2933//2933 
f 2933//2933 2934//2934 2933//2933 
f 2933//2933 2934//2934 2935//2935 
f 2934//2934 2936//2936 2935//2935 
f 2935//2935 2936//2936 2936//2936 
f 2936//2936 2937//2937 2936//2936 
f 2936//2936 2937//2937 2937//2937 
f 2937//2937 2938//2938 2937//2937 
f 2937//2937 2938//2938 2939//2939 
f 2938//2938 2940//2940 2939//2939 
f 2939//2939 2940//2940 2940//2940 
f 2940//2940 2941//2941 2940//2940 
f 2940//2940 2941//2941 2941//2941 
f 2941//2941 2942//2942 2941//2941 
f 2941//2941 2942//2942 2943//2943 
f 2942//2942 2944//2944 2943//2943 
f 2943//2943 2944//2944 2944//2944 
f 2944//2944 2945//2945 2944//2944 
f 2944//2944 2945//2945 2945//2945 
f 2945//2945 2946//2946 2945//2945 
f 2945//2945 2946//2946 2947//2947 
f 2946//2946 2948//2948 2947//2947 
f 2947//2947 2948//2948 2948//2948 
f 2948//2948 2949//2949 2948//2948 
f 2948//2948 2949//2949 2949//2949 
f 2949//2949 2950//2950 2949//2949 
f 2949//2949 2950//2950 2951//2951 
f 2950//2950 2952//2952 2951//2951 
f 2951//2951 2952//2952 2952//2952 
f 2952//2952 2953//2953 2952//2952 
f 2952//2952 2953//2953 2953//2953 
f 2953//2953 2954//2954 2953//2953 
f 2953//2953 2954//2954 2955//2955 
f 2954//2954 2956//2956 2955//2955 
f 2955//2955 2956//2956 2956//2956 
f 2956//2956 2957//2957 2956//2956 
f 2956//2956 2957//2957 2957//2957 
f 2957//2957 2958//2958 2957//2957 
f 2957//2957 2958//2958 2959//2959 
f 2958//2958 2960//2960 2959//2959 
f 2959//2959 2960//2960 2960//2960 
f 2960//2960 2961//2961 2960//2960 
f 2960//2960 2961//2961 2961//2961 
f 2961//2961 2962//2962 2961//2961 
f 2961//2961 2962//2962 2963//2963 
f 2962//2962 2964//2964 2963//2963 
f 2963//2963 2964//2964 2964//2964 
f 2964//2964 2965//2965 2964//2964 
f 2964//2964 2965//2965 2965//2965 
f 2965//2965 2966//2966 2965//2965 
f 2965//2965 2966//2966 2967//2967 
f 2966//2966 2968//2968 2967//2967 
f 2967//2967 2968//2968 2968//2968 
f 2968//2968 2969//2969 2968//2968 
f 2968//2968 2969//2969 2969//2969 
f 2969//2969 2970//2970 2969//2969 
f 2969//2969 2970//2970 2971//2971 
f 2970//2970 2972//2972 2971//2971 
f 2971//2971 2972//2972 2972//2972 
f 2972//2972 2973//2973 2972//2972 
f 2972//2972 2973//2973 2973//2973 
f 2973//2973 2974//2974 2973//2973 
f 2973//2973 2974//2974 2975//2975 
f 2974//2974 2976//2976 2975//2975 
f 2975//2975 2976//2976 2976//2976 
f 2976//2976 2977//2977 2976//2976 
f 2976//2976 2977//2977 2977//2977 
f 2977//2977 2978//2978 2977//2977 
f 2977//2977 2978//2978 2979//2979 
f 2978//2978 2980//2980 2979//2979 
f 2979//2979 2980//2980 2980//2980 
f 2980//2980 2981//2981 2980//2980 
f 2980//2980 2981//2981 2981//2981 
f 2981//2981 2982//2982 2981//2981 
f 2981//2981 2982//2982 2983//2983 
f 2982//2982 2984//2984 2983//2983 
f 2983//2983 2984//2984 2984//2984 
f 2984//2984 2985//2985 2984//2984 
f 2984//2984 2985//2985 2985//2985 
f 2985//2985 2986//2986 2985//2985 
f 2985//2985 2986//2986 2987//2987 
f 2986//2986 2988//2988 2987//2987 
f 2987//2987 2988//2988 2988//2988 
f 2988//2988 2989//2989 2988//2988 
f 2988//2988 2989//2989 2989//2989 
f 2989//2989 2990//2990 2989//2989 
f 2989//2989 2990//2990 2991//2991 
f 2990//2990 2992//2992 2991//2991 
f 2991//2991 2992//2992 2992//2992 
f 2992//2992 2993//2993 2992//2992 
f 2992//2992 2993//2993 2993//2993 
f 2993//2993 2994//2994 2993//2993 
f 2993//2993 2994//2994 2995//2995 
f 2994//2994 2996//2996 2995//2995 
f 2995//2995 2996//2996 2996//2996 
f 2996//2996 2997//2997 2996//2996 
f 2996//2996 2997//2997 2997//2997 
f 2997//2997 2998//2998 2997//2997 
f 2997//2997 2998//2998 2999//2999 
f 2998//2998 3000//3000 2999//2999 
f 2999//2999 3000//3000 3000//3000 
f 3000//3000 3001//3001 3000//3000 
f 3000//3000 3001//3001 3001//3001 
f 3001//3001 3002//3002 3001//3001 
f 3001//3001 3002//3002 3003//3003 
f 3002//3002 3004//3004 3003//3003 
f 3003//3003 3004//3004 3004//3004 
f 3004//3004 3005//3005 3004//3004 
f 3004//3004 3005//3005 3005//3005 
f 3005//3005 3006//3006 3005//3005 
f 3005//3005 3006//3006 3007//3007 
f 3006//3006 3008//3008 3007//3007 
f 3007//3007 3008//3008 3008//3008 
f 3008//3008 3009//3009 3008//3008 
f 3008//3008 3009//3009 3009//3009 
f 3009//3009 3010//3010 3009//3009 
f 3009//3009 3010//3010 3011//3011 
f 3010//3010 3012//3012 3011//3011 
f 3011//3011 3012//3012 3012//3012 
f 3012//3012 3013//3013 3012//3012 
f 3012//3012 3013//3013 3013//3013 
f 3013//3013 3014//3014 3013//3013 
f 3013//3013 3014//3014 3015//3015 
f 3014//3014 3016//3016 3015//3015 
f 3015//3015 3016//3016 3016//3016 
f 3016//3016 3017//3017 3016//3016 
f 3016//3016 3017//3017 3017//3017 
f 3017//3017 3018//3018 3017//3017 
f 3017//3017 3018//3018 3019//3019 
f 3018//3018 3020//3020 3019//3019 
f 3019//3019 3020//3020 3020//3020 
f 3020//3020 3021//3021 3020//3020 
f 3020//3020 3021//3021 3021//3021 
f 3021//3021 3022//3022 3021//3021 
f 3021//3021 3022//3022 3023//3023 
f 3022//3022 3024//3024 3023//3023 
f 3023//3023 3024//3024 3024//3024 
f 3024//3024 3025//3025 3024//3024 
f 3024//3024 3025//3025 3025//3025 
f 3025//3025 3026//3026 3025//3025 
f 3025//3025 3026//3026 3027//3027 
f 3026//3026 3028//3028 3027//3027 
f 3027//3027 3028//3028 3028//3028 
f 3028//3028 3029//3029 3028//3028 
f 3028//3028 3029//3029 3029//3029 
f 3029//3029 3030//3030 3029//3029 
f 3029//3029 3030//3030 3031//3031 
f 3030//3030 3032//3032 3031//3031 
f 3031//3031 3032//3032 3032//3032 
f 3032//3032 3033//3033 3032//3032 
f 3032//3032 3033//3033 3033//3033 
f 3033//3033 3034//3034 3033//3033 
f 3033//3033 3034//3034 3035//3035 
f 3034//3034 3036//3036 3035//3035 
f 3035//3035 3036//3036 3036//3036 
f 3036//3036 3037//3037 3036//3036 
f 3036//3036 3037//3037 3037//3037 
f 3037//3037 3038//3038 3037//3037 
f 3037//3037 3038//3038 3039//3039 
f 3038//3038 3040//3040 3039//3039 
f 3039//3039 3040//3040 3040//3040 
f 3040//3040 3041//3041 3040//3040 
f 3040//3040 3041//3041 3041//3041 
f 3041//3041 3042//3042 3041//3041 
f 3041//3041 3042//3042 3043//3043 
f 3042//3042 3044//3044 3043//3043 
f 3043//3043 3044//3044 3044//3044 
f 3044//3044 3045//3045 3044//3044 
f 3044//3044 3045//3045 3045//3045 
f 3045//3045 3046//3046 3045//3045 
f 3045//3045 3046//3046 3047//3047 
f 3046//3046 3048//3048 3047//3047 
f 3047//3047 3048//3048 3048//3048 
f 3048//3048 3049//3049 3048//3048 
f 3048//3048 3049//3049 3049//3049 
f 3049//3049 3050//3050 3049//3049 
f 3049//3049 3050//3050 3051//3051 
f 3050//3050 3052//3052 3051//3051 
f 3051//3051 3052//3052 3052//3052 
f 3052//3052 3053//3053 3052//3052 
f 3052//3052 3053//3053 3053//3053 
f 3053//3053 3054//3054 3053//3053 
f 3053//3053 3054//3054 3055//3055 
f 3054//3054 3056//3056 3055//3055 
f 3055//3055 3056//3056 3056//3056 
f 3056//3056 3057//3057 3056//3056 
f 3056//3056 3057//3057 3057//3057 
f 3057//3057 3058//3058 3057//3057 
f 3057//3057 3058//3058 3059//3059 
f 3058//3058 3060//3060 3059//3059 
f 3059//3059 3060//3060 3060//3060 
f 3060//3060 3061//3061 3060//3060 
f 3060//3060 3061//3061 3061//3061 
f 3061//3061 3062//3062 3061//3061 
f 3061//3061 3062//3062 3063//3063 
f 3062//3062 3064//3064 3063//3063 
f 3063//3063 3064//3064 3064//3064 
f 3064//3064 3065//3065 3064//3064 
f 3064//3064 3065//3065 3065//3065 
f 3065//3065 3066//3066 3065//3065 
f 3065//3065 3066//3066 3067//3067 
f 3066//3066 3068//3068 3067//3067 
f 3067//3067 3068//3068 3068//3068 
f 3068//3068 3069//3069 3068//3068 
f 3068//3068 3069//3069 3069//3069 
f 3069//3069 3070//3070 3069//3069 
f 3069//3069 3070//3070 3071//3071 
f 3070//3070 3072//3072 3071//3071 
f 3071//3071 3072//3072 3072//3072 
f 3072//3072 3073//3073 3072//3072 
f 3072//3072 3073//3073 3073//3073 
f 3073//3073 3074//3074 3073//3073 
f 3073//3073 3074//3074 3075//3075 
f 3074//3074 3076//3076 3075//3075 
f 3075//3075 3076//3076 3076//3076 
f 3076//3076 3077//3077 3076//3076 
f 3076//3076 3077//3077 3077//3077 
f 3077//3077 3078//3078 3077//3077 
f 3077//3077 3078//3078 3079//3079 
f 3078//3078 3080//3080 3079//3079 
f 3079//3079 3080//3080 3080//3080 
f 3080//3080 3081//3081 3080//3080 
f 3080//3080 3081//3081 3081//3081 
f 3081//3081 3082//3082 3081//3081 
f 3081//3081 3082//3082 3083//3083 
f 3082//3082 3084//3084 3083//3083 
f 3083//3083 3084//3084 3084//3084 
f 3084//3084 3085//3085 3084//3084 
f 3084//3084 3085//3085 3085//3085 
f 3085//3085 3086//3086 3085//3085 
f 3085//3085 3086//3086 3087//3087 
f 3086//3086 3088//3088 3087//3087 
f 3087//3087 3088//3088 3088//3088 
f 3088//3088 3089//3089 3088//3088 
f 3088//3088 3089//3089 3089//3089 
f 3089//3089 3090//3090 3089//3089 
f 3089//3089 3090//3090 3091//3091 
f 3090//3090 3092//3092 3091//3091 
f 3091//3091 3092//3092 3092//3092 
f 3092//3092 3093//3093 3092//3092 
f 3092//3092 3093//3093 3093//3093 
f 3093//3093 3094//3094 3093//3093 
f 3093//3093 3094//3094 3095//3095 
f 3094//3094 3096//3096 3095//3095 
f 3095//3095 3096//3096 3096//3096 
f 3096//3096 3097//3097 3096//3096 
f 3096//3096 3097//3097 3097//3097 
f 3097//3097 3098//3098 3097//3097 
f 3097//3097 3098//3098 3099//3099 
f 3098//3098 3100//3100 3099//3099 
f 3099//3099 3100//3100 3100//3100 
f 3100//3100 3101//3101 3100//3100 
f 3100//3100 3101//3101 3101//3101 
f 3101//3101 3102//3102 3101//3101 
f 3101//3101 3102//3102 3103//3103 
f 3102//3102 3104//3104 3103//3103 
f 3103//3103 3104//3104 3104//3104 
f 3104//3104 3105//3105 3104//3104 
f 3104//3104 3105//3105 3105//3105 
f 3105//3105 3106//3106 3105//3105 
f 3105//3105 3106//3106 3107//3107 
f 3106//3106 3108//3108 3107//3107 
f 3107//3107 3108//3108 3108//3108 
f 3108//3108 3109//3109 3108//3108 
f 3108//3108 3109//3109 3109//3109 
f 3109//3109 3110//3110 3109//3109 
f 3109//3109 3110//3110 3111//3111 
f 3110//3110 3112//3112 3111//3111 
f 3111//3111 3112//3112 3112//3112 
f 3112//3112 3113//3113 3112//3112 
f 3112//3112 3113//3113 3113//3113 
f 3113//3113 3114//3114 3113//3113 
f 3113//3113 3114//3114 3115//3115 
f 3114//3114 3116//3116 3115//3115 
f 3115//3115 3116//3116 3116//3116 
f 3116//3116 3117//3117 3116//3116 
f 3116//3116 3117//3117 3117//3117 
f 3117//3117 3118//3118 3117//3117 
f 3117//3117 3118//3118 3119//3119 
f 3118//3118 3120//3120 3119//3119 
f 3119//3119 3120//3120 3120//3120 
f 3120//3120 3121//3121 3120//3120 
f 3120//3120 3121//3121 3121//3121 
f 3121//3121 3122//3122 3121//3121 
f 3121//3121 3122//3122 3123//3123 
f 3122//3122 3124//3124 3123//3123 
f 3123//3123 3124//3124 3124//3124 
f 3124//3124 3125//3125 3124//3124 
f 3124//3124 3125//3125 3125//3125 
f 3125//3125 3126//3126 3125//3125 
f 3125//3125 3126//3126 3127//3127 
f 3126//3126 3128//3128 3127//3127 
f 3127//3127 3128//3128 3128//3128 
f 3128//3128 3129//3129 3128//3128 
f 3128//3128 3129//3129 3129//3129 
f 3129//3129 3130//3130 3129//3129 
f 3129//3129 3130//3130 3131//3131 
f 3130//3130 3132//3132 3131//3131 
f 3131//3131 3132//3132 3132//3132 
f 3132//3132 3133//3133 3132//3132 
f 3132//3132 3133//3133 3133//3133 
f 3133//3133 3134//3134 3133//3133 
f 3133//3133 3134//3134 3135//3135 
f 3134//3134 3136//3136 3135//3135 
f 3135//3135 3136//3136 3136//3136 
f 3136//3136 3137//3137 3136//3136 
f 3136//3136 3137//3137 3137//3137 
f 3137//3137 3138//3138 3137//3137 
f 3137//3137 3138//3138 3139//3139 
f 3138//3138 3140//3140 3139//3139 
f 3139//3139 3140//3140 3140//3140 
f 3140//3140 3141//3141 3140//3140 
f 3140//3140 3141//3141 3141//3141 
f 3141//3141 3142//3142 3141//3141 
f 3141//3141 3142//3142 3143//3143 
f 3142//3142 3144//3144 3143//3143 
f 3143//3143 3144//3144 3144//3144 
f 3144//3144 3145//3145 3144//3144 
f 3144//3144 3145//3145 3145//3145 
f 3145//3145 3146//3146 3145//3145 
f 3145//3145 3146//3146 3147//3147 
f 3146//3146 3148//3148 3147//3147 
f 3147//3147 3148//3148 3148//3148 
f 3148//3148 3149//3149 3148//3148 
f 3148//3148 3149//3149 3149//3149 
f 3149//3149 3150//3150 3149//3149 
f 3149//3149 3150//3150 3151//3151 
f 3150//3150 3152//3152 3151//3151 
f 3151//3151 3152//3152 3152//3152 
f 3152//3152 3153//3153 3152//3152 
f 3152//3152 3153//3153 3153//3153 
f 3153//3153 3154//3154 3153//3153 
f 3153//3153 3154//3154 3155//3155 
f 3154//3154 3156//3156 3155//3155 
f 3155//3155 3156//3156 3156//3156 
f 3156//3156 3157//3157 3156//3156 
f 3156//3156 3157//3157 3157//3157 
f 3157//3157 3158//3158 3157//3157 
f 3157//3157 3158//3158 3159//3159 
f 3158//3158 3160//3160 3159//3159 
f 3159//3159 3160//3160 3160//3160 
f 3160//3160 3161//3161 3160//3160 
f 3160//3160 3161//3161 3161//3161 
f 3161//3161 3162//3162 3161//3161 
f 3161//3161 3162//3162 3163//3163 
f 3162//3162 3164//3164 3163//3163 
f 3163//3163 3164//3164 3164//3164 
f 3164//3164 3165//3165 3164//3164 
f 3164//3164 3165//3165 3165//3165 
f 3165//3165 3166//3166 3165//3165 
f 3165//3165 3166//3166 3167//3167 
f 3166//3166 3168//3168 3167//3167 
f 3167//3167 3168//3168 3168//3168 
f 3168//3168 3169//3169 3168//3168 
f 3168//3168 3169//3169 3169//3169 
f 3169//3169 3170//3170 3169//3169 
f 3169//3169 3170//3170 3171//3171 
f 3170//3170 3172//3172 3171//3171 
f 3171//3171 3172//3172 3172//3172 
f 3172//3172 3173//3173 3172//3172 
f 3172//3172 3173//3173 3173//3173 
f 3173//3173 3174//3174 3173//3173 
f 3173//3173 3174//3174 3175//3175 
f 3174//3174 3176//3176 3175//3175 
f 3175//3175 3176//3176 3176//3176 
f 3176//3176 3177//3177 3176//3176 
f 3176//3176 3177//3177 3177//3177 
f 3177//3177 3178//3178 3177//3177 
f 3177//3177 3178//3178 3179//3179 
f 3178//3178 3180//3180 3179//3179 
f 3179//3179 3180//3180 3180//3180 
f 3180//3180 3181//3181 3180//3180 
f 3180//3180 3181//3181 3181//3181 
f 3181//3181 3182//3182 3181//3181 
f 3181//3181 3182//3182 3183//3183 
f 3182//3182 3184//3184 3183//3183 
f 3183//3183 3184//3184 3184//3184 
f 3184//3184 3185//3185 3184//3184 
f 3184//3184 3185//3185 3185//3185 
f 3185//3185 3186//3186 3185//3185 
f 3185//3185 3186//3186 3187//3187 
f 3186//3186 3188//3188 3187//3187 
f 3187//3187 3188//3188 3188//3188 
f 3188//3188 3189//3189 3188//3188 
f 3188//3188 3189//3189 3189//3189 
f 3189//3189 3190//3190 3189//3189 
f 3189//3189 3190//3190 3191//3191 
f 3190//3190 3192//3192 3191//3191 
f 3191//3191 3192//3192 3192//3192 
f 3192//3192 3193//3193 3192//3192 
f 3192//3192 3193//3193 3193//3193 
f 3193//3193 3194//3194 3193//3193 
f 3193//3193 3194//3194 3195//3195 
f 3194//3194 3196//3196 3195//3195 
f 3195//3195 3196//3196 3196//3196 
f 3196//3196 3197//3197 3196//3196 
f 3196//3196 3197//3197 3197//3197 
f 3197//3197 3198//3198 3197//3197 
f 3197//3197 3198//3198 3199//3199 
f 3198//3198 3200//3200 3199//3199 
f 3199//3199 3200//3200 3200//3200 
f 3200//3200 3201//3201 3200//3200 
f 3200//3200 3201//3201 3201//3201 
f 3201//3201 3202//3202 3201//3201 
f 3201//3201 3202//3202 3203//3203 
f 3202//3202 3204//3204 3203//3203 
f 3203//3203 3204//3204 3204//3204 
f 3204//3204 3205//3205 3204//3204 
f 3204//3204 3205//3205 3205//3205 
f 3205//3205 3206//3206 3205//3205 
f 3205//3205 3206//3206 3207//3207 
f 3206//3206 3208//3208 3207//3207 
f 3207//3207 3208//3208 3208//3208 
f 3208//3208 3209//3209 3208//3208 
f 3208//3208 3209//3209 3209//3209 
f 3209//3209 3210//3210 3209//3209 
f 3209//3209 3210//3210 3211//3211 
f 3210//3210 3212//3212 3211//3211 
f 3211//3211 3212//3212 3212//3212 
f 3212//3212 3213//3213 3212//3212 
f 3212//3212 3213//3213 3213//3213 
f 3213//3213 3214//3214 3213//3213 
f 3213//3213 3214//3214 3215//3215 
f 3214//3214 3216//3216 3215//3215 
f 3215//3215 3216//3216 3216//3216 
f 3216//3216 3217//3217 3216//3216 
f 3216//3216 3217//3217 3217//3217 
f 3217//3217 3218//3218 3217//3217 
f 3217//3217 3218//3218 3219//3219 
f 3218//3218 3220//3220 3219//3219 
f 3219//3219 3220//3220 3220//3220 
f 3220//3220 3221//3221 3220//3220 
f 3220//3220 3221//3221 3221//3221 
f 3221//3221 3222//3222 3221//3221 
f 3221//3221 3222//3222 3223//3223 
f 3222//3222 3224//3224 3223//3223 
f 3223//3223 3224//3224 3224//3224 
f 3224//3224 3225//3225 3224//3224 
f 3224//3224 3225//3225 3225//3225 
f 3225//3225 3226//3226 3225//3225 
f 3225//3225 3226//3226 3227//3227 
f 3226//3226 3228//3228 3227//3227 
f 3227//3227 3228//3228 3228//3228 
f 3228//3228 3229//3229 3228//3228 
f 3228//3228 3229//3229 3229//3229 
f 3229//3229 3230//3230 3229//3229 
f 3229//3229 3230//3230 3231//3231 
f 3230//3230 3232//3232 3231//3231 
f 3231//3231 3232//3232 3232//3232 
f 3232//3232 3233//3233 3232//3232 
f 3232//3232 3233//3233 3233//3233 
f 3233//3233 3234//3234 3233//3233 
f 3233//3233 3234//3234 3235//3235 
f 3234//3234 3236//3236 3235//3235 
f 3235//3235 3236//3236 3236//3236 
f 3236//3236 3237//3237 3236//3236 
f 3236//3236 3237//3237 3237//3237 
f 3237//3237 3238//3238 3237//3237 
f 3237//3237 3238//3238 3239//3239 
f 3238//3238 3240//3240 3239//3239 
f 3239//3239 3240//3240 3240//3240 
f 3240//3240 3241//3241 3240//3240 
f 3240//3240 3241//3241 3241//3241 
f 3241//3241 3242//3242 3241//3241 
f 3241//3241 3242//3242 3243//3243 
f 3242//3242 3244//3244 3243//3243 
f 3243//3243 3244//3244 3244//3244 
f 3244//3244 3245//3245 3244//3244 
f 3244//3244 3245//3245 3245//3245 
f 3245//3245 3246//3246 3245//3245 
f 3245//3245 3246//3246 3247//3247 
f 3246//3246 3248//3248 3247//3247 
f 3247//3247 3248//3248 3248//3248 
f 3248//3248 3249//3249 3248//3248 
f 3248//3248 3249//3249 3249//3249 
f 3249//3249 3250//3250 3249//3249 
f 3249//3249 3250//3250 3251//3251 
f 3250//3250 3252//3252 3251//3251 
f 3251//3251 3252//3252 3252//3252 
f 3252//3252 3253//3253 3252//3252 
f 3252//3252 3253//3253 3253//3253 
f 3253//3253 3254//3254 3253//3253 
f 3253//3253 3254//3254 3255//3255 
f 3254//3254 3256//3256 3255//3255 
f 3255//3255 3256//3256 3256//3256 
f 3256//3256 3257//3257 3256//3256 
f 3256//3256 3257//3257 3257//3257 
f 3257//3257 3258//3258 3257//3257 
f 3257//3257 3258//3258 3259//3259 
f 3258//3258 3260//3260 3259//3259 
f 3259//3259 3260//3260 3260//3260 
f 3260//3260 3261//3261 3260//3260 
f 3260//3260 3261//3261 3261//3261 
f 3261//3261 3262//3262 3261//3261 
f 3261//3261 3262//3262 3263//3263 
f 3262//3262 3264//3264 3263//3263 
f 3263//3263 3264//3264 3264//3264 
f 3264//3264 3265//3265 3264//3264 
f 3264//3264 3265//3265 3265//3265 
f 3265//3265 3266//3266 3265//3265 
f 3265//3265 3266//3266 3267//3267 
f 3266//3266 3268//3268 3267//3267 
f 3267//3267 3268//3268 3268//3268 
f 3268//3268 3269//3269 3268//3268 
f 3268//3268 3269//3269 3269//3269 
f 3269//3269 3270//3270 3269//3269 
f 3269//3269 3270//3270 3271//3271 
f 3270//3270 3272//3272 3271//3271 
f 3271//3271 3272//3272 3272//3272 
f 3272//3272 3273//3273 3272//3272 
f 3272//3272 3273//3273 3273//3273 
f 3273//3273 3274//3274 3273//3273 
f 3273//3273 3274//3274 3275//3275 
f 3274//3274 3276//3276 3275//3275 
f 3275//3275 3276//3276 3276//3276 
f 3276//3276 3277//3277 3276//3276 
f 3276//3276 3277//3277 3277//3277 
f 3277//3277 3278//3278 3277//3277 
f 3277//3277 3278//3278 3279//3279 
f 3278//3278 3280//3280 3279//3279 
f 3279//3279 3280//3280 3280//3280 
f 3280//3280 3281//3281 3280//3280 
f 3280//3280 3281//3281 3281//3281 
f 3281//3281 3282//3282 3281//3281 
f 3281//3281 3282//3282 3283//3283 
f 3282//3282 3284//3284 3283//3283 
f 3283//3283 3284//3284 3284//3284 
f 3284//3284 3285//3285 3284//3284 
f 3284//3284 3285//3285 3285//3285 
f 3285//3285 3286//3286 3285//3285 
f 3285//3285 3286//3286 3287//3287 
f 3286//3286 3288//3288 3287//3287 
f 3287//3287 3288//3288 3288//3288 
f 3288//3288 3289//3289 3288//3288 
f 3288//3288 3289//3289 3289//3289 
f 3289//3289 3290//3290 3289//3289 
f 3289//3289 3290//3290 3291//3291 
f 3290//3290 3292//3292 3291//3291 
f 3291//3291 3292//3292 3292//3292 
f 3292//3292 3293//3293 3292//3292 
f 3292//3292 3293//3293 3293//3293 
f 3293//3293 3294//3294 3293//3293 
f 3293//3293 3294//3294 3295//3295 
f 3294//3294 3296//3296 3295//3295 
f 3295//3295 3296//3296 3296//3296 
f 3296//3296 3297//3297 3296//3296 
f 3296//3296 3297//3297 3297//3297 
f 3297//3297 3298//3298 3297//3297 
f 3297//3297 3298//3298 3299//3299 
f 3298//3298 3300//3300 3299//3299 
f 3299//3299 3300//3300 3300//3300 
f 3300//3300 3301//3301 3300//3300 
f 3300//3300 3301//3301 3301//3301 
f 3301//3301 3302//3302 3301//3301 
f 3301//3301 3302//3302 3303//3303 
f 3302//3302 3304//3304 3303//3303 
f 3303//3303 3304//3304 3304//3304 
f 3304//3304 3305//3305 3304//3304 
f 3304//3304 3305//3305 3305//3305 
f 3305//3305 3306//3306 3305//3305 
f 3305//3305 3306//3306 3307//3307 
f 3306//3306 3308//3308 3307//3307 
f 3307//3307 3308//3308 3308//3308 
f 3308//3308 3309//3309 3308//3308 
f 3308//3308 3309//3309 3309//3309 
f 3309//3309 3310//3310 3309//3309 
f 3309//3309 3310//3310 3311//3311 
f 3310//3310 3312//3312 3311//3311 
f 3311//3311 3312//3312 3312//3312 
f 3312//3312 3313//3313 3312//3312 
f 3312//3312 3313//3313 3313//3313 
f 3313//3313 3314//3314 3313//3313 
f 3313//3313 3314//3314 3315//3315 
f 3314//3314 3316//3316 3315//3315 
f 3315//3315 3316//3316 3316//3316 
f 3316//3316 3317//3317 3316//3316 
f 3316//3316 3317//3317 3317//3317 
f 3317//3317 3318//3318 3317//3317 
f 3317//3317 3318//3318 3319//3319 
f 3318//3318 3320//3320 3319//3319 
f 3319//3319 3320//3320 3320//3320 
f 3320//3320 3321//3321 3320//3320 
f 3320//3320 3321//3321 3321//3321 
f 3321//3321 3322//3322 3321//3321 
f 3321//3321 3322//3322 3323//3323 
f 3322//3322 3324//3324 3323//3323 
f 3323//3323 3324//3324 3324//3324 
f 3324//3324 3325//3325 3324//3324 
f 3324//3324 3325//3325 3325//3325 
f 3325//3325 3326//3326 3325//3325 
f 3325//3325 3326//3326 3327//3327 
f 3326//3326 3328//3328 3327//3327 
f 3327//3327 3328//3328 3328//3328 
f 3328//3328 3329//3329 3328//3328 
f 3328//3328 3329//3329 3329//3329 
f 3329//3329 3330//3330 3329//3329 
f 3329//3329 3330//3330 3331//3331 
f 3330//3330 3332//3332 3331//3331 
f 3331//3331 3332//3332 3332//3332 
f 3332//3332 3333//3333 3332//3332 
f 3332//3332 3333//3333 3333//3333 
f 3333//3333 3334//3334 3333//3333 
f 3333//3333 3334//3334 3335//3335 
f 3334//3334 3336//3336 3335//3335 
f 3335//3335 3336//3336 3336//3336 
f 3336//3336 3337//3337 3336//3336 
f 3336//3336 3337//3337 3337//3337 
f 3337//3337 3338//3338 3337//3337 
f 3337//3337 3338//3338 3339//3339 
f 3338//3338 3340//3340 3339//3339 
f 3339//3339 3340//3340 3340//3340 
f 3340//3340 3341//3341 3340//3340 
f 3340//3340 3341//3341 3341//3341 
f 3341//3341 3342//3342 3341//3341 
f 3341//3341 3342//3342 3343//3343 
f 3342//3342 3344//3344 3343//3343 
f 3343//3343 3344//3344 3344//3344 
f 3344//3344 3345//3345 3344//3344 
f 3344//3344 3345//3345 3345//3345 
f 3345//3345 3346//3346 3345//3345 
f 3345//3345 3346//3346 3347//3347 
f 3346//3346 3348//3348 3347//3347 
f 3347//3347 3348//3348 3348//3348 
f 3348//3348 3349//3349 3348//3348 
f 3348//3348 3349//3349 3349//3349 
f 3349//3349 3350//3350 3349//3349 
f 3349//3349 3350//3350 3351//3351 
f 3350//3350 3352//3352 3351//3351 
f 3351//3351 3352//3352 3352//3352 
f 3352//3352 3353//3353 3352//3352 
f 3352//3352 3353//3353 3353//3353 
f 3353//3353 3354//3354 3353//3353 
f 3353//3353 3354//3354 3355//3355 
f 3354//3354 3356//3356 3355//3355 
f 3355//3355 3356//3356 3356//3356 
f 3356//3356 3357//3357 3356//3356 
f 3356//3356 3357//3357 3357//3357 
f 3357//3357 3358//3358 3357//3357 
f 3357//3357 3358//3358 3359//3359 
f 3358//3358 3360//3360 3359//3359 
f 3359//3359 3360//3360 3360//3360 
f 3360//3360 3361//3361 3360//3360 
f 3360//3360 3361//3361 3361//3361 
f 3361//3361 3362//3362 3361//3361 
f 3361//3361 3362//3362 3363//3363 
f 3362//3362 3364//3364 3363//3363 
f 3363//3363 3364//3364 3364//3364 
f 3364//3364 3365//3365 3364//3364 
f 3364//3364 3365//3365 3365//3365 
f 3365//3365 3366//3366 3365//3365 
f 3365//3365 3366//3366 3367//3367 
f 3366//3366 3368//3368 3367//3367 
f 3367//3367 3368//3368 3368//3368 
f 3368//3368 3369//3369 3368//3368 
f 3368//3368 3369//3369 3369//3369 
f 3369//3369 3370//3370 3369//3369 
f 3369//3369 3370//3370 3371//3371 
f 3370//3370 3372//3372 3371//3371 
f 3371//3371 3372//3372 3372//3372 
f 3372//3372 3373//3373 3372//3372 
f 3372//3372 3373//3373 3373//3373 
f 3373//3373 3374//3374 3373//3373 
f 3373//3373 3374//3374 3375//3375 
f 3374//3374 3376//3376 3375//3375 
f 3375//3375 3376//3376 3376//3376 
f 3376//3376 3377//3377 3376//3376 
f 3376//3376 3377//3377 3377//3377 
f 3377//3377 3378//3378 3377//3377 
f 3377//3377 3378//3378 3379//3379 
f 3378//3378 3380//3380 3379//3379 
f 3379//3379 3380//3380 3380//3380 
f 3380//3380 3381//3381 3380//3380 
f 3380//3380 3381//3381 3381//3381 
f 3381//3381 3382//3382 3381//3381 
f 3381//3381 3382//3382 3383//3383 
f 3382//3382 3384//3384 3383//3383 
f 3383//3383 3384//3384 3384//3384 
f 3384//3384 3385//3385 3384//3384 
f 3384//3384 3385//3385 3385//3385 
f 3385//3385 3386//3386 3385//3385 
f 3385//3385 3386//3386 3387//3387 
f 3386//3386 3388//3388 3387//3387 
f 3387//3387 3388//3388 3388//3388 
f 3388//3388 3389//3389 3388//3388 
f 3388//3388 3389//3389 3389//3389 
f 3389//3389 3390//3390 3389//3389 
f 3389//3389 3390//3390 3391//3391 
f 3390//3390 3392//3392 3391//3391 
f 3391//3391 3392//3392 3392//3392 
f 3392//3392 3393//3393 3392//3392 
f 3392//3392 3393//3393 3393//3393 
f 3393//3393 3394//3394 3393//3393 
f 3393//3393 3394//3394 3395//3395 
f 3394//3394 3396//3396 3395//3395 
f 3395//3395 3396//3396 3396//3396 
f 3396//3396 3397//3397 3396//3396 
f 3396//3396 3397//3397 3397//3397 
f 3397//3397 3398//3398 3397//3397 
f 3397//3397 3398//3398 3399//3399 
f 3398//3398 3400//3400 3399//3399 
f 3399//3399 3400//3400 3400//3400 
f 3400//3400 3401//3401 3400//3400 
f 3400//3400 3401//3401 3401//3401 
f 3401//3401 3402//3402 3401//3401 
f 3401//3401 3402//3402 3403//3403 
f 3402//3402 3404//3404 3403//3403 
f 3403//3403 3404//3404 3404//3404 
f 3404//3404 3405//3405 3404//3404 
f 3404//3404 3405//3405 3405//3405 
f 3405//3405 3406//3406 3405//3405 
f 3405//3405 3406//3406 3407//3407 
f 3406//3406 3408//3408 3407//3407 
f 3407//3407 3408//3408 3408//3408 
f 3408//3408 3409//3409 3408//3408 
f 3408//3408 3409//3409 3409//3409 
f 3409//3409 3410//3410 3409//3409 
f 3409//3409 3410//3410 3411//3411 
f 3410//3410 3412//3412 3411//3411 
f 3411//3411 3412//3412 3412//3412 
f 3412//3412 3413//3413 3412//3412 
f 3412//3412 3413//3413 3413//3413 
f 3413//3413 3414//3414 3413//3413 
f 3413//3413 3414//3414 3415//3415 
f 3414//3414 3416//3416 3415//3415 
f 3415//3415 3416//3416 3416//3416 
f 3416//3416 3417//3417 3416//3416 
f 3416//3416 3417//3417 3417//3417 
f 3417//3417 3418//3418 3417//3417 
f 3417//3417 3418//3418 3419//3419 
f 3418//3418 3420//3420 3419//3419 
f 3419//3419 3420//3420 3420//3420 
f 3420//3420 3421//3421 3420//3420 
f 3420//3420 3421//3421 3421//3421 
f 3421//3421 3422//3422 3421//3421 
f 3421//3421 3422//3422 3423//3423 
f 3422//3422 3424//3424 3423//3423 
f 3423//3423 3424//3424 3424//3424 
f 3424//3424 3425//3425 3424//3424 
f 3424//3424 3425//3425 3425//3425 
f 3425//3425 3426//3426 3425//3425 
f 3425//3425 3426//3426 3427//3427 
f 3426//3426 3428//3428 3427//3427 
f 3427//3427 3428//3428 3428//3428 
f 3428//3428 3429//3429 3428//3428 
f 3428//3428 3429//3429 3429//3429 
f 3429//3429 3430//3430 3429//3429 
f 3429//3429 3430//3430 3431//3431 
f 3430//3430 3432//3432 3431//3431 
f 3431//3431 3432//3432 3432//3432 
f 3432//3432 3433//3433 3432//3432 
f 3432//3432 3433//3433 3433//3433 
f 3433//3433 3434//3434 3433//3433 
f 3433//3433 3434//3434 3435//3435 
f 3434//3434 3436//3436 3435//3435 
f 3435//3435 3436//3436 3436//3436 
f 3436//3436 3437//3437 3436//3436 
f 3436//3436 3437//3437 3437//3437 
f 3437//3437 3438//3438 3437//3437 
f 3437//3437 3438//3438 3439//3439 
f 3438//3438 3440//3440 3439//3439 
f 3439//3439 3440//3440 3440//3440 
f 3440//3440 3441//3441 3440//3440 
f 3440//3440 3441//3441 3441//3441 
f 3441//3441 3442//3442 3441//3441 
f 3441//3441 3442//3442 3443//3443 
f 3442//3442 3444//3444 3443//3443 
f 3443//3443 3444//3444 3444//3444 
f 3444//3444 3445//3445 3444//3444 
f 3444//3444 3445//3445 3445//3445 
f 3445//3445 3446//3446 3445//3445 
f 3445//3445 3446//3446 3447//3447 
f 3446//3446 3448//3448 3447//3447 
f 3447//3447 3448//3448 3448//3448 
f 3448//3448 3449//3449 3448//3448 
f 3448//3448 3449//3449 3449//3449 
f 3449//3449 3450//3450 3449//3449 
f 3449//3449 3450//3450 3451//3451 
f 3450//3450 3452//3452 3451//3451 
f 3451//3451 3452//3452 3452//3452 
f 3452//3452 3453//3453 3452//3452 
f 3452//3452 3453//3453 3453//3453 
f 3453//3453 3454//3454 3453//3453 
f 3453//3453 3454//3454 3455//3455 
f 3454//3454 3456//3456 3455//3455 
f 3455//3455 3456//3456 3456//3456 
f 3456//3456 3457//3457 3456//3456 
f 3456//3456 3457//3457 3457//3457 
f 3457//3457 3458//3458 3457//3457 
f 3457//3457 3458//3458 3459//3459 
f 3458//3458 3460//3460 3459//3459 
f 3459//3459 3460//3460 3460//3460 
f 3460//3460 3461//3461 3460//3460 
f 3460//3460 3461//3461 3461//3461 
f 3461//3461 3462//3462 3461//3461 
f 3461//3461 3462//3462 3463//3463 
f 3462//3462 3464//3464 3463//3463 
f 3463//3463 3464//3464 3464//3464 
f 3464//3464 3465//3465 3464//3464 
f 3464//3464 3465//3465 3465//3465 
f 3465//3465 3466//3466 3465//3465 
f 3465//3465 3466//3466 3467//3467 
f 3466//3466 3468//3468 3467//3467 
f 3467//3467 3468//3468 3468//3468 
f 3468//3468 3469//3469 3468//3468 
f 3468//3468 3469//3469 3469//3469 
f 3469//3469 3470//3470 3469//3469 
f 3469//3469 3470//3470 3471//3471 
f 3470//3470 3472//3472 3471//3471 
f 3471//3471 3472//3472 3472//3472 
f 3472//3472 3473//3473 3472//3472 
f 3472//3472 3473//3473 3473//3473 
f 3473//3473 3474//3474 3473//3473 
f 3473//3473 3474//3474 3475//3475 
f 3474//3474 3476//3476 3475//3475 
f 3475//3475 3476//3476 3476//3476 
f 3476//3476 3477//3477 3476//3476 
f 3476//3476 3477//3477 3477//3477 
f 3477//3477 3478//3478 3477//3477 
f 3477//3477 3478//3478 3479//3479 
f 3478//3478 3480//3480 3479//3479 
f 3479//3479 3480//3480 3480//3480 
f 3480//3480 3481//3481 3480//3480 
f 3480//3480 3481//3481 3481//3481 
f 3481//3481 3482//3482 3481//3481 
f 3481//3481 3482//3482 3483//3483 
f 3482//3482 3484//3484 3483//3483 
f 3483//3483 3484//3484 3484//3484 
f 3484//3484 3485//3485 3484//3484 
f 3484//3484 3485//3485 3485//3485 
f 3485//3485 3486//3486 3485//3485 
f 3485//3485 3486//3486 3487//3487 
f 3486//3486 3488//3488 3487//3487 
f 3487//3487 3488//3488 3488//3488 
f 3488//3488 3489//3489 3488//3488 
f 3488//3488 3489//3489 3489//3489 
f 3489//3489 3490//3490 3489//3489 
f 3489//3489 3490//3490 3491//3491 
f 3490//3490 3492//3492 3491//3491 
f 3491//3491 3492//3492 3492//3492 
f 3492//3492 3493//3493 3492//3492 
f 3492//3492 3493//3493 3493//3493 
f 3493//3493 3494//3494 3493//3493 
f 3493//3493 3494//3494 3495//3495 
f 3494//3494 3496//3496 3495//3495 
f 3495//3495 3496//3496 3496//3496 
f 3496//3496 3497//3497 3496//3496 
f 3496//3496 3497//3497 3497//3497 
f 3497//3497 3498//3498 3497//3497 
f 3497//3497 3498//3498 3499//3499 
f 3498//3498 3500//3500 3499//3499 
f 3499//3499 3500//3500 3500//3500 
f 3500//3500 3501//3501 3500//3500 
f 3500//3500 3501//3501 3501//3501 
f 3501//3501 3502//3502 3501//3501 
f 3501//3501 3502//3502 3503//3503 
f 3502//3502 3504//3504 3503//3503 
f 3503//3503 3504//3504 3504//3504 
f 3504//3504 3505//3505 3504//3504 
f 3504//3504 3505//3505 3505//3505 
f 3505//3505 3506//3506 3505//3505 
f 3505//3505 3506//3506 3507//3507 
f 3506//3506 3508//3508 3507//3507 
f 3507//3507 3508//3508 3508//3508 
f 3508//3508 3509//3509 3508//3508 
f 3508//3508 3509//3509 3509//3509 
f 3509//3509 3510//3510 3509//3509 
f 3509//3509 3510//3510 3511//3511 
f 3510//3510 3512//3512 3511//3511 
f 3511//3511 3512//3512 3512//3512 
f 3512//3512 3513//3513 3512//3512 
f 3512//3512 3513//3513 3513//3513 
f 3513//3513 3514//3514 3513//3513 
f 3513//3513 3514//3514 3515//3515 
f 3514//3514 3516//3516 3515//3515 
f 3515//3515 3516//3516 3516//3516 
f 3516//3516 3517//3517 3516//3516 
f 3516//3516 3517//3517 3517//3517 
f 3517//3517 3518//3518 3517//3517 
f 3517//3517 3518//3518 3519//3519 
f 3518//3518 3520//3520 3519//3519 
f 3519//3519 3520//3520 3520//3520 
f 3520//3520 3521//3521 3520//3520 
f 3520//3520 3521//3521 3521//3521 
f 3521//3521 3522//3522 3521//3521 
f 3521//3521 3522//3522 3523//3523 
f 3522//3522 3524//3524 3523//3523 
f 3523//3523 3524//3524 3524//3524 
f 3524//3524 3525//3525 3524//3524 
f 3524//3524 3525//3525 3525//3525 
f 3525//3525 3526//3526 3525//3525 
f 3525//3525 3526//3526 3527//3527 
f 3526//3526 3528//3528 3527//3527 
f 3527//3527 3528//3528 3528//3528 
f 3528//3528 3529//3529 3528//3528 
f 3528//3528 3529//3529 3529//3529 
f 3529//3529 3530//3530 3529//3529 
f 3529//3529 3530//3530 3531//3531 
f 3530//3530 3532//3532 3531//3531 
f 3531//3531 3532//3532 3532//3532 
f 3532//3532 3533//3533 3532//3532 
f 3532//3532 3533//3533 3533//3533 
f 3533//3533 3534//3534 3533//3533 
f 3533//3533 3534//3534 3535//3535 
f 3534//3534 3536//3536 3535//3535 
f 3535//3535 3536//3536 3536//3536 
f 3536//3536 3537//3537 3536//3536 
f 3536//3536 3537//3537 3537//3537 
f 3537//3537 3538//3538 3537//3537 
f 3537//3537 3538//3538 3539//3539 
f 3538//3538 3540//3540 3539//3539 
f 3539//3539 3540//3540 3540//3540 
f 3540//3540 3541//3541 3540//3540 
f 3540//3540 3541//3541 3541//3541 
f 3541//3541 3542//3542 3541//3541 
f 3541//3541 3542//3542 3543//3543 
f 3542//3542 3544//3544 3543//3543 
f 3543//3543 3544//3544 3544//3544 
f 3544//3544 3545//3545 3544//3544 
f 3544//3544 3545//3545 3545//3545 
f 3545//3545 3546//3546 3545//3545 
f 3545//3545 3546//3546 3547//3547 
f 3546//3546 3548//3548 3547//3547 
f 3547//3547 3548//3548 3548//3548 
f 3548//3548 3549//3549 3548//3548 
f 3548//3548 3549//3549 3549//3549 
f 3549//3549 3550//3550 3549//3549 
f 3549//3549 3550//3550 3551//3551 
f 3550//3550 3552//3552 3551//3551 
f 3551//3551 3552//3552 3552//3552 
f 3552//3552 3553//3553 3552//3552 
f 3552//3552 3553//3553 3553//3553 
f 3553//3553 3554//3554 3553//3553 
f 3553//3553 3554//3554 3555//3555 
f 3554//3554 3556//3556 3555//3555 
f 3555//3555 3556//3556 3556//3556 
f 3556//3556 3557//3557 3556//3556 
f 3556//3556 3557//3557 3557//3557 
f 3557//3557 3558//3558 3557//3557 
f 3557//3557 3558//3558 3559//3559 
f 3558//3558 3560//3560 3559//3559 
f 3559//3559 3560//3560 3560//3560 
f 3560//3560 3561//3561 3560//3560 
f 3560//3560 3561//3561 3561//3561 
f 3561//3561 3562//3562 3561//3561 
f 3561//3561 3562//3562 3563//3563 
f 3562//3562 3564//3564 3563//3563 
f 3563//3563 3564//3564 3564//3564 
f 3564//3564 3565//3565 3564//3564 
f 3564//3564 3565//3565 3565//3565 
f 3565//3565 3566//3566 3565//3565 
f 3565//3565 3566//3566 3567//3567 
f 3566//3566 3568//3568 3567//3567 
f 3567//3567 3568//3568 3568//3568 
f 3568//3568 3569//3569 3568//3568 
f 3568//3568 3569//3569 3569//3569 
f 3569//3569 3570//3570 3569//3569 
f 3569//3569 3570//3570 3571//3571 
f 3570//3570 3572//3572 3571//3571 
f 3571//3571 3572//3572 3572//3572 
f 3572//3572 3573//3573 3572//3572 
f 3572//3572 3573//3573 3573//3573 
f 3573//3573 3574//3574 3573//3573 
f 3573//3573 3574//3574 3575//3575 
f 3574//3574 3576//3576 3575//3575 
f 3575//3575 3576//3576 3576//3576 
f 3576//3576 3577//3577 3576//3576 
f 3576//3576 3577//3577 3577//3577 
f 3577//3577 3578//3578 3577//3577 
f 3577//3577 3578//3578 3579//3579 
f 3578//3578 3580//3580 3579//3579 
f 3579//3579 3580//3580 3580//3580 
f 3580//3580 3581//3581 3580//3580 
f 3580//3580 3581//3581 3581//3581 
f 3581//3581 3582//3582 3581//3581 
f 3581//3581 3582//3582 3583//3583 
f 3582//3582 3584//3584 3583//3583 
f 3583//3583 3584//3584 3584//3584 
f 3584//3584 3585//3585 3584//3584 
f 3584//3584 3585//3585 3585//3585 
f 3585//3585 3586//3586 3585//3585 
f 3585//3585 3586//3586 3587//3587 
f 3586//3586 3588//3588 3587//3587 
f 3587//3587 3588//3588 3588//3588 
f 3588//3588 3589//3589 3588//3588 
f 3588//3588 3589//3589 3589//3589 
f 3589//3589 3590//3590 3589//3589 
f 3589//3589 3590//3590 3591//3591 
f 3590//3590 3592//3592 3591//3591 
f 3591//3591 3592//3592 3592//3592 
f 3592//3592 3593//3593 3592//3592 
f 3592//3592 3593//3593 3593//3593 
f 3593//3593 3594//3594 3593//3593 
f 3593//3593 3594//3594 3595//3595 
f 3594//3594 3596//3596 3595//3595 
f 3595//3595 3596//3596 3596//3596 
f 3596//3596 3597//3597 3596//3596 
f 3596//3596 3597//3597 3597//3597 
f 3597//3597 3598//3598 3597//3597 
f 3597//3597 3598//3598 3599//3599 
f 3598//3598 3600//3600 3599//3599 
f 3599//3599 3600//3600 3600//3600 
f 3600//3600 3601//3601 3600//3600 
f 3600//3600 3601//3601 3601//3601 
f 3601//3601 3602//3602 3601//3601 
f 3601//3601 3602//3602 3603//3603 
f 3602//3602 3604//3604 3603//3603 
f 3603//3603 3604//3604 3604//3604 
f 3604//3604 3605//3605 3604//3604 
f 3604//3604 3605//3605 3605//3605 
f 3605//3605 3606//3606 3605//3605 
f 3605//3605 3606//3606 3607//3607 
f 3606//3606 3608//3608 3607//3607 
f 3607//3607 3608//3608 3608//3608 
f 3608//3608 3609//3609 3608//3608 
f 3608//3608 3609//3609 3609//3609 
f 3609//3609 3610//3610 3609//3609 
f 3609//3609 3610//3610 3611//3611 
f 3610//3610 3612//3612 3611//3611 
f 3611//3611 3612//3612 3612//3612 
f 3612//3612 3613//3613 3612//3612 
f 3612//3612 3613//3613 3613//3613 
f 3613//3613 3614//3614 3613//3613 
f 3613//3613 3614//3614 3615//3615 
f 3614//3614 3616//3616 3615//3615 
f 3615//3615 3616//3616 3616//3616 
f 3616//3616 3617//3617 3616//3616 
f 3616//3616 3617//3617 3617//3617 
f 3617//3617 3618//3618 3617//3617 
f 3617//3617 3618//3618 3619//3619 
f 3618//3618 3620//3620 3619//3619 
f 3619//3619 3620//3620 3620//3620 
f 3620//3620 3621//3621 3620//3620 
f 3620//3620 3621//3621 3621//3621 
f 3621//3621 3622//3622 3621//3621 
f 3621//3621 3622//3622 3623//3623 
f 3622//3622 3624//3624 3623//3623 
f 3623//3623 3624//3624 3624//3624 
f 3624//3624 3625//3625 3624//3624 
f 3624//3624 3625//3625 3625//3625 
f 3625//3625 3626//3626 3625//3625 
f 3625//3625 3626//3626 3627//3627 
f 3626//3626 3628//3628 3627//3627 
f 3627//3627 3628//3628 3628//3628 
f 3628//3628 3629//3629 3628//3628 
f 3628//3628 3629//3629 3629//3629 
f 3629//3629 3630//3630 3629//3629 
f 3629//3629 3630//3630 3631//3631 
f 3630//3630 3632//3632 3631//3631 
f 3631//3631 3632//3632 3632//3632 
f 3632//3632 3633//3633 3632//3632 
f 3632//3632 3633//3633 3633//3633 
f 3633//3633 3634//3634 3633//3633 
f 3633//3633 3634//3634 3635//3635 
f 3634//3634 3636//3636 3635//3635 
f 3635//3635 3636//3636 3636//3636 
f 3636//3636 3637//3637 3636//3636 
f 3636//3636 3637//3637 3637//3637 
f 3637//3637 3638//3638 3637//3637 
f 3637//3637 3638//3638 3639//3639 
f 3638//3638 3640//3640 3639//3639 
f 3639//3639 3640//3640 3640//3640 
f 3640//3640 3641//3641 3640//3640 
f 3640//3640 3641//3641 3641//3641 
f 3641//3641 3642//3642 3641//3641 
f 3641//3641 3642//3642 3643//3643 
f 3642//3642 3644//3644 3643//3643 
f 3643//3643 3644//3644 3644//3644 
f 3644//3644 3645//3645 3644//3644 
f 3644//3644 3645//3645 3645//3645 
f 3645//3645 3646//3646 3645//3645 
f 3645//3645 3646//3646 3647//3647 
f 3646//3646 3648//3648 3647//3647 
f 3647//3647 3648//3648 3648//3648 
f 3648//3648 3649//3649 3648//3648 
f 3648//3648 3649//3649 3649//3649 
f 3649//3649 3650//3650 3649//3649 
f 3649//3649 3650//3650 3651//3651 
f 3650//3650 3652//3652 3651//3651 
f 3651//3651 3652//3652 3652//3652 
f 3652//3652 3653//3653 3652//3652 
f 3652//3652 3653//3653 3653//3653 
f 3653//3653 3654//3654 3653//3653 
f 3653//3653 3654//3654 3655//3655 
f 3654//3654 3656//3656 3655//3655 
f 3655//3655 3656//3656 3656//3656 
f 3656//3656 3657//3657 3656//3656 
f 3656//3656 3657//3657 3657//3657 
f 3657//3657 3658//3658 3657//3657 
f 3657//3657 3658//3658 3659//3659 
f 3658//3658 3660//3660 3659//3659 
f 3659//3659 3660//3660 3660//3660 
f 3660//3660 3661//3661 3660//3660 
f 3660//3660 3661//3661 3661//3661 
f 3661//3661 3662//3662 3661//3661 
f 3661//3661 3662//3662 3663//3663 
f 3662//3662 3664//3664 3663//3663 
f 3663//3663 3664//3664 3664//3664 
f 3664//3664 3665//3665 3664//3664 
f 3664//3664 3665//3665 3665//3665 
f 3665//3665 3666//3666 3665//3665 
f 3665//3665 3666//3666 3667//3667 
f 3666//3666 3668//3668 3667//3667 
f 3667//3667 3668//3668 3668//3668 
f 3668//3668 3669//3669 3668//3668 
f 3668//3668 3669//3669 3669//3669 
f 3669//3669 3670//3670 3669//3669 
f 3669//3669 3670//3670 3671//3671 
f 3670//3670 3672//3672 3671//3671 
f 3671//3671 3672//3672 3672//3672 
f 3672//3672 3673//3673 3672//3672 
f 3672//3672 3673//3673 3673//3673 
f 3673//3673 3674//3674 3673//3673 
f 3673//3673 3674//3674 3675//3675 
f 3674//3674 3676//3676 3675//3675 
f 3675//3675 3676//3676 3676//3676 
f 3676//3676 3677//3677 3676//3676 
f 3676//3676 3677//3677 3677//3677 
f 3677//3677 3678//3678 3677//3677 
f 3677//3677 3678//3678 3679//3679 
f 3678//3678 3680//3680 3679//3679 
f 3679//3679 3680//3680 3680//3680 
f 3680//3680 3681//3681 3680//3680 
f 3680//3680 3681//3681 3681//3681 
f 3681//3681 3682//3682 3681//3681 
f 3681//3681 3682//3682 3683//3683 
f 3682//3682 3684//3684 3683//3683 
f 3683//3683 3684//3684 3684//3684 
f 3684//3684 3685//3685 3684//3684 
f 3684//3684 3685//3685 3685//3685 
f 3685//3685 3686//3686 3685//3685 
f 3685//3685 3686//3686 3687//3687 
f 3686//3686 3688//3688 3687//3687 
f 3687//3687 3688//3688 3688//3688 
f 3688//3688 3689//3689 3688//3688 
f 3688//3688 3689//3689 3689//3689 
f 3689//3689 3690//3690 3689//3689 
f 3689//3689 3690//3690 3691//3691 
f 3690//3690 3692//3692 3691//3691 
f 3691//3691 3692//3692 3692//3692 
f 3692//3692 3693//3693 3692//3692 
f 3692//3692 3693//3693 3693//3693 
f 3693//3693 3694//3694 3693//3693 
f 3693//3693 3694//3694 3695//3695 
f 3694//3694 3696//3696 3695//3695 
f 3695//3695 3696//3696 3696//3696 
f 3696//3696 3697//3697 3696//3696 
f 3696//3696 3697//3697 3697//3697 
f 3697//3697 3698//3698 3697//3697 
f 3697//3697 3698//3698 3699//3699 
f 3698//3698 3700//3700 3699//3699 
f 3699//3699 3700//3700 3700//3700 
f 3700//3700 3701//3701 3700//3700 
f 3700//3700 3701//3701 3701//3701 
f 3701//3701 3702//3702 3701//3701 
f 3701//3701 3702//3702 3703//3703 
f 3702//3702 3704//3704 3703//3703 
f 3703//3703 3704//3704 3704//3704 
f 3704//3704 3705//3705 3704//3704 
f 3704//3704 3705//3705 3705//3705 
f 3705//3705 3706//3706 3705//3705 
f 3705//3705 3706//3706 3707//3707 
f 3706//3706 3708//3708 3707//3707 
f 3707//3707 3708//3708 3708//3708 
f 3708//3708 3709//3709 3708//3708 
f 3708//3708 3709//3709 3709//3709 
f 3709//3709 3710//3710 3709//3709 
f 3709//3709 3710//3710 3711//3711 
f 3710//3710 3712//3712 3711//3711 
f 3711//3711 3712//3712 3712//3712 
f 3712//3712 3713//3713 3712//3712 
f 3712//3712 3713//3713 3713//3713 
f 3713//3713 3714//3714 3713//3713 
f 3713//3713 3714//3714 3715//3715 
f 3714//3714 3716//3716 3715//3715 
f 3715//3715 3716//3716 3716//3716 
f 3716//3716 3717//3717 3716//3716 
f 3716//3716 3717//3717 3717//3717 
f 3717//3717 3718//3718 3717//3717 
f 3717//3717 3718//3718 3719//3719 
f 3718//3718 3720//3720 3719//3719 
f 3719//3719 3720//3720 3720//3720 
f 3720//3720 3721//3721 3720//3720 
f 3720//3720 3721//3721 3721//3721 
f 3721//3721 3722//3722 3721//3721 
f 3721//3721 3722//3722 3723//3723 
f 3722//3722 3724//3724 3723//3723 
f 3723//3723 3724//3724 3724//3724 
f 3724//3724 3725//3725 3724//3724 
f 3724//3724 3725//3725 3725//3725 
f 3725//3725 3726//3726 3725//3725 
f 3725//3725 3726//3726 3727//3727 
f 3726//3726 3728//3728 3727//3727 
f 3727//3727 3728//3728 3728//3728 
f 3728//3728 3729//3729 3728//3728 
f 3728//3728 3729//3729 3729//3729 
f 3729//3729 3730//3730 3729//3729 
f 3729//3729 3730//3730 3731//3731 
f 3730//3730 3732//3732 3731//3731 
f 3731//3731 3732//3732 3732//3732 
f 3732//3732 3733//3733 3732//3732 
f 3732//3732 3733//3733 3733//3733 
f 3733//3733 3734//3734 3733//3733 
f 3733//3733 3734//3734 3735//3735 
f 3734//3734 3736//3736 3735//3735 
f 3735//3735 3736//3736 3736//3736 
f 3736//3736 3737//3737 3736//3736 
f 3736//3736 3737//3737 3737//3737 
f 3737//3737 3738//3738 3737//3737 
f 3737//3737 3738//3738 3739//3739 
f 3738//3738 3740//3740 3739//3739 
f 3739//3739 3740//3740 3740//3740 
f 3740//3740 3741//3741 3740//3740 
f 3740//3740 3741//3741 3741//3741 
f 3741//3741 3742//3742 3741//3741 
f 3741//3741 3742//3742 3743//3743 
f 3742//3742 3744//3744 3743//3743 
f 3743//3743 3744//3744 3744//3744 
f 3744//3744 3745//3745 3744//3744 
f 3744//3744 3745//3745 3745//3745 
f 3745//3745 3746//3746 3745//3745 
f 3745//3745 3746//3746 3747//3747 
f 3746//3746 3748//3748 3747//3747 
f 3747//3747 3748//3748 3748//3748 
f 3748//3748 3749//3749 3748//3748 
f 3748//3748 3749//3749 3749//3749 
f 3749//3749 3750//3750 3749//3749 
f 3749//3749 3750//3750 3751//3751 
f 3750//3750 3752//3752 3751//3751 
f 3751//3751 3752//3752 3752//3752 
f 3752//3752 3753//3753 3752//3752 
f 3752//3752 3753//3753 3753//3753 
f 3753//3753 3754//3754 3753//3753 
f 3753//3753 3754//3754 3755//3755 
f 3754//3754 3756//3756 3755//3755 
f 3755//3755 3756//3756 3756//3756 
f 3756//3756 3757//3757 3756//3756 
f 3756//3756 3757//3757 3757//3757 
f 3757//3757 3758//3758 3757//3757 
f 3757//3757 3758//3758 3759//3759 
f 3758//3758 3760//3760 3759//3759 
f 3759//3759 3760//3760 3760//3760 
f 3760//3760 3761//3761 3760//3760 
f 3760//3760 3761//3761 3761//3761 
f 3761//3761 3762//3762 3761//3761 
f 3761//3761 3762//3762 3763//3763 
f 3762//3762 3764//3764 3763//3763 
f 3763//3763 3764//3764 3764//3764 
f 3764//3764 3765//3765 3764//3764 
f 3764//3764 3765//3765 3765//3765 
f 3765//3765 3766//3766 3765//3765 
f 3765//3765 3766//3766 3767//3767 
f 3766//3766 3768//3768 3767//3767 
f 3767//3767 3768//3768 3768//3768 
f 3768//3768 3769//3769 3768//3768 
f 3768//3768 3769//3769 3769//3769 
f 3769//3769 3770//3770 3769//3769 
f 3769//3769 3770//3770 3771//3771 
f 3770//3770 3772//3772 3771//3771 
f 3771//3771 3772//3772 3772//3772 
f 3772//3772 3773//3773 3772//3772 
f 3772//3772 3773//3773 3773//3773 
f 3773//3773 3774//3774 3773//3773 
f 3773//3773 3774//3774 3775//3775 
f 3774//3774 3776//3776 3775//3775 
f 3775//3775 3776//3776 3776//3776 
f 3776//3776 3777//3777 3776//3776 
f 3776//3776 3777//3777 3777//3777 
f 3777//3777 3778//3778 3777//3777 
f 3777//3777 3778//3778 3779//3779 
f 3778//3778 3780//3780 3779//3779 
f 3779//3779 3780//3780 3780//3780 
f 3780//3780 3781//3781 3780//3780 
f 3780//3780 3781//3781 3781//3781 
f 3781//3781 3782//3782 3781//3781 
f 3781//3781 3782//3782 3783//3783 
f 3782//3782 3784//3784 3783//3783 
f 3783//3783 3784//3784 3784//3784 
f 3784//3784 3785//3785 3784//3784 
f 3784//3784 3785//3785 3785//3785 
f 3785//3785 3786//3786 3785//3785 
f 3785//3785 3786//3786 3787//3787 
f 3786//3786 3788//3788 3787//3787 
f 3787//3787 3788//3788 3788//3788 
f 3788//3788 3789//3789 3788//3788 
f 3788//3788 3789//3789 3789//3789 
f 3789//3789 3790//3790 3789//3789 
f 3789//3789 3790//3790 3791//3791 
f 3790//3790 3792//3792 3791//3791 
f 3791//3791 3792//3792 3792//3792 
f 3792//3792 3793//3793 3792//3792 
f 3792//3792 3793//3793 3793//3793 
f 3793//3793 3794//3794 3793//3793 
f 3793//3793 3794//3794 3795//3795 
f 3794//3794 3796//3796 3795//3795 
f 3795//3795 3796//3796 3796//3796 
f 3796//3796 3797//3797 3796//3796 
f 3796//3796 3797//3797 3797//3797 
f 3797//3797 3798//3798 3797//3797 
f 3797//3797 3798//3798 3799//3799 
f 3798//3798 3800//3800 3799//3799 
f 3799//3799 3800//3800 3800//3800 
f 3800//3800 3801//3801 3800//3800 
f 3800//3800 3801//3801 3801//3801 
f 3801//3801 3802//3802 3801//3801 
f 3801//3801 3802//3802 3803//3803 
f 3802//3802 3804//3804 3803//3803 
f 3803//3803 3804//3804 3804//3804 
f 3804//3804 3805//3805 3804//3804 
f 3804//3804 3805//3805 3805//3805 
f 3805//3805 3806//3806 3805//3805 
f 3805//3805 3806//3806 3807//3807 
f 3806//3806 3808//3808 3807//3807 
f 3807//3807 3808//3808 3808//3808 
f 3808//3808 3809//3809 3808//3808 
f 3808//3808 3809//3809 3809//3809 
f 3809//3809 3810//3810 3809//3809 
f 3809//3809 3810//3810 3811//3811 
f 3810//3810 3812//3812 3811//3811 
f 3811//3811 3812//3812 3812//3812 
f 3812//3812 3813//3813 3812//3812 
f 3812//3812 3813//3813 3813//3813 
f 3813//3813 3814//3814 3813//3813 
f 3813//3813 3814//3814 3815//3815 
f 3814//3814 3816//3816 3815//3815 
f 3815//3815 3816//3816 3816//3816 
f 3816//3816 3817//3817 3816//3816 
f 3816//3816 3817//3817 3817//3817 
f 3817//3817 3818//3818 3817//3817 
f 3817//3817 3818//3818 3819//3819 
f 3818//3818 3820//3820 3819//3819 
f 3819//3819 3820//3820 3820//3820 
f 3820//3820 3821//3821 3820//3820 
f 3820//3820 3821//3821 3821//3821 
f 3821//3821 3822//3822 3821//3821 
f 3821//3821 3822//3822 3823//3823 
f 3822//3822 3824//3824 3823//3823 
f 3823//3823 3824//3824 3824//3824 
f 3824//3824 3825//3825 3824//3824 
f 3824//3824 3825//3825 3825//3825 
f 3825//3825 3826//3826 3825//3825 
f 3825//3825 3826//3826 3827//3827 
f 3826//3826 3828//3828 3827//3827 
f 3827//3827 3828//3828 3828//3828 
f 3828//3828 3829//3829 3828//3828 
f 3828//3828 3829//3829 3829//3829 
f 3829//3829 3830//3830 3829//3829 
f 3829//3829 3830//3830 3831//3831 
f 3830//3830 3832//3832 3831//3831 
f 3831//3831 3832//3832 3832//3832 
f 3832//3832 3833//3833 3832//3832 
f 3832//3832 3833//3833 3833//3833 
f 3833//3833 3834//3834 3833//3833 
f 3833//3833 3834//3834 3835//3835 
f 3834//3834 3836//3836 3835//3835 
f 3835//3835 3836//3836 3836//3836 
f 3836//3836 3837//3837 3836//3836 
f 3836//3836 3837//3837 3837//3837 
f 3837//3837 3838//3838 3837//3837 
f 3837//3837 3838//3838 3839//3839 
f 3838//3838 3840//3840 3839//3839 
f 3839//3839 3840//3840 3840//3840 
f 3840//3840 3841//3841 3840//3840 
f 3840//3840 3841//3841 3841//3841 
f 3841//3841 3842//3842 3841//3841 
f 3841//3841 3842//3842 3843//3843 
f 3842//3842 3844//3844 3843//3843 
f 3843//3843 3844//3844 3844//3844 
f 3844//3844 3845//3845 3844//3844 
f 3844//3844 3845//3845 3845//3845 
f 3845//3845 3846//3846 3845//3845 
f 3845//3845 3846//3846 3847//3847 
f 3846//3846 3848//3848 3847//3847 
f 3847//3847 3848//3848 3848//3848 
f 3848//3848 3849//3849 3848//3848 
f 3848//3848 3849//3849 3849//3849 
f 3849//3849 3850//3850 3849//3849 
f 3849//3849 3850//3850 3851//3851 
f 3850//3850 3852//3852 3851//3851 
f 3851//3851 3852//3852 3852//3852 
f 3852//3852 3853//3853 3852//3852 
f 3852//3852 3853//3853 3853//3853 
f 3853//3853 3854//3854 3853//3853 
f 3853//3853 3854//3854 3855//3855 
f 3854//3854 3856//3856 3855//3855 
f 3855//3855 3856//3856 3856//3856 
f 3856//3856 3857//3857 3856//3856 
f 3856//3856 3857//3857 3857//3857 
f 3857//3857 3858//3858 3857//3857 
f 3857//3857 3858//3858 3859//3859 
f 3858//3858 3860//3860 3859//3859 
f 3859//3859 3860//3860 3860//3860 
f 3860//3860 3861//3861 3860//3860 
f 3860//3860 3861//3861 3861//3861 
f 3861//3861 3862//3862 3861//3861 
f 3861//3861 3862//3862 3863//3863 
f 3862//3862 3864//3864 3863//3863 
f 3863//3863 3864//3864 3864//3864 
f 3864//3864 3865//3865 3864//3864 
f 3864//3864 3865//3865 3865//3865 
f 3865//3865 3866//3866 3865//3865 
f 3865//3865 3866//3866 3867//3867 
f 3866//3866 3868//3868 3867//3867 
f 3867//3867 3868//3868 3868//3868 
f 3868//3868 3869//3869 3868//3868 
f 3868//3868 3869//3869 3869//3869 
f 3869//3869 3870//3870 3869//3869 
f 3869//3869 3870//3870 3871//3871 
f 3870//3870 3872//3872 3871//3871 
f 3871//3871 3872//3872 3872//3872 
f 3872//3872 3873//3873 3872//3872 
f 3872//3872 3873//3873 3873//3873 
f 3873//3873 3874//3874 3873//3873 
f 3873//3873 3874//3874 3875//3875 
f 3874//3874 3876//3876 3875//3875 
f 3875//3875 3876//3876 3876//3876 
f 3876//3876 3877//3877 3876//3876 
f 3876//3876 3877//3877 3877//3877 
f 3877//3877 3878//3878 3877//3877 
f 3877//3877 3878//3878 3879//3879 
f 3878//3878 3880//3880 3879//3879 
f 3879//3879 3880//3880 3880//3880 
f 3880//3880 3881//3881 3880//3880 
f 3880//3880 3881//3881 3881//3881 
f 3881//3881 3882//3882 3881//3881 
f 3881//3881 3882//3882 3883//3883 
f 3882//3882 3884//3884 3883//3883 
f 3883//3883 3884//3884 3884//3884 
f 3884//3884 3885//3885 3884//3884 
f 3884//3884 3885//3885 3885//3885 
f 3885//3885 3886//3886 3885//3885 
f 3885//3885 3886//3886 3887//3887 
f 3886//3886 3888//3888 3887//3887 
f 3887//3887 3888//3888 3888//3888 
f 3888//3888 3889//3889 3888//3888 
f 3888//3888 3889//3889 3889//3889 
f 3889//3889 3890//3890 3889//3889 
f 3889//3889 3890//3890 3891//3891 
f 3890//3890 3892//3892 3891//3891 
f 3891//3891 3892//3892 3892//3892 
f 3892//3892 3893//3893 3892//3892 
f 3892//3892 3893//3893 3893//3893 
f 3893//3893 3894//3894 3893//3893 
f 3893//3893 3894//3894 3895//3895 
f 3894//3894 3896//3896 3895//3895 
f 3895//3895 3896//3896 3896//3896 
f 3896//3896 3897//3897 3896//3896 
f 3896//3896 3897//3897 3897//3897 
f 3897//3897 3898//3898 3897//3897 
f 3897//3897 3898//3898 3899//3899 
f 3898//3898 3900//3900 3899//3899 
f 3899//3899 3900//3900 3900//3900 
f 3900//3900 3901//3901 3900//3900 
f 3900//3900 3901//3901 3901//3901 
f 3901//3901 3902//3902 3901//3901 
f 3901//3901 3902//3902 3903//3903 
f 3902//3902 3904//3904 3903//3903 
f 3903//3903 3904//3904 3904//3904 
f 3904//3904 3905//3905 3904//3904 
f 3904//3904 3905//3905 3905//3905 
f 3905//3905 3906//3906 3905//3905 
f 3905//3905 3906//3906 3907//3907 
f 3906//3906 3908//3908 3907//3907 
f 3907//3907 3908//3908 3908//3908 
f 3908//3908 3909//3909 3908//3908 
f 3908//3908 3909//3909 3909//3909 
f 3909//3909 3910//3910 3909//3909 
f 3909//3909 3910//3910 3911//3911 
f 3910//3910 3912//3912 3911//3911 
f 3911//3911 3912//3912 3912//3912 
f 3912//3912 3913//3913 3912//3912 
f 3912//3912 3913//3913 3913//3913 
f 3913//3913 3914//3914 3913//3913 
f 3913//3913 3914//3914 3915//3915 
f 3914//3914 3916//3916 3915//3915 
f 3915//3915 3916//3916 3916//3916 
f 3916//3916 3917//3917 3916//3916 
f 3916//3916 3917//3917 3917//3917 
f 3917//3917 3918//3918 3917//3917 
f 3917//3917 3918//3918 3919//3919 
f 3918//3918 3920//3920 3919//3919 
f 3919//3919 3920//3920 3920//3920 
f 3920//3920 3921//3921 3920//3920 
f 3920//3920 3921//3921 3921//3921 
f 3921//3921 3922//3922 3921//3921 
f 3921//3921 3922//3922 3923//3923 
f 3922//3922 3924//3924 3923//3923 
f 3923//3923 3924//3924 3924//3924 
f 3924//3924 3925//3925 3924//3924 
f 3924//3924 3925//3925 3925//3925 
f 3925//3925 3926//3926 3925//3925 
f 3925//3925 3926//3926 3927//3927 
f 3926//3926 3928//3928 3927//3927 
f 3927//3927 3928//3928 3928//3928 
f 3928//3928 3929//3929 3928//3928 
f 3928//3928 3929//3929 3929//3929 
f 3929//3929 3930//3930 3929//3929 
f 3929//3929 3930//3930 3931//3931 
f 3930//3930 3932//3932 3931//3931 
f 3931//3931 3932//3932 3932//3932 
f 3932//3932 3933//3933 3932//3932 
f 3932//3932 3933//3933 3933//3933 
f 3933//3933 3934//3934 3933//3933 
f 3933//3933 3934//3934 3935//3935 
f 3934//3934 3936//3936 3935//3935 
f 3935//3935 3936//3936 3936//3936 
f 3936//3936 3937//3937 3936//3936 
f 3936//3936 3937//3937 3937//3937 
f 3937//3937 3938//3938 3937//3937 
f 3937//3937 3938//3938 3939//3939 
f 3938//3938 3940//3940 3939//3939 
f 3939//3939 3940//3940 3940//3940 
f 3940//3940 3941//3941 3940//3940 
f 3940//3940 3941//3941 3941//3941 
f 3941//3941 3942//3942 3941//3941 
f 3941//3941 3942//3942 3943//3943 
f 3942//3942 3944//3944 3943//3943 
f 3943//3943 3944//3944 3944//3944 
f 3944//3944 3945//3945 3944//3944 
f 3944//3944 3945//3945 3945//3945 
f 3945//3945 3946//3946 3945//3945 
f 3945//3945 3946//3946 3947//3947 
f 3946//3946 3948//3948 3947//3947 
f 3947//3947 3948//3948 3948//3948 
f 3948//3948 3949//3949 3948//3948 
f 3948//3948 3949//3949 3949//3949 
f 3949//3949 3950//3950 3949//3949 
f 3949//3949 3950//3950 3951//3951 
f 3950//3950 3952//3952 3951//3951 
f 3951//3951 3952//3952 3952//3952 
f 3952//3952 3953//3953 3952//3952 
f 3952//3952 3953//3953 3953//3953 
f 3953//3953 3954//3954 3953//3953 
f 3953//3953 3954//3954 3955//3955 
f 3954//3954 3956//3956 3955//3955 
f 3955//3955 3956//3956 3956//3956 
f 3956//3956 3957//3957 3956//3956 
f 3956//3956 3957//3957 3957//3957 
f 3957//3957 3958//3958 3957//3957 
f 3957//3957 3958//3958 3959//3959 
f 3958//3958 3960//3960 3959//3959 
f 3959//3959 3960//3960 3960//3960 
f 3960//3960 3961//3961 3960//3960 
f 3960//3960 3961//3961 3961//3961 
f 3961//3961 3962//3962 3961//3961 
f 3961//3961 3962//3962 3963//3963 
f 3962//3962 3964//3964 3963//3963 
f 3963//3963 3964//3964 3964//3964 
f 3964//3964 3965//3965 3964//3964 
f 3964//3964 3965//3965 3965//3965 
f 3965//3965 3966//3966 3965//3965 
f 3965//3965 3966//3966 3967//3967 
f 3966//3966 3968//3968 3967//3967 
f 3967//3967 3968//3968 3968//3968 
f 3968//3968 3969//3969 3968//3968 
f 3968//3968 3969//3969 3969//3969 
f 3969//3969 3970//3970 3969//3969 
f 3969//3969 3970//3970 3971//3971 
f 3970//3970 3972//3972 3971//3971 
f 3971//3971 3972//3972 3972//3972 
f 3972//3972 3973//3973 3972//3972 
f 3972//3972 3973//3973 3973//3973 
f 3973//3973 3974//3974 3973//3973 
f 3973//3973 3974//3974 3975//3975 
f 3974//3974 3976//3976 3975//3975 
f 3975//3975 3976//3976 3976//3976 
f 3976//3976 3977//3977 3976//3976 
f 3976//3976 3977//3977 3977//3977 
f 3977//3977 3978//3978 3977//3977 
f 3977//3977 3978//3978 3979//3979 
f 3978//3978 3980//3980 3979//3979 
f 3979//3979 3980//3980 3980//3980 
f 3980//3980 3981//3981 3980//3980 
f 3980//3980 3981//3981 3981//3981 
f 3981//3981 3982//3982 3981//3981 
f 3981//3981 3982//3982 3983//3983 
f 3982//3982 3984//3984 3983//3983 
f 3983//3983 3984//3984 3984//3984 
f 3984//3984 3985//3985 3984//3984 
f 3984//3984 3985//3985 3985//3985 
f 3985//3985 3986//3986 3985//3985 
f 3985//3985 3986//3986 3987//3987 
f 3986//3986 3988//3988 3987//3987 
f 3987//3987 3988//3988 3988//3988 
f 3988//3988 3989//3989 3988//3988 
f 3988//3988 3989//3989 3989//3989 
f 3989//3989 3990//3990 3989//3989 
f 3989//3989 3990//3990 3991//3991 
f 3990//3990 3992//3992 3991//3991 
f 3991//3991 3992//3992 3992//3992 
f 3992//3992 3993//3993 3992//3992 
f 3992//3992 3993//3993 3993//3993 
f 3993//3993 3994//3994 3993//3993 
f 3993//3993 3994//3994 3995//3995 
f 3994//3994 3996//3996 3995//3995 
f 3995//3995 3996//3996 3996//3996 
f 3996//3996 3997//3997 3996//3996 
f 3996//3996 3997//3997 3997//3997 
f 3997//3997 3998//3998 3997//3997 
f 3997//3997 3998//3998 3999//3999 
f 3998//3998 4000//4000 3999//3999 
f 3999//3999 4000//4000 4000//4000 
f 4000//4000 4001//4001 4000//4000 
f 4000//4000 4001//4001 4001//4001 
f 4001//4001 4002//4002 4001//4001 
f 4001//4001 4002//4002 4003//4003 
f 4002//4002 4004//4004 4003//4003 
f 4003//4003 4004//4004 4004//4004 
f 4004//4004 4005//4005 4004//4004 
f 4004//4004 4005//4005 4005//4005 
f 4005//4005 4006//4006 4005//4005 
f 4005//4005 4006//4006 4007//4007 
f 4006//4006 4008//4008 4007//4007 
f 4007//4007 4008//4008 4008//4008 
f 4008//4008 4009//4009 4008//4008 
f 4008//4008 4009//4009 4009//4009 
f 4009//4009 4010//4010 4009//4009 
f 4009//4009 4010//4010 4011//4011 
f 4010//4010 4012//4012 4011//4011 
f 4011//4011 4012//4012 4012//4012 
f 4012//4012 4013//4013 4012//4012 
f 4012//4012 4013//4013 4013//4013 
f 4013//4013 4014//4014 4013//4013 
f 4013//4013 4014//4014 4015//4015 
f 4014//4014 4016//4016 4015//4015 
f 4015//4015 4016//4016 4016//4016 
f 4016//4016 4017//4017 4016//4016 
f 4016//4016 4017//4017 4017//4017 
f 4017//4017 4018//4018 4017//4017 
f 4017//4017 4018//4018 4019//4019 
f 4018//4018 4020//4020 4019//4019 
f 4019//4019 4020//4020 4020//4020 
f 4020//4020 4021//4021 4020//4020 
f 4020//4020 4021//4021 4021//4021 
f 4021//4021 4022//4022 4021//4021 
f 4021//4021 4022//4022 4023//4023 
f 4022//4022 4024//4024 4023//4023 
f 4023//4023 4024//4024 4024//4024 
f 4024//4024 4025//4025 4024//4024 
f 4024//4024 4025//4025 4025//4025 
f 4025//4025 4026//4026 4025//4025 
f 4025//4025 4026//4026 4027//4027 
f 4026//4026 4028//4028 4027//4027 
f 4027//4027 4028//4028 4028//4028 
f 4028//4028 4029//4029 4028//4028 
f 4028//4028 4029//4029 4029//4029 
f 4029//4029 4030//4030 4029//4029 
f 4029//4029 4030//4030 4031//4031 
f 4030//4030 4032//4032 4031//4031 
f 4031//4031 4032//4032 4032//4032 
f 4032//4032 4033//4033 4032//4032 
f 4032//4032 4033//4033 4033//4033 
f 4033//4033 4034//4034 4033//4033 
f 4033//4033 4034//4034 4035//4035 
f 4034//4034 4036//4036 4035//4035 
f 4035//4035 4036//4036 4036//4036 
f 4036//4036 4037//4037 4036//4036 
f 4036//4036 4037//4037 4037//4037 
f 4037//4037 4038//4038 4037//4037 
f 4037//4037 4038//4038 4039//4039 
f 4038//4038 4040//4040 4039//4039 
f 4039//4039 4040//4040 4040//4040 
f 4040//4040 4041//4041 4040//4040 
f 4040//4040 4041//4041 4041//4041 
f 4041//4041 4042//4042 4041//4041 
f 4041//4041 4042//4042 4043//4043 
f 4042//4042 4044//4044 4043//4043 
f 4043//4043 4044//4044 4044//4044 
f 4044//4044 4045//4045 4044//4044 
f 4044//4044 4045//4045 4045//4045 
f 4045//4045 4046//4046 4045//4045 
f 4045//4045 4046//4046 4047//4047 
f 4046//4046 4048//4048 4047//4047 
f 4047//4047 4048//4048 4048//4048 
f 4048//4048 4049//4049 4048//4048 
f 4048//4048 4049//4049 4049//4049 
f 4049//4049 4050//4050 4049//4049 
f 4049//4049 4050//4050 4051//4051 
f 4050//4050 4052//4052 4051//4051 
f 4051//4051 4052//4052 4052//4052 
f 4052//4052 4053//4053 4052//4052 
f 4052//4052 4053//4053 4053//4053 
f 4053//4053 4054//4054 4053//4053 
f 4053//4053 4054//4054 4055//4055 
f 4054//4054 4056//4056 4055//4055 
f 4055//4055 4056//4056 4056//4056 
f 4056//4056 4057//4057 4056//4056 
f 4056//4056 4057//4057 4057//4057 
f 4057//4057 4058//4058 4057//4057 
f 4057//4057 4058//4058 4059//4059 
f 4058//4058 4060//4060 4059//4059 
f 4059//4059 4060//4060 4060//4060 
f 4060//4060 4061//4061 4060//4060 
f 4060//4060 4061//4061 4061//4061 
f 4061//4061 4062//4062 4061//4061 
f 4061//4061 4062//4062 4063//4063 
f 4062//4062 4064//4064 4063//4063 
f 4063//4063 4064//4064 4064//4064 
f 4064//4064 4065//4065 4064//4064 
f 4064//4064 4065//4065 4065//4065 
f 4065//4065 4066//4066 4065//4065 
f 4065//4065 4066//4066 4067//4067 
f 4066//4066 4068//4068 4067//4067 
f 4067//4067 4068//4068 4068//4068 
f 4068//4068 4069//4069 4068//4068 
f 4068//4068 4069//4069 4069//4069 
f 4069//4069 4070//4070 4069//4069 
f 4069//4069 4070//4070 4071//4071 
f 4070//4070 4072//4072 4071//4071 
f 4071//4071 4072//4072 4072//4072 
f 4072//4072 4073//4073 4072//4072 
f 4072//4072 4073//4073 4073//4073 
f 4073//4073 4074//4074 4073//4073 
f 4073//4073 4074//4074 4075//4075 
f 4074//4074 4076//4076 4075//4075 
f 4075//4075 4076//4076 4076//4076 
f 4076//4076 4077//4077 4076//4076 
f 4076//4076 4077//4077 4077//4077 
f 4077//4077 4078//4078 4077//4077 
f 4077//4077 4078//4078 4079//4079 
f 4078//4078 4080//4080 4079//4079 
f 4079//4079 4080//4080 4080//4080 
f 4080//4080 4081//4081 4080//4080 
f 4080//4080 4081//4081 4081//4081 
f 4081//4081 4082//4082 4081//4081 
f 4081//4081 4082//4082 4083//4083 
f 4082//4082 4084//4084 4083//4083 
f 4083//4083 4084//4084 4084//4084 
f 4084//4084 4085//4085 4084//4084 
f 4084//4084 4085//4085 4085//4085 
f 4085//4085 4086//4086 4085//4085 
f 4085//4085 4086//4086 4087//4087 
f 4086//4086 4088//4088 4087//4087 
f 4087//4087 4088//4088 4088//4088 
f 4088//4088 4089//4089 4088//4088 
f 4088//4088 4089//4089 4089//4089 
f 4089//4089 4090//4090 4089//4089 
f 4089//4089 4090//4090 4091//4091 
f 4090//4090 4092//4092 4091//4091 
f 4091//4091 4092//4092 4092//4092 
f 4092//4092 4093//4093 4092//4092 
f 4092//4092 4093//4093 4093//4093 
f 4093//4093 4094//4094 4093//4093 
f 4093//4093 4094//4094 4095//4095 
f 4094//4094 4096//4096 4095//4095 
f 4095//4095 4096//4096 4096//4096 
f 4096//4096 4097//4097 4096//4096 
f 4096//4096 4097//4097 4097//4097 
f 4097//4097 4098//4098 4097//4097 
f 4097//4097 4098//4098 4099//4099 
f 4098//4098 4100//4100 4099//4099 
f 4099//4099 4100//4100 4100//4100 
f 4100//4100 4101//4101 4100//4100 
f 4100//4100 4101//4101 4101//4101 
f 4101//4101 4102//4102 4101//4101 
f 4101//4101 4102//4102 4103//4103 
f 4102//4102 4104//4104 4103//4103 
f 4103//4103 4104//4104 4104//4104 
f 4104//4104 4105//4105 4104//4104 
f 4104//4104 4105//4105 4105//4105 
f 4105//4105 4106//4106 4105//4105 
f 4105//4105 4106//4106 4107//4107 
f 4106//4106 4108//4108 4107//4107 
f 4107//4107 4108//4108 4108//4108 
f 4108//4108 4109//4109 4108//4108 
f 4108//4108 4109//4109 4109//4109 
f 4109//4109 4110//4110 4109//4109 
f 4109//4109 4110//4110 4111//4111 
f 4110//4110 4112//4112 4111//4111 
f 4111//4111 4112//4112 4112//4112 
f 4112//4112 4113//4113 4112//4112 
f 4112//4112 4113//4113 4113//4113 
f 4113//4113 4114//4114 4113//4113 
f 4113//4113 4114//4114 4115//4115 
f 4114//4114 4116//4116 4115//4115 
f 4115//4115 4116//4116 4116//4116 
f 4116//4116 4117//4117 4116//4116 
f 4116//4116 4117//4117 4117//4117 
f 4117//4117 4118//4118 4117//4117 
f 4117//4117 4118//4118 4119//4119 
f 4118//4118 4120//4120 4119//4119 
f 4119//4119 4120//4120 4120//4120 
f 4120//4120 4121//4121 4120//4120 
f 4120//4120 4121//4121 4121//4121 
f 4121//4121 4122//4122 4121//4121 
f 4121//4121 4122//4122 4123//4123 
f 4122//4122 4124//4124 4123//4123 
f 4123//4123 4124//4124 4124//4124 
f 4124//4124 4125//4125 4124//4124 
f 4124//4124 4125//4125 4125//4125 
f 4125//4125 4126//4126 4125//4125 
f 4125//4125 4126//4126 4127//4127 
f 4126//4126 4128//4128 4127//4127 
f 4127//4127 4128//4128 4128//4128 
f 4128//4128 4129//4129 4128//4128 
f 4128//4128 4129//4129 4129//4129 
f 4129//4129 4130//4130 4129//4129 
f 4129//4129 4130//4130 4131//4131 
f 4130//4130 4132//4132 4131//4131 
f 4131//4131 4132//4132 4132//4132 
f 4132//4132 4133//4133 4132//4132 
f 4132//4132 4133//4133 4133//4133 
f 4133//4133 4134//4134 4133//4133 
f 4133//4133 4134//4134 4135//4135 
f 4134//4134 4136//4136 4135//4135 
f 4135//4135 4136//4136 4136//4136 
f 4136//4136 4137//4137 4136//4136 
f 4136//4136 4137//4137 4137//4137 
f 4137//4137 4138//4138 4137//4137 
f 4137//4137 4138//4138 4139//4139 
f 4138//4138 4140//4140 4139//4139 
f 4139//4139 4140//4140 4140//4140 
f 4140//4140 4141//4141 4140//4140 
f 4140//4140 4141//4141 4141//4141 
f 4141//4141 4142//4142 4141//4141 
f 4141//4141 4142//4142 4143//4143 
f 4142//4142 4144//4144 4143//4143 
f 4143//4143 4144//4144 4144//4144 
f 4144//4144 4145//4145 4144//4144 
f 4144//4144 4145//4145 4145//4145 
f 4145//4145 4146//4146 4145//4145 
f 4145//4145 4146//4146 4147//4147 
f 4146//4146 4148//4148 4147//4147 
f 4147//4147 4148//4148 4148//4148 
f 4148//4148 4149//4149 4148//4148 
f 4148//4148 4149//4149 4149//4149 
f 4149//4149 4150//4150 4149//4149 
f 4149//4149 4150//4150 4151//4151 
f 4150//4150 4152//4152 4151//4151 
f 4151//4151 4152//4152 4152//4152 
f 4152//4152 4153//4153 4152//4152 
f 4152//4152 4153//4153 4153//4153 
f 4153//4153 4154//4154 4153//4153 
f 4153//4153 4154//4154 4155//4155 
f 4154//4154 4156//4156 4155//4155 
f 4155//4155 4156//4156 4156//4156 
f 4156//4156 4157//4157 4156//4156 
f 4156//4156 4157//4157 4157//4157 
f 4157//4157 4158//4158 4157//4157 
f 4157//4157 4158//4158 4159//4159 
f 4158//4158 4160//4160 4159//4159 
f 4159//4159 4160//4160 4160//4160 
f 4160//4160 4161//4161 4160//4160 
f 4160//4160 4161//4161 4161//4161 
f 4161//4161 4162//4162 4161//4161 
f 4161//4161 4162//4162 4163//4163 
f 4162//4162 4164//4164 4163//4163 
f 4163//4163 4164//4164 4164//4164 
f 4164//4164 4165//4165 4164//4164 
f 4164//4164 4165//4165 4165//4165 
f 4165//4165 4166//4166 4165//4165 
f 4165//4165 4166//4166 4167//4167 
f 4166//4166 4168//4168 4167//4167 
f 4167//4167 4168//4168 4168//4168 
f 4168//4168 4169//4169 4168//4168 
f 4168//4168 4169//4169 4169//4169 
f 4169//4169 4170//4170 4169//4169 
f 4169//4169 4170//4170 4171//4171 
f 4170//4170 4172//4172 4171//4171 
f 4171//4171 4172//4172 4172//4172 
f 4172//4172 4173//4173 4172//4172 
f 4172//4172 4173//4173 4173//4173 
f 4173//4173 4174//4174 4173//4173 
f 4173//4173 4174//4174 4175//4175 
f 4174//4174 4176//4176 4175//4175 
f 4175//4175 4176//4176 4176//4176 
f 4176//4176 4177//4177 4176//4176 
f 4176//4176 4177//4177 4177//4177 
f 4177//4177 4178//4178 4177//4177 
f 4177//4177 4178//4178 4179//4179 
f 4178//4178 4180//4180 4179//4179 
f 4179//4179 4180//4180 4180//4180 
f 4180//4180 4181//4181 4180//4180 
f 4180//4180 4181//4181 4181//4181 
f 4181//4181 4182//4182 4181//4181 
f 4181//4181 4182//4182 4183//4183 
f 4182//4182 4184//4184 4183//4183 
f 4183//4183 4184//4184 4184//4184 
f 4184//4184 4185//4185 4184//4184 
f 4184//4184 4185//4185 4185//4185 
f 4185//4185 4186//4186 4185//4185 
f 4185//4185 4186//4186 4187//4187 
f 4186//4186 4188//4188 4187//4187 
f 4187//4187 4188//4188 4188//4188 
f 4188//4188 4189//4189 4188//4188 
f 4188//4188 4189//4189 4189//4189 
f 4189//4189 4190//4190 4189//4189 
f 4189//4189 4190//4190 4191//4191 
f 4190//4190 4192//4192 4191//4191 
f 4191//4191 4192//4192 4192//4192 
f 4192//4192 4193//4193 4192//4192 
f 4192//4192 4193//4193 4193//4193 
f 4193//4193 4194//4194 4193//4193 
f 4193//4193 4194//4194 4195//4195 
f 4194//4194 4196//4196 4195//4195 
f 4195//4195 4196//4196 4196//4196 
f 4196//4196 4197//4197 4196//4196 
f 4196//4196 4197//4197 4197//4197 
f 4197//4197 4198//4198 4197//4197 
f 4197//4197 4198//4198 4199//4199 
f 4198//4198 4200//4200 4199//4199 
f 4199//4199 4200//4200 4200//4200 
f 4200//4200 4201//4201 4200//4200 
f 4200//4200 4201//4201 4201//4201 
f 4201//4201 4202//4202 4201//4201 
f 4201//4201 4202//4202 4203//4203 
f 4202//4202 4204//4204 4203//4203 
f 4203//4203 4204//4204 4204//4204 
f 4204//4204 4205//4205 4204//4204 
f 4204//4204 4205//4205 4205//4205 
f 4205//4205 4206//4206 4205//4205 
f 4205//4205 4206//4206 4207//4207 
f 4206//4206 4208//4208 4207//4207 
f 4207//4207 4208//4208 4208//4208 
f 4208//4208 4209//4209 4208//4208 
f 4208//4208 4209//4209 4209//4209 
f 4209//4209 4210//4210 4209//4209 
f 4209//4209 4210//4210 4211//4211 
f 4210//4210 4212//4212 4211//4211 
f 4211//4211 4212//4212 4212//4212 
f 4212//4212 4213//4213 4212//4212 
f 4212//4212 4213//4213 4213//4213 
f 4213//4213 4214//4214 4213//4213 
f 4213//4213 4214//4214 4215//4215 
f 4214//4214 4216//4216 4215//4215 
f 4215//4215 4216//4216 4216//4216 
f 4216//4216 4217//4217 4216//4216 
f 4216//4216 4217//4217 4217//4217 
f 4217//4217 4218//4218 4217//4217 
f 4217//4217 4218//4218 4219//4219 
f 4218//4218 4220//4220 4219//4219 
f 4219//4219 4220//4220 4220//4220 
f 4220//4220 4221//4221 4220//4220 
f 4220//4220 4221//4221 4221//4221 
f 4221//4221 4222//4222 4221//4221 
f 4221//4221 4222//4222 4223//4223 
f 4222//4222 4224//4224 4223//4223 
f 4223//4223 4224//4224 4224//4224 
f 4224//4224 4225//4225 4224//4224 
f 4224//4224 4225//4225 4225//4225 
f 4225//4225 4226//4226 4225//4225 
f 4225//4225 4226//4226 4227//4227 
f 4226//4226 4228//4228 4227//4227 
f 4227//4227 4228//4228 4228//4228 
f 4228//4228 4229//4229 4228//4228 
f 4228//4228 4229//4229 4229//4229 
f 4229//4229 4230//4230 4229//4229 
f 4229//4229 4230//4230 4231//4231 
f 4230//4230 4232//4232 4231//4231 
f 4231//4231 4232//4232 4232//4232 
f 4232//4232 4233//4233 4232//4232 
f 4232//4232 4233//4233 4233//4233 
f 4233//4233 4234//4234 4233//4233 
f 4233//4233 4234//4234 4235//4235 
f 4234//4234 4236//4236 4235//4235 
f 4235//4235 4236//4236 4236//4236 
f 4236//4236 4237//4237 4236//4236 
f 4236//4236 4237//4237 4237//4237 
f 4237//4237 4238//4238 4237//4237 
f 4237//4237 4238//4238 4239//4239 
f 4238//4238 4240//4240 4239//4239 
f 4239//4239 4240//4240 4240//4240 
f 4240//4240 4241//4241 4240//4240 
f 4240//4240 4241//4241 4241//4241 
f 4241//4241 4242//4242 4241//4241 
f 4241//4241 4242//4242 4243//4243 
f 4242//4242 4244//4244 4243//4243 
f 4243//4243 4244//4244 4244//4244 
f 4244//4244 4245//4245 4244//4244 
f 4244//4244 4245//4245 4245//4245 
f 4245//4245 4246//4246 4245//4245 
f 4245//4245 4246//4246 4247//4247 
f 4246//4246 4248//4248 4247//4247 
f 4247//4247 4248//4248 4248//4248 
f 4248//4248 4249//4249 4248//4248 
f 4248//4248 4249//4249 4249//4249 
f 4249//4249 4250//4250 4249//4249 
f 4249//4249 4250//4250 4251//4251 
f 4250//4250 4252//4252 4251//4251 
f 4251//4251 4252//4252 4252//4252 
f 4252//4252 4253//4253 4252//4252 
f 4252//4252 4253//4253 4253//4253 
f 4253//4253 4254//4254 4253//4253 
f 4253//4253 4254//4254 4255//4255 
f 4254//4254 4256//4256 4255//4255 
f 4255//4255 4256//4256 4256//4256 
f 4256//4256 4257//4257 4256//4256 
f 4256//4256 4257//4257 4257//4257 
f 4257//4257 4258//4258 4257//4257 
f 4257//4257 4258//4258 4259//4259 
f 4258//4258 4260//4260 4259//4259 
f 4259//4259 4260//4260 4260//4260 
f 4260//4260 4261//4261 4260//4260 
f 4260//4260 4261//4261 4261//4261 
f 4261//4261 4262//4262 4261//4261 
f 4261//4261 4262//4262 4263//4263 
f 4262//4262 4264//4264 4263//4263 
f 4263//4263 4264//4264 4264//4264 
f 4264//4264 4265//4265 4264//4264 
f 4264//4264 4265//4265 4265//4265 
f 4265//4265 4266//4266 4265//4265 
f 4265//4265 4266//4266 4267//4267 
f 4266//4266 4268//4268 4267//4267 
f 4267//4267 4268//4268 4268//4268 
f 4268//4268 4269//4269 4268//4268 
f 4268//4268 4269//4269 4269//4269 
f 4269//4269 4270//4270 4269//4269 
f 4269//4269 4270//4270 4271//4271 
f 4270//4270 4272//4272 4271//4271 
f 4271//4271 4272//4272 4272//4272 
f 4272//4272 4273//4273 4272//4272 
f 4272//4272 4273//4273 4273//4273 
f 4273//4273 4274//4274 4273//4273 
f 4273//4273 4274//4274 4275//4275 
f 4274//4274 4276//4276 4275//4275 
f 4275//4275 4276//4276 4276//4276 
f 4276//4276 4277//4277 4276//4276 
f 4276//4276 4277//4277 4277//4277 
f 4277//4277 4278//4278 4277//4277 
f 4277//4277 4278//4278 4279//4279 
f 4278//4278 4280//4280 4279//4279 
f 4279//4279 4280//4280 4280//4280 
f 4280//4280 4281//4281 4280//4280 
f 4280//4280 4281//4281 4281//4281 
f 4281//4281 4282//4282 4281//4281 
f 4281//4281 4282//4282 4283//4283 
f 4282//4282 4284//4284 4283//4283 
f 4283//4283 4284//4284 4284//4284 
f 4284//4284 4285//4285 4284//4284 
f 4284//4284 4285//4285 4285//4285 
f 4285//4285 4286//4286 4285//4285 
f 4285//4285 4286//4286 4287//4287 
f 4286//4286 4288//4288 4287//4287 
f 4287//4287 4288//4288 4288//4288 
f 4288//4288 4289//4289 4288//4288 
f 4288//4288 4289//4289 4289//4289 
f 4289//4289 4290//4290 4289//4289 
f 4289//4289 4290//4290 4291//4291 
f 4290//4290 4292//4292 4291//4291 
f 4291//4291 4292//4292 4292//4292 
f 4292//4292 4293//4293 4292//4292 
f 4292//4292 4293//4293 4293//4293 
f 4293//4293 4294//4294 4293//4293 
f 4293//4293 4294//4294 4295//4295 
f 4294//4294 4296//4296 4295//4295 
f 4295//4295 4296//4296 4296//4296 
f 4296//4296 4297//4297 4296//4296 
f 4296//4296 4297//4297 4297//4297 
f 4297//4297 4298//4298 4297//4297 
f 4297//4297 4298//4298 4299//4299 
f 4298//4298 4300//4300 4299//4299 
f 4299//4299 4300//4300 4300//4300 
f 4300//4300 4301//4301 4300//4300 
f 4300//4300 4301//4301 4301//4301 
f 4301//4301 4302//4302 4301//4301 
f 4301//4301 4302//4302 4303//4303 
f 4302//4302 4304//4304 4303//4303 
f 4303//4303 4304//4304 4304//4304 
f 4304//4304 4305//4305 4304//4304 
f 4304//4304 4305//4305 4305//4305 
f 4305//4305 4306//4306 4305//4305 
f 4305//4305 4306//4306 4307//4307 
f 4306//4306 4308//4308 4307//4307 
f 4307//4307 4308//4308 4308//4308 
f 4308//4308 4309//4309 4308//4308 
f 4308//4308 4309//4309 4309//4309 
f 4309//4309 4310//4310 4309//4309 
f 4309//4309 4310//4310 4311//4311 
f 4310//4310 4312//4312 4311//4311 
f 4311//4311 4312//4312 4312//4312 
f 4312//4312 4313//4313 4312//4312 
f 4312//4312 4313//4313 4313//4313 
f 4313//4313 4314//4314 4313//4313 
f 4313//4313 4314//4314 4315//4315 
f 4314//4314 4316//4316 4315//4315 
f 4315//4315 4316//4316 4316//4316 
f 4316//4316 4317//4317 4316//4316 
f 4316//4316 4317//4317 4317//4317 
f 4317//4317 4318//4318 4317//4317 
f 4317//4317 4318//4318 4319//4319 
f 4318//4318 4320//4320 4319//4319 
f 4319//4319 4320//4320 4320//4320 
f 4320//4320 4321//4321 4320//4320 
f 4320//4320 4321//4321 4321//4321 
f 4321//4321 4322//4322 4321//4321 
f 4321//4321 4322//4322 4323//4323 
f 4322//4322 4324//4324 4323//4323 
f 4323//4323 4324//4324 4324//4324 
f 4324//4324 4325//4325 4324//4324 
f 4324//4324 4325//4325 4325//4325 
f 4325//4325 4326//4326 4325//4325 
f 4325//4325 4326//4326 4327//4327 
f 4326//4326 4328//4328 4327//4327 
f 4327//4327 4328//4328 4328//4328 
f 4328//4328 4329//4329 4328//4328 
f 4328//4328 4329//4329 4329//4329 
f 4329//4329 4330//4330 4329//4329 
f 4329//4329 4330//4330 4331//4331 
f 4330//4330 4332//4332 4331//4331 
f 4331//4331 4332//4332 4332//4332 
f 4332//4332 4333//4333 4332//4332 
f 4332//4332 4333//4333 4333//4333 
f 4333//4333 4334//4334 4333//4333 
f 4333//4333 4334//4334 4335//4335 
f 4334//4334 4336//4336 4335//4335 
f 4335//4335 4336//4336 4336//4336 
f 4336//4336 4337//4337 4336//4336 
f 4336//4336 4337//4337 4337//4337 
f 4337//4337 4338//4338 4337//4337 
f 4337//4337 4338//4338 4339//4339 
f 4338//4338 4340//4340 4339//4339 
f 4339//4339 4340//4340 4340//4340 
f 4340//4340 4341//4341 4340//4340 
f 4340//4340 4341//4341 4341//4341 
f 4341//4341 4342//4342 4341//4341 
f 4341//4341 4342//4342 4343//4343 
f 4342//4342 4344//4344 4343//4343 
f 4343//4343 4344//4344 4344//4344 
f 4344//4344 4345//4345 4344//4344 
f 4344//4344 4345//4345 4345//4345 
f 4345//4345 4346//4346 4345//4345 
f 4345//4345 4346//4346 4347//4347 
f 4346//4346 4348//4348 4347//4347 
f 4347//4347 4348//4348 4348//4348 
f 4348//4348 4349//4349 4348//4348 
f 4348//4348 4349//4349 4349//4349 
f 4349//4349 4350//4350 4349//4349 
f 4349//4349 4350//4350 4351//4351 
f 4350//4350 4352//4352 4351//4351 
f 4351//4351 4352//4352 4352//4352 
f 4352//4352 4353//4353 4352//4352 
f 4352//4352 4353//4353 4353//4353 
f 4353//4353 4354//4354 4353//4353 
f 4353//4353 4354//4354 4355//4355 
f 4354//4354 4356//4356 4355//4355 
f 4355//4355 4356//4356 4356//4356 
f 4356//4356 4357//4357 4356//4356 
f 4356//4356 4357//4357 4357//4357 
f 4357//4357 4358//4358 4357//4357 
f 4357//4357 4358//4358 4359//4359 
f 4358//4358 4360//4360 4359//4359 
f 4359//4359 4360//4360 4360//4360 
f 4360//4360 4361//4361 4360//4360 
f 4360//4360 4361//4361 4361//4361 
f 4361//4361 4362//4362 4361//4361 
f 4361//4361 4362//4362 4363//4363 
f 4362//4362 4364//4364 4363//4363 
f 4363//4363 4364//4364 4364//4364 
f 4364//4364 4365//4365 4364//4364 
f 4364//4364 4365//4365 4365//4365 
f 4365//4365 4366//4366 4365//4365 
f 4365//4365 4366//4366 4367//4367 
f 4366//4366 4368//4368 4367//4367 
f 4367//4367 4368//4368 4368//4368 
f 4368//4368 4369//4369 4368//4368 
f 4368//4368 4369//4369 4369//4369 
f 4369//4369 4370//4370 4369//4369 
f 4369//4369 4370//4370 4371//4371 
f 4370//4370 4372//4372 4371//4371 
f 4371//4371 4372//4372 4372//4372 
f 4372//4372 4373//4373 4372//4372 
f 4372//4372 4373//4373 4373//4373 
f 4373//4373 4374//4374 4373//4373 
f 4373//4373 4374//4374 4375//4375 
f 4374//4374 4376//4376 4375//4375 
f 4375//4375 4376//4376 4376//4376 
f 4376//4376 4377//4377 4376//4376 
f 4376//4376 4377//4377 4377//4377 
f 4377//4377 4378//4378 4377//4377 
f 4377//4377 4378//4378 4379//4379 
f 4378//4378 4380//4380 4379//4379 
f 4379//4379 4380//4380 4380//4380 
f 4380//4380 4381//4381 4380//4380 
f 4380//4380 4381//4381 4381//4381 
f 4381//4381 4382//4382 4381//4381 
f 4381//4381 4382//4382 4383//4383 
f 4382//4382 4384//4384 4383//4383 
f 4383//4383 4384//4384 4384//4384 
f 4384//4384 4385//4385 4384//4384 
f 4384//4384 4385//4385 4385//4385 
f 4385//4385 4386//4386 4385//4385 
f 4385//4385 4386//4386 4387//4387 
f 4386//4386 4388//4388 4387//4387 
f 4387//4387 4388//4388 4388//4388 
f 4388//4388 4389//4389 4388//4388 
f 4388//4388 4389//4389 4389//4389 
f 4389//4389 4390//4390 4389//4389 
f 4389//4389 4390//4390 4391//4391 
f 4390//4390 4392//4392 4391//4391 
f 4391//4391 4392//4392 4392//4392 
f 4392//4392 4393//4393 4392//4392 
f 4392//4392 4393//4393 4393//4393 
f 4393//4393 4394//4394 4393//4393 
f 4393//4393 4394//4394 4395//4395 
f 4394//4394 4396//4396 4395//4395 
f 4395//4395 4396//4396 4396//4396 
f 4396//4396 4397//4397 4396//4396 
f 4396//4396 4397//4397 4397//4397 
f 4397//4397 4398//4398 4397//4397 
f 4397//4397 4398//4398 4399//4399 
f 4398//4398 4400//4400 4399//4399 
f 4399//4399 4400//4400 4400//4400 
f 4400//4400 4401//4401 4400//4400 
f 4400//4400 4401//4401 4401//4401 
f 4401//4401 4402//4402 4401//4401 
f 4401//4401 4402//4402 4403//4403 
f 4402//4402 4404//4404 4403//4403 
f 4403//4403 4404//4404 4404//4404 
f 4404//4404 4405//4405 4404//4404 
f 4404//4404 4405//4405 4405//4405 
f 4405//4405 4406//4406 4405//4405 
f 4405//4405 4406//4406 4407//4407 
f 4406//4406 4408//4408 4407//4407 
f 4407//4407 4408//4408 4408//4408 
f 4408//4408 4409//4409 4408//4408 
f 4408//4408 4409//4409 4409//4409 
f 4409//4409 4410//4410 4409//4409 
f 4409//4409 4410//4410 4411//4411 
f 4410//4410 4412//4412 4411//4411 
f 4411//4411 4412//4412 4412//4412 
f 4412//4412 4413//4413 4412//4412 
f 4412//4412 4413//4413 4413//4413 
f 4413//4413 4414//4414 4413//4413 
f 4413//4413 4414//4414 4415//4415 
f 4414//4414 4416//4416 4415//4415 
f 4415//4415 4416//4416 4416//4416 
f 4416//4416 4417//4417 4416//4416 
f 4416//4416 4417//4417 4417//4417 
f 4417//4417 4418//4418 4417//4417 
f 4417//4417 4418//4418 4419//4419 
f 4418//4418 4420//4420 4419//4419 
f 4419//4419 4420//4420 4420//4420 
f 4420//4420 4421//4421 4420//4420 
f 4420//4420 4421//4421 4421//4421 
f 4421//4421 4422//4422 4421//4421 
f 4421//4421 4422//4422 4423//4423 
f 4422//4422 4424//4424 4423//4423 
f 4423//4423 4424//4424 4424//4424 
f 4424//4424 4425//4425 4424//4424 
f 4424//4424 4425//4425 4425//4425 
f 4425//4425 4426//4426 4425//4425 
f 4425//4425 4426//4426 4427//4427 
f 4426//4426 4428//4428 4427//4427 
f 4427//4427 4428//4428 4428//4428 
f 4428//4428 4429//4429 4428//4428 
f 4428//4428 4429//4429 4429//4429 
f 4429//4429 4430//4430 4429//4429 
f 4429//4429 4430//4430 4431//4431 
f 4430//4430 4432//4432 4431//4431 
f 4431//4431 4432//4432 4432//4432 
f 4432//4432 4433//4433 4432//4432 
f 4432//4432 4433//4433 4433//4433 
f 4433//4433 4434//4434 4433//4433 
f 4433//4433 4434//4434 4435//4435 
f 4434//4434 4436//4436 4435//4435 
f 4435//4435 4436//4436 4436//4436 
f 4436//4436 4437//4437 4436//4436 
f 4436//4436 4437//4437 4437//4437 
f 4437//4437 4438//4438 4437//4437 
f 4437//4437 4438//4438 4439//4439 
f 4438//4438 4440//4440 4439//4439 
f 4439//4439 4440//4440 4440//4440 
f 4440//4440 4441//4441 4440//4440 
f 4440//4440 4441//4441 4441//4441 
f 4441//4441 4442//4442 4441//4441 
f 4441//4441 4442//4442 4443//4443 
f 4442//4442 4444//4444 4443//4443 
f 4443//4443 4444//4444 4444//4444 
f 4444//4444 4445//4445 4444//4444 
f 4444//4444 4445//4445 4445//4445 
f 4445//4445 4446//4446 4445//4445 
f 4445//4445 4446//4446 4447//4447 
f 4446//4446 4448//4448 4447//4447 
f 4447//4447 4448//4448 4448//4448 
f 4448//4448 4449//4449 4448//4448 
f 4448//4448 4449//4449 4449//4449 
f 4449//4449 4450//4450 4449//4449 
f 4449//4449 4450//4450 4451//4451 
f 4450//4450 4452//4452 4451//4451 
f 4451//4451 4452//4452 4452//4452 
f 4452//4452 4453//4453 4452//4452 
f 4452//4452 4453//4453 4453//4453 
f 4453//4453 4454//4454 4453//4453 
f 4453//4453 4454//4454 4455//4455 
f 4454//4454 4456//4456 4455//4455 
f 4455//4455 4456//4456 4456//4456 
f 4456//4456 4457//4457 4456//4456 
f 4456//4456 4457//4457 4457//4457 
f 4457//4457 4458//4458 4457//4457 
f 4457//4457 4458//4458 4459//4459 
f 4458//4458 4460//4460 4459//4459 
f 4459//4459 4460//4460 4460//4460 
f 4460//4460 4461//4461 4460//4460 
f 4460//4460 4461//4461 4461//4461 
f 4461//4461 4462//4462 4461//4461 
f 4461//4461 4462//4462 4463//4463 
f 4462//4462 4464//4464 4463//4463 
f 4463//4463 4464//4464 4464//4464 
f 4464//4464 4465//4465 4464//4464 
f 4464//4464 4465//4465 4465//4465 
f 4465//4465 4466//4466 4465//4465 
f 4465//4465 4466//4466 4467//4467 
f 4466//4466 4468//4468 4467//4467 
f 4467//4467 4468//4468 4468//4468 
f 4468//4468 4469//4469 4468//4468 
f 4468//4468 4469//4469 4469//4469 
f 4469//4469 4470//4470 4469//4469 
f 4469//4469 4470//4470 4471//4471 
f 4470//4470 4472//4472 4471//4471 
f 4471//4471 4472//4472 4472//4472 
f 4472//4472 4473//4473 4472//4472 
f 4472//4472 4473//4473 4473//4473 
f 4473//4473 4474//4474 4473//4473 
f 4473//4473 4474//4474 4475//4475 
f 4474//4474 4476//4476 4475//4475 
f 4475//4475 4476//4476 4476//4476 
f 4476//4476 4477//4477 4476//4476 
f 4476//4476 4477//4477 4477//4477 
f 4477//4477 4478//4478 4477//4477 
f 4477//4477 4478//4478 4479//4479 
f 4478//4478 4480//4480 4479//4479 
f 4479//4479 4480//4480 4480//4480 
f 4480//4480 4481//4481 4480//4480 
f 4480//4480 4481//4481 4481//4481 
f 4481//4481 4482//4482 4481//4481 
f 4481//4481 4482//4482 4483//4483 
f 4482//4482 4484//4484 4483//4483 
f 4483//4483 4484//4484 4484//4484 
f 4484//4484 4485//4485 4484//4484 
f 4484//4484 4485//4485 4485//4485 
f 4485//4485 4486//4486 4485//4485 
f 4485//4485 4486//4486 4487//4487 
f 4486//4486 4488//4488 4487//4487 
f 4487//4487 4488//4488 4488//4488 
f 4488//4488 4489//4489 4488//4488 
f 4488//4488 4489//4489 4489//4489 
f 4489//4489 4490//4490 4489//4489 
f 4489//4489 4490//4490 4491//4491 
f 4490//4490 4492//4492 4491//4491 
f 4491//4491 4492//4492 4492//4492 
f 4492//4492 4493//4493 4492//4492 
f 4492//4492 4493//4493 4493//4493 
f 4493//4493 4494//4494 4493//4493 
f 4493//4493 4494//4494 4495//4495 
f 4494//4494 4496//4496 4495//4495 
f 4495//4495 4496//4496 4496//4496 
f 4496//4496 4497//4497 4496//4496 
f 4496//4496 4497//4497 4497//4497 
f 4497//4497 4498//4498 4497//4497 
f 4497//4497 4498//4498 4499//4499 
f 4498//4498 4500//4500 4499//4499 
f 4499//4499 4500//4500 4500//4500 
f 4500//4500 4501//4501 4500//4500 
f 4500//4500 4501//4501 4501//4501 
f 4501//4501 4502//4502 4501//4501 
f 4501//4501 4502//4502 4503//4503 
f 4502//4502 4504//4504 4503//4503 
f 4503//4503 4504//4504 4504//4504 
f 4504//4504 4505//4505 4504//4504 
f 4504//4504 4505//4505 4505//4505 
f 4505//4505 4506//4506 4505//4505 
f 4505//4505 4506//4506 4507//4507 
f 4506//4506 4508//4508 4507//4507 
f 4507//4507 4508//4508 4508//4508 
f 4508//4508 4509//4509 4508//4508 
f 4508//4508 4509//4509 4509//4509 
f 4509//4509 4510//4510 4509//4509 
f 4509//4509 4510//4510 4511//4511 
f 4510//4510 4512//4512 4511//4511 
f 4511//4511 4512//4512 4512//4512 
f 4512//4512 4513//4513 4512//4512 
f 4512//4512 4513//4513 4513//4513 
f 4513//4513 4514//4514 4513//4513 
f 4513//4513 4514//4514 4515//4515 
f 4514//4514 4516//4516 4515//4515 
f 4515//4515 4516//4516 4516//4516 
f 4516//4516 4517//4517 4516//4516 
f 4516//4516 4517//4517 4517//4517 
f 4517//4517 4518//4518 4517//4517 
f 4517//4517 4518//4518 4519//4519 
f 4518//4518 4520//4520 4519//4519 
f 4519//4519 4520//4520 4520//4520 
f 4520//4520 4521//4521 4520//4520 
f 4520//4520 4521//4521 4521//4521 
f 4521//4521 4522//4522 4521//4521 
f 4521//4521 4522//4522 4523//4523 
f 4522//4522 4524//4524 4523//4523 
f 4523//4523 4524//4524 4524//4524 
f 4524//4524 4525//4525 4524//4524 
f 4524//4524 4525//4525 4525//4525 
f 4525//4525 4526//4526 4525//4525 
f 4525//4525 4526//4526 4527//4527 
f 4526//4526 4528//4528 4527//4527 
f 4527//4527 4528//4528 4528//4528 
f 4528//4528 4529//4529 4528//4528 
f 4528//4528 4529//4529 4529//4529 
f 4529//4529 4530//4530 4529//4529 
f 4529//4529 4530//4530 4531//4531 
f 4530//4530 4532//4532 4531//4531 
f 4531//4531 4532//4532 4532//4532 
f 4532//4532 4533//4533 4532//4532 
f 4532//4532 4533//4533 4533//4533 
f 4533//4533 4534//4534 4533//4533 
f 4533//4533 4534//4534 4535//4535 
f 4534//4534 4536//4536 4535//4535 
f 4535//4535 4536//4536 4536//4536 
f 4536//4536 4537//4537 4536//4536 
f 4536//4536 4537//4537 4537//4537 
f 4537//4537 4538//4538 4537//4537 
f 4537//4537 4538//4538 4539//4539 
f 4538//4538 4540//4540 4539//4539 
f 4539//4539 4540//4540 4540//4540 
f 4540//4540 4541//4541 4540//4540 
f 4540//4540 4541//4541 4541//4541 
f 4541//4541 4542//4542 4541//4541 
f 4541//4541 4542//4542 4543//4543 
f 4542//4542 4544//4544 4543//4543 
f 4543//4543 4544//4544 4544//4544 
f 4544//4544 4545//4545 4544//4544 
f 4544//4544 4545//4545 4545//4545 
f 4545//4545 4546//4546 4545//4545 
f 4545//4545 4546//4546 4547//4547 
f 4546//4546 4548//4548 4547//4547 
f 4547//4547 4548//4548 4548//4548 
f 4548//4548 4549//4549 4548//4548 
f 4548//4548 4549//4549 4549//4549 
f 4549//4549 4550//4550 4549//4549 
f 4549//4549 4550//4550 4551//4551 
f 4550//4550 4552//4552 4551//4551 
f 4551//4551 4552//4552 4552//4552 
f 4552//4552 4553//4553 4552//4552 
f 4552//4552 4553//4553 4553//4553 
f 4553//4553 4554//4554 4553//4553 
f 4553//4553 4554//4554 4555//4555 
f 4554//4554 4556//4556 4555//4555 
f 4555//4555 4556//4556 4556//4556 
f 4556//4556 4557//4557 4556//4556 
f 4556//4556 4557//4557 4557//4557 
f 4557//4557 4558//4558 4557//4557 
f 4557//4557 4558//4558 4559//4559 
f 4558//4558 4560//4560 4559//4559 
f 4559//4559 4560//4560 4560//4560 
f 4560//4560 4561//4561 4560//4560 
f 4560//4560 4561//4561 4561//4561 
f 4561//4561 4562//4562 4561//4561 
f 4561//4561 4562//4562 4563//4563 
f 4562//4562 4564//4564 4563//4563 
f 4563//4563 4564//4564 4564//4564 
f 4564//4564 4565//4565 4564//4564 
f 4564//4564 4565//4565 4565//4565 
f 4565//4565 4566//4566 4565//4565 
f 4565//4565 4566//4566 4567//4567 
f 4566//4566 4568//4568 4567//4567 
f 4567//4567 4568//4568 4568//4568 
f 4568//4568 4569//4569 4568//4568 
f 4568//4568 4569//4569 4569//4569 
f 4569//4569 4570//4570 4569//4569 
f 4569//4569 4570//4570 4571//4571 
f 4570//4570 4572//4572 4571//4571 
f 4571//4571 4572//4572 4572//4572 
f 4572//4572 4573//4573 4572//4572 
f 4572//4572 4573//4573 4573//4573 
f 4573//4573 4574//4574 4573//4573 
f 4573//4573 4574//4574 4575//4575 
f 4574//4574 4576//4576 4575//4575 
f 4575//4575 4576//4576 4576//4576 
f 4576//4576 4577//4577 4576//4576 
f 4576//4576 4577//4577 4577//4577 
f 4577//4577 4578//4578 4577//4577 
f 4577//4577 4578//4578 4579//4579 
f 4578//4578 4580//4580 4579//4579 
f 4579//4579 4580//4580 4580//4580 
f 4580//4580 4581//4581 4580//4580 
f 4580//4580 4581//4581 4581//4581 
f 4581//4581 4582//4582 4581//4581 
f 4581//4581 4582//4582 4583//4583 
f 4582//4582 4584//4584 4583//4583 
f 4583//4583 4584//4584 4584//4584 
f 4584//4584 4585//4585 4584//4584 
f 4584//4584 4585//4585 4585//4585 
f 4585//4585 4586//4586 4585//4585 
f 4585//4585 4586//4586 4587//4587 
f 4586//4586 4588//4588 4587//4587 
f 4587//4587 4588//4588 4588//4588 
f 4588//4588 4589//4589 4588//4588 
f 4588//4588 4589//4589 4589//4589 
f 4589//4589 4590//4590 4589//4589 
f 4589//4589 4590//4590 4591//4591 
f 4590//4590 4592//4592 4591//4591 
f 4591//4591 4592//4592 4592//4592 
f 4592//4592 4593//4593 4592//4592 
f 4592//4592 4593//4593 4593//4593 
f 4593//4593 4594//4594 4593//4593 
f 4593//4593 4594//4594 4595//4595 
f 4594//4594 4596//4596 4595//4595 
f 4595//4595 4596//4596 4596//4596 
f 4596//4596 4597//4597 4596//4596 
f 4596//4596 4597//4597 4597//4597 
f 4597//4597 4598//4598 4597//4597 
f 4597//4597 4598//4598 4599//4599 
f 4598//4598 4600//4600 4599//4599 
f 4599//4599 4600//4600 4600//4600 
f 4600//4600 4601//4601 4600//4600 
f 4600//4600 4601//4601 4601//4601 
f 4601//4601 4602//4602 4601//4601 
f 4601//4601 4602//4602 4603//4603 
f 4602//4602 4604//4604 4603//4603 
f 4603//4603 4604//4604 4604//4604 
f 4604//4604 4605//4605 4604//4604 
f 4604//4604 4605//4605 4605//4605 
f 4605//4605 4606//4606 4605//4605 
f 4605//4605 4606//4606 4607//4607 
f 4606//4606 4608//4608 4607//4607 
f 4607//4607 4608//4608 4608//4608 
f 4608//4608 4609//4609 4608//4608 
f 4608//4608 4609//4609 4609//4609 
f 4609//4609 4610//4610 4609//4609 
f 4609//4609 4610//4610 4611//4611 
f 4610//4610 4612//4612 4611//4611 
f 4611//4611 4612//4612 4612//4612 
f 4612//4612 4613//4613 4612//4612 
f 4612//4612 4613//4613 4613//4613 
f 4613//4613 4614//4614 4613//4613 
f 4613//4613 4614//4614 4615//4615 
f 4614//4614 4616//4616 4615//4615 
f 4615//4615 4616//4616 4616//4616 
f 4616//4616 4617//4617 4616//4616 
f 4616//4616 4617//4617 4617//4617 
f 4617//4617 4618//4618 4617//4617 
f 4617//4617 4618//4618 4619//4619 
f 4618//4618 4620//4620 4619//4619 
f 4619//4619 4620//4620 4620//4620 
f 4620//4620 4621//4621 4620//4620 
f 4620//4620 4621//4621 4621//4621 
f 4621//4621 4622//4622 4621//4621 
f 4621//4621 4622//4622 4623//4623 
f 4622//4622 4624//4624 4623//4623 
f 4623//4623 4624//4624 4624//4624 
f 4624//4624 4625//4625 4624//4624 
f 4624//4624 4625//4625 4625//4625 
f 4625//4625 4626//4626 4625//4625 
f 4625//4625 4626//4626 4627//4627 
f 4626//4626 4628//4628 4627//4627 
f 4627//4627 4628//4628 4628//4628 
f 4628//4628 4629//4629 4628//4628 
f 4628//4628 4629//4629 4629//4629 
f 4629//4629 4630//4630 4629//4629 
f 4629//4629 4630//4630 4631//4631 
f 4630//4630 4632//4632 4631//4631 
f 4631//4631 4632//4632 4632//4632 
f 4632//4632 4633//4633 4632//4632 
f 4632//4632 4633//4633 4633//4633 
f 4633//4633 4634//4634 4633//4633 
f 4633//4633 4634//4634 4635//4635 
f 4634//4634 4636//4636 4635//4635 
f 4635//4635 4636//4636 4636//4636 
f 4636//4636 4637//4637 4636//4636 
f 4636//4636 4637//4637 4637//4637 
f 4637//4637 4638//4638 4637//4637 
f 4637//4637 4638//4638 4639//4639 
f 4638//4638 4640//4640 4639//4639 
f 4639//4639 4640//4640 4640//4640 
f 4640//4640 4641//4641 4640//4640 
f 4640//4640 4641//4641 4641//4641 
f 4641//4641 4642//4642 4641//4641 
f 4641//4641 4642//4642 4643//4643 
f 4642//4642 4644//4644 4643//4643 
f 4643//4643 4644//4644 4644//4644 
f 4644//4644 4645//4645 4644//4644 
f 4644//4644 4645//4645 4645//4645 
f 4645//4645 4646//4646 4645//4645 
f 4645//4645 4646//4646 4647//4647 
f 4646//4646 4648//4648 4647//4647 
f 4647//4647 4648//4648 4648//4648 
f 4648//4648 4649//4649 4648//4648 
f 4648//4648 4649//4649 4649//4649 
f 4649//4649 4650//4650 4649//4649 
f 4649//4649 4650//4650 4651//4651 
f 4650//4650 4652//4652 4651//4651 
f 4651//4651 4652//4652 4652//4652 
f 4652//4652 4653//4653 4652//4652 
f 4652//4652 4653//4653 4653//4653 
f 4653//4653 4654//4654 4653//4653 
f 4653//4653 4654//4654 4655//4655 
f 4654//4654 4656//4656 4655//4655 
f 4655//4655 4656//4656 4656//4656 
f 4656//4656 4657//4657 4656//4656 
f 4656//4656 4657//4657 4657//4657 
f 4657//4657 4658//4658 4657//4657 
f 4657//4657 4658//4658 4659//4659 
f 4658//4658 4660//4660 4659//4659 
f 4659//4659 4660//4660 4660//4660 
f 4660//4660 4661//4661 4660//4660 
f 4660//4660 4661//4661 4661//4661 
f 4661//4661 4662//4662 4661//4661 
f 4661//4661 4662//4662 4663//4663 
f 4662//4662 4664//4664 4663//4663 
f 4663//4663 4664//4664 4664//4664 
f 4664//4664 4665//4665 4664//4664 
f 4664//4664 4665//4665 4665//4665 
f 4665//4665 4666//4666 4665//4665 
f 4665//4665 4666//4666 4667//4667 
f 4666//4666 4668//4668 4667//4667 
f 4667//4667 4668//4668 4668//4668 
f 4668//4668 4669//4669 4668//4668 
f 4668//4668 4669//4669 4669//4669 
f 4669//4669 4670//4670 4669//4669 
f 4669//4669 4670//4670 4671//4671 
f 4670//4670 4672//4672 4671//4671 
f 4671//4671 4672//4672 4672//4672 
f 4672//4672 4673//4673 4672//4672 
f 4672//4672 4673//4673 4673//4673 
f 4673//4673 4674//4674 4673//4673 
f 4673//4673 4674//4674 4675//4675 
f 4674//4674 4676//4676 4675//4675 
f 4675//4675 4676//4676 4676//4676 
f 4676//4676 4677//4677 4676//4676 
f 4676//4676 4677//4677 4677//4677 
f 4677//4677 4678//4678 4677//4677 
f 4677//4677 4678//4678 4679//4679 
f 4678//4678 4680//4680 4679//4679 
f 4679//4679 4680//4680 4680//4680 
f 4680//4680 4681//4681 4680//4680 
f 4680//4680 4681//4681 4681//4681 
f 4681//4681 4682//4682 4681//4681 
f 4681//4681 4682//4682 4683//4683 
f 4682//4682 4684//4684 4683//4683 
f 4683//4683 4684//4684 4684//4684 
f 4684//4684 4685//4685 4684//4684 
f 4684//4684 4685//4685 4685//4685 
f 4685//4685 4686//4686 4685//4685 
f 4685//4685 4686//4686 4687//4687 
f 4686//4686 4688//4688 4687//4687 
f 4687//4687 4688//4688 4688//4688 
f 4688//4688 4689//4689 4688//4688 
f 4688//4688 4689//4689 4689//4689 
f 4689//4689 4690//4690 4689//4689 
f 4689//4689 4690//4690 4691//4691 
f 4690//4690 4692//4692 4691//4691 
f 4691//4691 4692//4692 4692//4692 
f 4692//4692 4693//4693 4692//4692 
f 4692//4692 4693//4693 4693//4693 
f 4693//4693 4694//4694 4693//4693 
f 4693//4693 4694//4694 4695//4695 
f 4694//4694 4696//4696 4695//4695 
f 4695//4695 4696//4696 4696//4696 
f 4696//4696 4697//4697 4696//4696 
f 4696//4696 4697//4697 4697//4697 
f 4697//4697 4698//4698 4697//4697 
f 4697//4697 4698//4698 4699//4699 
f 4698//4698 4700//4700 4699//4699 
f 4699//4699 4700//4700 4700//4700 
f 4700//4700 4701//4701 4700//4700 
f 4700//4700 4701//4701 4701//4701 
f 4701//4701 4702//4702 4701//4701 
f 4701//4701 4702//4702 4703//4703 
f 4702//4702 4704//4704 4703//4703 
f 4703//4703 4704//4704 4704//4704 
f 4704//4704 4705//4705 4704//4704 
f 4704//4704 4705//4705 4705//4705 
f 4705//4705 4706//4706 4705//4705 
f 4705//4705 4706//4706 4707//4707 
f 4706//4706 4708//4708 4707//4707 
f 4707//4707 4708//4708 4708//4708 
f 4708//4708 4709//4709 4708//4708 
f 4708//4708 4709//4709 4709//4709 
f 4709//4709 4710//4710 4709//4709 
f 4709//4709 4710//4710 4711//4711 
f 4710//4710 4712//4712 4711//4711 
f 4711//4711 4712//4712 4712//4712 
f 4712//4712 4713//4713 4712//4712 
f 4712//4712 4713//4713 4713//4713 
f 4713//4713 4714//4714 4713//4713 
f 4713//4713 4714//4714 4715//4715 
f 4714//4714 4716//4716 4715//4715 
f 4715//4715 4716//4716 4716//4716 
f 4716//4716 4717//4717 4716//4716 
f 4716//4716 4717//4717 4717//4717 
f 4717//4717 4718//4718 4717//4717 
f 4717//4717 4718//4718 4719//4719 
f 4718//4718 4720//4720 4719//4719 
f 4719//4719 4720//4720 4720//4720 
f 4720//4720 4721//4721 4720//4720 
f 4720//4720 4721//4721 4721//4721 
f 4721//4721 4722//4722 4721//4721 
f 4721//4721 4722//4722 4723//4723 
f 4722//4722 4724//4724 4723//4723 
f 4723//4723 4724//4724 4724//4724 
f 4724//4724 4725//4725 4724//4724 
f 4724//4724 4725//4725 4725//4725 
f 4725//4725 4726//4726 4725//4725 
f 4725//4725 4726//4726 4727//4727 
f 4726//4726 4728//4728 4727//4727 
f 4727//4727 4728//4728 4728//4728 
f 4728//4728 4729//4729 4728//4728 
f 4728//4728 4729//4729 4729//4729 
f 4729//4729 4730//4730 4729//4729 
f 4729//4729 4730//4730 4731//4731 
f 4730//4730 4732//4732 4731//4731 
f 4731//4731 4732//4732 4732//4732 
f 4732//4732 4733//4733 4732//4732 
f 4732//4732 4733//4733 4733//4733 
f 4733//4733 4734//4734 4733//4733 
f 4733//4733 4734//4734 4735//4735 
f 4734//4734 4736//4736 4735//4735 
f 4735//4735 4736//4736 4736//4736 
f 4736//4736 4737//4737 4736//4736 
f 4736//4736 4737//4737 4737//4737 
f 4737//4737 4738//4738 4737//4737 
f 4737//4737 4738//4738 4739//4739 
f 4738//4738 4740//4740 4739//4739 
f 4739//4739 4740//4740 4740//4740 
f 4740//4740 4741//4741 4740//4740 
f 4740//4740 4741//4741 4741//4741 
f 4741//4741 4742//4742 4741//4741 
f 4741//4741 4742//4742 4743//4743 
f 4742//4742 4744//4744 4743//4743 
f 4743//4743 4744//4744 4744//4744 
f 4744//4744 4745//4745 4744//4744 
f 4744//4744 4745//4745 4745//4745 
f 4745//4745 4746//4746 4745//4745 
f 4745//4745 4746//4746 4747//4747 
f 4746//4746 4748//4748 4747//4747 
f 4747//4747 4748//4748 4748//4748 
f 4748//4748 4749//4749 4748//4748 
f 4748//4748 4749//4749 4749//4749 
f 4749//4749 4750//4750 4749//4749 
f 4749//4749 4750//4750 4751//4751 
f 4750//4750 4752//4752 4751//4751 
f 4751//4751 4752//4752 4752//4752 
f 4752//4752 4753//4753 4752//4752 
f 4752//4752 4753//4753 4753//4753 
f 4753//4753 4754//4754 4753//4753 
f 4753//4753 4754//4754 4755//4755 
f 4754//4754 4756//4756 4755//4755 
f 4755//4755 4756//4756 4756//4756 
f 4756//4756 4757//4757 4756//4756 
f 4756//4756 4757//4757 4757//4757 
f 4757//4757 4758//4758 4757//4757 
f 4757//4757 4758//4758 4759//4759 
f 4758//4758 4760//4760 4759//4759 
f 4759//4759 4760//4760 4760//4760 
f 4760//4760 4761//4761 4760//4760 
f 4760//4760 4761//4761 4761//4761 
f 4761//4761 4762//4762 4761//4761 
f 4761//4761 4762//4762 4763//4763 
f 4762//4762 4764//4764 4763//4763 
f 4763//4763 4764//4764 4764//4764 
f 4764//4764 4765//4765 4764//4764 
f 4764//4764 4765//4765 4765//4765 
f 4765//4765 4766//4766 4765//4765 
f 4765//4765 4766//4766 4767//4767 
f 4766//4766 4768//4768 4767//4767 
f 4767//4767 4768//4768 4768//4768 
f 4768//4768 4769//4769 4768//4768 
f 4768//4768 4769//4769 4769//4769 
f 4769//4769 4770//4770 4769//4769 
f 4769//4769 4770//4770 4771//4771 
f 4770//4770 4772//4772 4771//4771 
f 4771//4771 4772//4772 4772//4772 
f 4772//4772 4773//4773 4772//4772 
f 4772//4772 4773//4773 4773//4773 
f 4773//4773 4774//4774 4773//4773 
f 4773//4773 4774//4774 4775//4775 
f 4774//4774 4776//4776 4775//4775 
f 4775//4775 4776//4776 4776//4776 
f 4776//4776 4777//4777 4776//4776 
f 4776//4776 4777//4777 4777//4777 
f 4777//4777 4778//4778 4777//4777 
f 4777//4777 4778//4778 4779//4779 
f 4778//4778 4780//4780 4779//4779 
f 4779//4779 4780//4780 4780//4780 
f 4780//4780 4781//4781 4780//4780 
f 4780//4780 4781//4781 4781//4781 
f 4781//4781 4782//4782 4781//4781 
f 4781//4781 4782//4782 4783//4783 
f 4782//4782 4784//4784 4783//4783 
f 4783//4783 4784//4784 4784//4784 
f 4784//4784 4785//4785 4784//4784 
f 4784//4784 4785//4785 4785//4785 
f 4785//4785 4786//4786 4785//4785 
f 4785//4785 4786//4786 4787//4787 
f 4786//4786 4788//4788 4787//4787 
f 4787//4787 4788//4788 4788//4788 
f 4788//4788 4789//4789 4788//4788 
f 4788//4788 4789//4789 4789//4789 
f 4789//4789 4790//4790 4789//4789 
f 4789//4789 4790//4790 4791//4791 
f 4790//4790 4792//4792 4791//4791 
f 4791//4791 4792//4792 4792//4792 
f 4792//4792 4793//4793 4792//4792 
f 4792//4792 4793//4793 4793//4793 
f 4793//4793 4794//4794 4793//4793 
f 4793//4793 4794//4794 4795//4795 
f 4794//4794 4796//4796 4795//4795 
f 4795//4795 4796//4796 4796//4796 
f 4796//4796 4797//4797 4796//4796 
f 4796//4796 4797//4797 4797//4797 
f 4797//4797 4798//4798 4797//4797 
f 4797//4797 4798//4798 4799//4799 
f 4798//4798 4800//4800 4799//4799 
f 4799//4799 4800//4800 4800//4800 
f 4800//4800 4801//4801 4800//4800 
f 4800//4800 4801//4801 4801//4801 
f 4801//4801 4802//4802 4801//4801 
f 4801//4801 4802//4802 4803//4803 
f 4802//4802 4804//4804 4803//4803 
f 4803//4803 4804//4804 4804//4804 
f 4804//4804 4805//4805 4804//4804 
f 4804//4804 4805//4805 4805//4805 
f 4805//4805 4806//4806 4805//4805 
f 4805//4805 4806//4806 4807//4807 
f 4806//4806 4808//4808 4807//4807 
f 4807//4807 4808//4808 4808//4808 
f 4808//4808 4809//4809 4808//4808 
f 4808//4808 4809//4809 4809//4809 
f 4809//4809 4810//4810 4809//4809 
f 4809//4809 4810//4810 4811//4811 
f 4810//4810 4812//4812 4811//4811 
f 4811//4811 4812//4812 4812//4812 
f 4812//4812 4813//4813 4812//4812 
f 4812//4812 4813//4813 4813//4813 
f 4813//4813 4814//4814 4813//4813 
f 4813//4813 4814//4814 4815//4815 
f 4814//4814 4816//4816 4815//4815 
f 4815//4815 4816//4816 4816//4816 
f 4816//4816 4817//4817 4816//4816 
f 4816//4816 4817//4817 4817//4817 
f 4817//4817 4818//4818 4817//4817 
f 4817//4817 4818//4818 4819//4819 
f 4818//4818 4820//4820 4819//4819 
f 4819//4819 4820//4820 4820//4820 
f 4820//4820 4821//4821 4820//4820 
f 4820//4820 4821//4821 4821//4821 
f 4821//4821 4822//4822 4821//4821 
f 4821//4821 4822//4822 4823//4823 
f 4822//4822 4824//4824 4823//4823 
f 4823//4823 4824//4824 4824//4824 
f 4824//4824 4825//4825 4824//4824 
f 4824//4824 4825//4825 4825//4825 
f 4825//4825 4826//4826 4825//4825 
f 4825//4825 4826//4826 4827//4827 
f 4826//4826 4828//4828 4827//4827 
f 4827//4827 4828//4828 4828//4828 
f 4828//4828 4829//4829 4828//4828 
f 4828//4828 4829//4829 4829//4829 
f 4829//4829 4830//4830 4829//4829 
f 4829//4829 4830//4830 4831//4831 
f 4830//4830 4832//4832 4831//4831 
f 4831//4831 4832//4832 4832//4832 
f 4832//4832 4833//4833 4832//4832 
f 4832//4832 4833//4833 4833//4833 
f 4833//4833 4834//4834 4833//4833 
f 4833//4833 4834//4834 4835//4835 
f 4834//4834 4836//4836 4835//4835 
f 4835//4835 4836//4836 4836//4836 
f 4836//4836 4837//4837 4836//4836 
f 4836//4836 4837//4837 4837//4837 
f 4837//4837 4838//4838 4837//4837 
f 4837//4837 4838//4838 4839//4839 
f 4838//4838 4840//4840 4839//4839 
f 4839//4839 4840//4840 4840//4840 
f 4840//4840 4841//4841 4840//4840 
f 4840//4840 4841//4841 4841//4841 
f 4841//4841 4842//4842 4841//4841 
f 4841//4841 4842//4842 4843//4843 
f 4842//4842 4844//4844 4843//4843 
f 4843//4843 4844//4844 4844//4844 
f 4844//4844 4845//4845 4844//4844 
f 4844//4844 4845//4845 4845//4845 
f 4845//4845 4846//4846 4845//4845 
f 4845//4845 4846//4846 4847//4847 
f 4846//4846 4848//4848 4847//4847 
f 4847//4847 4848//4848 4848//4848 
f 4848//4848 4849//4849 4848//4848 
f 4848//4848 4849//4849 4849//4849 
f 4849//4849 4850//4850 4849//4849 
f 4849//4849 4850//4850 4851//4851 
f 4850//4850 4852//4852 4851//4851 
f 4851//4851 4852//4852 4852//4852 
f 4852//4852 4853//4853 4852//4852 
f 4852//4852 4853//4853 4853//4853 
f 4853//4853 4854//4854 4853//4853 
f 4853//4853 4854//4854 4855//4855 
f 4854//4854 4856//4856 4855//4855 
f 4855//4855 4856//4856 4856//4856 
f 4856//4856 4857//4857 4856//4856 
f 4856//4856 4857//4857 4857//4857 
f 4857//4857 4858//4858 4857//4857 
f 4857//4857 4858//4858 4859//4859 
f 4858//4858 4860//4860 4859//4859 
f 4859//4859 4860//4860 4860//4860 
f 4860//4860 4861//4861 4860//4860 
f 4860//4860 4861//4861 4861//4861 
f 4861//4861 4862//4862 4861//4861 
f 4861//4861 4862//4862 4863//4863 
f 4862//4862 4864//4864 4863//4863 
f 4863//4863 4864//4864 4864//4864 
f 4864//4864 4865//4865 4864//4864 
f 4864//4864 4865//4865 4865//4865 
f 4865//4865 4866//4866 4865//4865 
f 4865//4865 4866//4866 4867//4867 
f 4866//4866 4868//4868 4867//4867 
f 4867//4867 4868//4868 4868//4868 
f 4868//4868 4869//4869 4868//4868 
f 4868//4868 4869//4869 4869//4869 
f 4869//4869 4870//4870 4869//4869 
f 4869//4869 4870//4870 4871//4871 
f 4870//4870 4872//4872 4871//4871 
f 4871//4871 4872//4872 4872//4872 
f 4872//4872 4873//4873 4872//4872 
f 4872//4872 4873//4873 4873//4873 
f 4873//4873 4874//4874 4873//4873 
f 4873//4873 4874//4874 4875//4875 
f 4874//4874 4876//4876 4875//4875 
f 4875//4875 4876//4876 4876//4876 
f 4876//4876 4877//4877 4876//4876 
f 4876//4876 4877//4877 4877//4877 
f 4877//4877 4878//4878 4877//4877 
f 4877//4877 4878//4878 4879//4879 
f 4878//4878 4880//4880 4879//4879 
f 4879//4879 4880//4880 4880//4880 
f 4880//4880 4881//4881 4880//4880 
f 4880//4880 4881//4881 4881//4881 
f 4881//4881 4882//4882 4881//4881 
f 4881//4881 4882//4882 4883//4883 
f 4882//4882 4884//4884 4883//4883 
f 4883//4883 4884//4884 4884//4884 
f 4884//4884 4885//4885 4884//4884 
f 4884//4884 4885//4885 4885//4885 
f 4885//4885 4886//4886 4885//4885 
f 4885//4885 4886//4886 4887//4887 
f 4886//4886 4888//4888 4887//4887 
f 4887//4887 4888//4888 4888//4888 
f 4888//4888 4889//4889 4888//4888 
f 4888//4888 4889//4889 4889//4889 
f 4889//4889 4890//4890 4889//4889 
f 4889//4889 4890//4890 4891//4891 
f 4890//4890 4892//4892 4891//4891 
f 4891//4891 4892//4892 4892//4892 
f 4892//4892 4893//4893 4892//4892 
f 4892//4892 4893//4893 4893//4893 
f 4893//4893 4894//4894 4893//4893 
f 4893//4893 4894//4894 4895//4895 
f 4894//4894 4896//4896 4895//4895 
f 4895//4895 4896//4896 4896//4896 
f 4896//4896 4897//4897 4896//4896 
f 4896//4896 4897//4897 4897//4897 
f 4897//4897 4898//4898 4897//4897 
f 4897//4897 4898//4898 4899//4899 
f 4898//4898 4900//4900 4899//4899 
f 4899//4899 4900//4900 4900//4900 
f 4900//4900 4901//4901 4900//4900 
f 4900//4900 4901//4901 4901//4901 
f 4901//4901 4902//4902 4901//4901 
f 4901//4901 4902//4902 4903//4903 
f 4902//4902 4904//4904 4903//4903 
f 4903//4903 4904//4904 4904//4904 
f 4904//4904 4905//4905 4904//4904 
f 4904//4904 4905//4905 4905//4905 
f 4905//4905 4906//4906 4905//4905 
f 4905//4905 4906//4906 4907//4907 
f 4906//4906 4908//4908 4907//4907 
f 4907//4907 4908//4908 4908//4908 
f 4908//4908 4909//4909 4908//4908 
f 4908//4908 4909//4909 4909//4909 
f 4909//4909 4910//4910 4909//4909 
f 4909//4909 4910//4910 4911//4911 
f 4910//4910 4912//4912 4911//4911 
f 4911//4911 4912//4912 4912//4912 
f 4912//4912 4913//4913 4912//4912 
f 4912//4912 4913//4913 4913//4913 
f 4913//4913 4914//4914 4913//4913 
f 4913//4913 4914//4914 4915//4915 
f 4914//4914 4916//4916 4915//4915 
f 4915//4915 4916//4916 4916//4916 
f 4916//4916 4917//4917 4916//4916 
f 4916//4916 4917//4917 4917//4917 
f 4917//4917 4918//4918 4917//4917 
f 4917//4917 4918//4918 4919//4919 
f 4918//4918 4920//4920 4919//4919 
f 4919//4919 4920//4920 4920//4920 
f 4920//4920 4921//4921 4920//4920 
f 4920//4920 4921//4921 4921//4921 
f 4921//4921 4922//4922 4921//4921 
f 4921//4921 4922//4922 4923//4923 
f 4922//4922 4924//4924 4923//4923 
f 4923//4923 4924//4924 4924//4924 
f 4924//4924 4925//4925 4924//4924 
f 4924//4924 4925//4925 4925//4925 
f 4925//4925 4926//4926 4925//4925 
f 4925//4925 4926//4926 4927//4927 
f 4926//4926 4928//4928 4927//4927 
f 4927//4927 4928//4928 4928//4928 
f 4928//4928 4929//4929 4928//4928 
f 4928//4928 4929//4929 4929//4929 
f 4929//4929 4930//4930 4929//4929 
f 4929//4929 4930//4930 4931//4931 
f 4930//4930 4932//4932 4931//4931 
f 4931//4931 4932//4932 4932//4932 
f 4932//4932 4933//4933 4932//4932 
f 4932//4932 4933//4933 4933//4933 
f 4933//4933 4934//4934 4933//4933 
f 4933//4933 4934//4934 4935//4935 
f 4934//4934 4936//4936 4935//4935 
f 4935//4935 4936//4936 4936//4936 
f 4936//4936 4937//4937 4936//4936 
f 4936//4936 4937//4937 4937//4937 
f 4937//4937 4938//4938 4937//4937 
f 4937//4937 4938//4938 4939//4939 
f 4938//4938 4940//4940 4939//4939 
f 4939//4939 4940//4940 4940//4940 
f 4940//4940 4941//4941 4940//4940 
f 4940//4940 4941//4941 4941//4941 
f 4941//4941 4942//4942 4941//4941 
f 4941//4941 4942//4942 4943//4943 
f 4942//4942 4944//4944 4943//4943 
f 4943//4943 4944//4944 4944//4944 
f 4944//4944 4945//4945 4944//4944 
f 4944//4944 4945//4945 4945//4945 
f 4945//4945 4946//4946 4945//4945 
f 4945//4945 4946//4946 4947//4947 
f 4946//4946 4948//4948 4947//4947 
f 4947//4947 4948//4948 4948//4948 
f 4948//4948 4949//4949 4948//4948 
f 4948//4948 4949//4949 4949//4949 
f 4949//4949 4950//4950 4949//4949 
f 4949//4949 4950//4950 4951//4951 
f 4950//4950 4952//4952 4951//4951 
f 4951//4951 4952//4952 4952//4952 
f 4952//4952 4953//4953 4952//4952 
f 4952//4952 4953//4953 4953//4953 
f 4953//4953 4954//4954 4953//4953 
f 4953//4953 4954//4954 4955//4955 
f 4954//4954 4956//4956 4955//4955 
f 4955//4955 4956//4956 4956//4956 
f 4956//4956 4957//4957 4956//4956 
f 4956//4956 4957//4957 4957//4957 
f 4957//4957 4958//4958 4957//4957 
f 4957//4957 4958//4958 4959//4959 
f 4958//4958 4960//4960 4959//4959 
f 4959//4959 4960//4960 4960//4960 
f 4960//4960 4961//4961 4960//4960 
f 4960//4960 4961//4961 4961//4961 
f 4961//4961 4962//4962 4961//4961 
f 4961//4961 4962//4962 4963//4963 
f 4962//4962 4964//4964 4963//4963 
f 4963//4963 4964//4964 4964//4964 
f 4964//4964 4965//4965 4964//4964 
f 4964//4964 4965//4965 4965//4965 
f 4965//4965 4966//4966 4965//4965 
f 4965//4965 4966//4966 4967//4967 
f 4966//4966 4968//4968 4967//4967 
f 4967//4967 4968//4968 4968//4968 
f 4968//4968 4969//4969 4968//4968 
f 4968//4968 4969//4969 4969//4969 
f 4969//4969 4970//4970 4969//4969 
f 4969//4969 4970//4970 4971//4971 
f 4970//4970 4972//4972 4971//4971 
f 4971//4971 4972//4972 4972//4972 
f 4972//4972 4973//4973 4972//4972 
f 4972//4972 4973//4973 4973//4973 
f 4973//4973 4974//4974 4973//4973 
f 4973//4973 4974//4974 4975//4975 
f 4974//4974 4976//4976 4975//4975 
f 4975//4975 4976//4976 4976//4976 
f 4976//4976 4977//4977 4976//4976 
f 4976//4976 4977//4977 4977//4977 
f 4977//4977 4978//4978 4977//4977 
f 4977//4977 4978//4978 4979//4979 
f 4978//4978 4980//4980 4979//4979 
f 4979//4979 4980//4980 4980//4980 
f 4980//4980 4981//4981 4980//4980 
f 4980//4980 4981//4981 4981//4981 
f 4981//4981 4982//4982 4981//4981 
f 4981//4981 4982//4982 4983//4983 
f 4982//4982 4984//4984 4983//4983 
f 4983//4983 4984//4984 4984//4984 
f 4984//4984 4985//4985 4984//4984 
f 4984//4984 4985//4985 4985//4985 
f 4985//4985 4986//4986 4985//4985 
f 4985//4985 4986//4986 4987//4987 
f 4986//4986 4988//4988 4987//4987 
f 4987//4987 4988//4988 4988//4988 
f 4988//4988 4989//4989 4988//4988 
f 4988//4988 4989//4989 4989//4989 
f 4989//4989 4990//4990 4989//4989 
f 4989//4989 4990//4990 4991//4991 
f 4990//4990 4992//4992 4991//4991 
f 4991//4991 4992//4992 4992//4992 
f 4992//4992 4993//4993 4992//4992 
f 4992//4992 4993//4993 4993//4993 
f 4993//4993 4994//4994 4993//4993 
f 4993//4993 4994//4994 4995//4995 
f 4994//4994 4996//4996 4995//4995 
f 4995//4995 4996//4996 4996//4996 
f 4996//4996 4997//4997 4996//4996 
f 4996//4996 4997//4997 4997//4997 
f 4997//4997 4998//4998 4997//4997 
f 4997//4997 4998//4998 4999//4999 
f 4998//4998 5000//5000 4999//4999 
f 4999//4999 5000//5000 5000//5000 
f 5000//5000 5001//5001 5000//5000 
f 5000//5000 5001//5001 5001//5001 
f 5001//5001 5002//5002 5001//5001 
f 5001//5001 5002//5002 5003//5003 
f 5002//5002 5004//5004 5003//5003 
f 5003//5003 5004//5004 5004//5004 
f 5004//5004 5005//5005 5004//5004 
f 5004//5004 5005//5005 5005//5005 
f 5005//5005 5006//5006 5005//5005 
f 5005//5005 5006//5006 5007//5007 
f 5006//5006 5008//5008 5007//5007 
f 5007//5007 5008//5008 5008//5008 
f 5008//5008 5009//5009 5008//5008 
f 5008//5008 5009//5009 5009//5009 
f 5009//5009 5010//5010 5009//5009 
f 5009//5009 5010//5010 5011//5011 
f 5010//5010 5012//5012 5011//5011 
f 5011//5011 5012//5012 5012//5012 
f 5012//5012 5013//5013 5012//5012 
f 5012//5012 5013//5013 5013//5013 
f 5013//5013 5014//5014 5013//5013 
f 5013//5013 5014//5014 5015//5015 
f 5014//5014 5016//5016 5015//5015 
f 5015//5015 5016//5016 5016//5016 
f 5016//5016 5017//5017 5016//5016 
f 5016//5016 5017//5017 5017//5017 
f 5017//5017 5018//5018 5017//5017 
f 5017//5017 5018//5018 5019//5019 
f 5018//5018 5020//5020 5019//5019 
f 5019//5019 5020//5020 5020//5020 
f 5020//5020 5021//5021 5020//5020 
f 5020//5020 5021//5021 5021//5021 
f 5021//5021 5022//5022 5021//5021 
f 5021//5021 5022//5022 5023//5023 
f 5022//5022 5024//5024 5023//5023 
f 5023//5023 5024//5024 5024//5024 
f 5024//5024 5025//5025 5024//5024 
f 5024//5024 5025//5025 5025//5025 
f 5025//5025 5026//5026 5025//5025 
f 5025//5025 5026//5026 5027//5027 
f 5026//5026 5028//5028 5027//5027 
f 5027//5027 5028//5028 5028//5028 
f 5028//5028 5029//5029 5028//5028 
f 5028//5028 5029//5029 5029//5029 
f 5029//5029 5030//5030 5029//5029 
f 5029//5029 5030//5030 5031//5031 
f 5030//5030 5032//5032 5031//5031 
f 5031//5031 5032//5032 5032//5032 
f 5032//5032 5033//5033 5032//5032 
f 5032//5032 5033//5033 5033//5033 
f 5033//5033 5034//5034 5033//5033 
f 5033//5033 5034//5034 5035//5035 
f 5034//5034 5036//5036 5035//5035 
f 5035//5035 5036//5036 5036//5036 
f 5036//5036 5037//5037 5036//5036 
f 5036//5036 5037//5037 5037//5037 
f 5037//5037 5038//5038 5037//5037 
f 5037//5037 5038//5038 5039//5039 
f 5038//5038 5040//5040 5039//5039 
f 5039//5039 5040//5040 5040//5040 
f 5040//5040 5041//5041 5040//5040 
f 5040//5040 5041//5041 5041//5041 
f 5041//5041 5042//5042 5041//5041 
f 5041//5041 5042//5042 5043//5043 
f 5042//5042 5044//5044 5043//5043 
f 5043//5043 5044//5044 5044//5044 
f 5044//5044 5045//5045 5044//5044 
f 5044//5044 5045//5045 5045//5045 
f 5045//5045 5046//5046 5045//5045 
f 5045//5045 5046//5046 5047//5047 
f 5046//5046 5048//5048 5047//5047 
f 5047//5047 5048//5048 5048//5048 
f 5048//5048 5049//5049 5048//5048 
f 5048//5048 5049//5049 5049//5049 
f 5049//5049 5050//5050 5049//5049 
f 5049//5049 5050//5050 5051//5051 
f 5050//5050 5052//5052 5051//5051 
f 5051//5051 5052//5052 5052//5052 
f 5052//5052 5053//5053 5052//5052 
f 5052//5052 5053//5053 5053//5053 
f 5053//5053 5054//5054 5053//5053 
f 5053//5053 5054//5054 5055//5055 
f 5054//5054 5056//5056 5055//5055 
f 5055//5055 5056//5056 5056//5056 
f 5056//5056 5057//5057 5056//5056 
f 5056//5056 5057//5057 5057//5057 
f 5057//5057 5058//5058 5057//5057 
f 5057//5057 5058//5058 5059//5059 
f 5058//5058 5060//5060 5059//5059 
f 5059//5059 5060//5060 5060//5060 
f 5060//5060 5061//5061 5060//5060 
f 5060//5060 5061//5061 5061//5061 
f 5061//5061 5062//5062 5061//5061 
f 5061//5061 5062//5062 5063//5063 
f 5062//5062 5064//5064 5063//5063 
f 5063//5063 5064//5064 5064//5064 
f 5064//5064 5065//5065 5064//5064 
f 5064//5064 5065//5065 5065//5065 
f 5065//5065 5066//5066 5065//5065 
f 5065//5065 5066//5066 5067//5067 
f 5066//5066 5068//5068 5067//5067 
f 5067//5067 5068//5068 5068//5068 
f 5068//5068 5069//5069 5068//5068 
f 5068//5068 5069//5069 5069//5069 
f 5069//5069 5070//5070 5069//5069 
f 5069//5069 5070//5070 5071//5071 
f 5070//5070 5072//5072 5071//5071 
f 5071//5071 5072//5072 5072//5072 
f 5072//5072 5073//5073 5072//5072 
f 5072//5072 5073//5073 5073//5073 
f 5073//5073 5074//5074 5073//5073 
f 5073//5073 5074//5074 5075//5075 
f 5074//5074 5076//5076 5075//5075 
f 5075//5075 5076//5076 5076//5076 
f 5076//5076 5077//5077 5076//5076 
f 5076//5076 5077//5077 5077//5077 
f 5077//5077 5078//5078 5077//5077 
f 5077//5077 5078//5078 5079//5079 
f 5078//5078 5080//5080 5079//5079 
f 5079//5079 5080//5080 5080//5080 
f 5080//5080 5081//5081 5080//5080 
f 5080//5080 5081//5081 5081//5081 
f 5081//5081 5082//5082 5081//5081 
f 5081//5081 5082//5082 5083//5083 
f 5082//5082 5084//5084 5083//5083 
f 5083//5083 5084//5084 5084//5084 
f 5084//5084 5085//5085 5084//5084 
f 5084//5084 5085//5085 5085//5085 
f 5085//5085 5086//5086 5085//5085 
f 5085//5085 5086//5086 5087//5087 
f 5086//5086 5088//5088 5087//5087 
f 5087//5087 5088//5088 5088//5088 
f 5088//5088 5089//5089 5088//5088 
f 5088//5088 5089//5089 5089//5089 
f 5089//5089 5090//5090 5089//5089 
f 5089//5089 5090//5090 5091//5091 
f 5090//5090 5092//5092 5091//5091 
f 5091//5091 5092//5092 5092//5092 
f 5092//5092 5093//5093 5092//5092 
f 5092//5092 5093//5093 5093//5093 
f 5093//5093 5094//5094 5093//5093 
f 5093//5093 5094//5094 5095//5095 
f 5094//5094 5096//5096 5095//5095 
f 5095//5095 5096//5096 5096//5096 
f 5096//5096 5097//5097 5096//5096 
f 5096//5096 5097//5097 5097//5097 
f 5097//5097 5098//5098 5097//5097 
f 5097//5097 5098//5098 5099//5099 
f 5098//5098 5100//5100 5099//5099 
f 5099//5099 5100//5100 5100//5100 
f 5100//5100 5101//5101 5100//5100 
f 5100//5100 5101//5101 5101//5101 
f 5101//5101 5102//5102 5101//5101 
f 5101//5101 5102//5102 5103//5103 
f 5102//5102 5104//5104 5103//5103 
f 5103//5103 5104//5104 5104//5104 
f 5104//5104 5105//5105 5104//5104 
f 5104//5104 5105//5105 5105//5105 
f 5105//5105 5106//5106 5105//5105 
f 5105//5105 5106//5106 5107//5107 
f 5106//5106 5108//5108 5107//5107 
f 5107//5107 5108//5108 5108//5108 
f 5108//5108 5109//5109 5108//5108 
f 5108//5108 5109//5109 5109//5109 
f 5109//5109 5110//5110 5109//5109 
f 5109//5109 5110//5110 5111//5111 
f 5110//5110 5112//5112 5111//5111 
f 5111//5111 5112//5112 5112//5112 
f 5112//5112 5113//5113 5112//5112 
f 5112//5112 5113//5113 5113//5113 
f 5113//5113 5114//5114 5113//5113 
f 5113//5113 5114//5114 5115//5115 
f 5114//5114 5116//5116 5115//5115 
f 5115//5115 5116//5116 5116//5116 
f 5116//5116 5117//5117 5116//5116 
f 5116//5116 5117//5117 5117//5117 
f 5117//5117 5118//5118 5117//5117 
f 5117//5117 5118//5118 5119//5119 
f 5118//5118 5120//5120 5119//5119 
f 5119//5119 5120//5120 5120//5120 
f 5120//5120 5121//5121 5120//5120 
f 5120//5120 5121//5121 5121//5121 
f 5121//5121 5122//5122 5121//5121 
f 5121//5121 5122//5122 5123//5123 
f 5122//5122 5124//5124 5123//5123 
f 5123//5123 5124//5124 5124//5124 
f 5124//5124 5125//5125 5124//5124 
f 5124//5124 5125//5125 5125//5125 
f 5125//5125 5126//5126 5125//5125 
f 5125//5125 5126//5126 5127//5127 
f 5126//5126 5128//5128 5127//5127 
f 5127//5127 5128//5128 5128//5128 
f 5128//5128 5129//5129 5128//5128 
f 5128//5128 5129//5129 5129//5129 
f 5129//5129 5130//5130 5129//5129 
f 5129//5129 5130//5130 5131//5131 
f 5130//5130 5132//5132 5131//5131 
f 5131//5131 5132//5132 5132//5132 
f 5132//5132 5133//5133 5132//5132 
f 5132//5132 5133//5133 5133//5133 
f 5133//5133 5134//5134 5133//5133 
f 5133//5133 5134//5134 5135//5135 
f 5134//5134 5136//5136 5135//5135 
f 5135//5135 5136//5136 5136//5136 
f 5136//5136 5137//5137 5136//5136 
f 5136//5136 5137//5137 5137//5137 
f 5137//5137 5138//5138 5137//5137 
f 5137//5137 5138//5138 5139//5139 
f 5138//5138 5140//5140 5139//5139 
f 5139//5139 5140//5140 5140//5140 
f 5140//5140 5141//5141 5140//5140 
f 5140//5140 5141//5141 5141//5141 
f 5141//5141 5142//5142 5141//5141 
f 5141//5141 5142//5142 5143//5143 
f 5142//5142 5144//5144 5143//5143 
f 5143//5143 5144//5144 5144//5144 
f 5144//5144 5145//5145 5144//5144 
f 5144//5144 5145//5145 5145//5145 
f 5145//5145 5146//5146 5145//5145 
f 5145//5145 5146//5146 5147//5147 
f 5146//5146 5148//5148 5147//5147 
f 5147//5147 5148//5148 5148//5148 
f 5148//5148 5149//5149 5148//5148 
f 5148//5148 5149//5149 5149//5149 
f 5149//5149 5150//5150 5149//5149 
f 5149//5149 5150//5150 5151//5151 
f 5150//5150 5152//5152 5151//5151 

